invoice_id,product_id,description,quantity,invoice_date,unit_price,customer_id,country
536365,85123A,WHITE HANGING HEART T-LIGHT HOLDER,6,2010-12-01T08:26:00,2.55,17850,United Kingdom
536365,71053,WHITE METAL LANTERN,6,2010-12-01T08:26:00,3.39,17850,United Kingdom
536365,84406B,CREAM CUPID HEARTS COAT HANGER,8,2010-12-01T08:26:00,2.75,17850,United Kingdom
536365,84029G,KNITTED UNION FLAG HOT WATER BOTTLE,6,2010-12-01T08:26:00,3.39,17850,United Kingdom
536365,84029E,RED WOOLLY HOTTIE WHITE HEART.,6,2010-12-01T08:26:00,3.39,17850,United Kingdom
536365,22752,SET 7 BABUSHKA NESTING BOXES,2,2010-12-01T08:26:00,7.65,17850,United Kingdom
536365,21730,GLASS STAR FROSTED T-LIGHT HOLDER,6,2010-12-01T08:26:00,4.25,17850,United Kingdom
536366,22633,HAND WARMER UNION JACK,6,2010-12-01T08:28:00,1.85,17850,United Kingdom
536366,22632,HAND WARMER RED POLKA DOT,6,2010-12-01T08:28:00,1.85,17850,United Kingdom
536367,84879,ASSORTED COLOUR BIRD ORNAMENT,32,2010-12-01T08:34:00,1.69,13047,United Kingdom
536367,22745,POPPY'S PLAYHOUSE BEDROOM ,6,2010-12-01T08:34:00,2.1,13047,United Kingdom
536367,22748,POPPY'S PLAYHOUSE KITCHEN,6,2010-12-01T08:34:00,2.1,13047,United Kingdom
536367,22749,FELTCRAFT PRINCESS CHARLOTTE DOLL,8,2010-12-01T08:34:00,3.75,13047,United Kingdom
536367,22310,IVORY KNITTED MUG COSY ,6,2010-12-01T08:34:00,1.65,13047,United Kingdom
536367,84969,BOX OF 6 ASSORTED COLOUR TEASPOONS,6,2010-12-01T08:34:00,4.25,13047,United Kingdom
536367,22623,BOX OF VINTAGE JIGSAW BLOCKS ,3,2010-12-01T08:34:00,4.95,13047,United Kingdom
536367,22622,BOX OF VINTAGE ALPHABET BLOCKS,2,2010-12-01T08:34:00,9.95,13047,United Kingdom
536367,21754,HOME BUILDING BLOCK WORD,3,2010-12-01T08:34:00,5.95,13047,United Kingdom
536367,21755,LOVE BUILDING BLOCK WORD,3,2010-12-01T08:34:00,5.95,13047,United Kingdom
536367,21777,RECIPE BOX WITH METAL HEART,4,2010-12-01T08:34:00,7.95,13047,United Kingdom
536367,48187,DOORMAT NEW ENGLAND,4,2010-12-01T08:34:00,7.95,13047,United Kingdom
536368,22960,JAM MAKING SET WITH JARS,6,2010-12-01T08:34:00,4.25,13047,United Kingdom
536368,22913,RED COAT RACK PARIS FASHION,3,2010-12-01T08:34:00,4.95,13047,United Kingdom
536368,22912,YELLOW COAT RACK PARIS FASHION,3,2010-12-01T08:34:00,4.95,13047,United Kingdom
536368,22914,BLUE COAT RACK PARIS FASHION,3,2010-12-01T08:34:00,4.95,13047,United Kingdom
536369,21756,BATH BUILDING BLOCK WORD,3,2010-12-01T08:35:00,5.95,13047,United Kingdom
536370,22728,ALARM CLOCK BAKELIKE PINK,24,2010-12-01T08:45:00,3.75,12583,France
536370,22727,ALARM CLOCK BAKELIKE RED ,24,2010-12-01T08:45:00,3.75,12583,France
536370,22726,ALARM CLOCK BAKELIKE GREEN,12,2010-12-01T08:45:00,3.75,12583,France
536370,21724,PANDA AND BUNNIES STICKER SHEET,12,2010-12-01T08:45:00,0.85,12583,France
536370,21883,STARS GIFT TAPE ,24,2010-12-01T08:45:00,0.65,12583,France
536370,10002,INFLATABLE POLITICAL GLOBE ,48,2010-12-01T08:45:00,0.85,12583,France
536370,21791,VINTAGE HEADS AND TAILS CARD GAME ,24,2010-12-01T08:45:00,1.25,12583,France
536370,21035,SET/2 RED RETROSPOT TEA TOWELS ,18,2010-12-01T08:45:00,2.95,12583,France
536370,22326,ROUND SNACK BOXES SET OF4 WOODLAND ,24,2010-12-01T08:45:00,2.95,12583,France
536370,22629,SPACEBOY LUNCH BOX ,24,2010-12-01T08:45:00,1.95,12583,France
536370,22659,LUNCH BOX I LOVE LONDON,24,2010-12-01T08:45:00,1.95,12583,France
536370,22631,CIRCUS PARADE LUNCH BOX ,24,2010-12-01T08:45:00,1.95,12583,France
536370,22661,CHARLOTTE BAG DOLLY GIRL DESIGN,20,2010-12-01T08:45:00,0.85,12583,France
536370,21731,RED TOADSTOOL LED NIGHT LIGHT,24,2010-12-01T08:45:00,1.65,12583,France
536370,22900, SET 2 TEA TOWELS I LOVE LONDON ,24,2010-12-01T08:45:00,2.95,12583,France
536370,21913,VINTAGE SEASIDE JIGSAW PUZZLES,12,2010-12-01T08:45:00,3.75,12583,France
536370,22540,MINI JIGSAW CIRCUS PARADE ,24,2010-12-01T08:45:00,0.42,12583,France
536370,22544,MINI JIGSAW SPACEBOY,24,2010-12-01T08:45:00,0.42,12583,France
536370,22492,MINI PAINT SET VINTAGE ,36,2010-12-01T08:45:00,0.65,12583,France
536370,POST,POSTAGE,3,2010-12-01T08:45:00,18,12583,France
536371,22086,PAPER CHAIN KIT 50'S CHRISTMAS ,80,2010-12-01T09:00:00,2.55,13748,United Kingdom
536372,22632,HAND WARMER RED POLKA DOT,6,2010-12-01T09:01:00,1.85,17850,United Kingdom
536372,22633,HAND WARMER UNION JACK,6,2010-12-01T09:01:00,1.85,17850,United Kingdom
536373,85123A,WHITE HANGING HEART T-LIGHT HOLDER,6,2010-12-01T09:02:00,2.55,17850,United Kingdom
536373,71053,WHITE METAL LANTERN,6,2010-12-01T09:02:00,3.39,17850,United Kingdom
536373,84406B,CREAM CUPID HEARTS COAT HANGER,8,2010-12-01T09:02:00,2.75,17850,United Kingdom
536373,20679,EDWARDIAN PARASOL RED,6,2010-12-01T09:02:00,4.95,17850,United Kingdom
536373,37370,RETRO COFFEE MUGS ASSORTED,6,2010-12-01T09:02:00,1.06,17850,United Kingdom
536373,21871,SAVE THE PLANET MUG,6,2010-12-01T09:02:00,1.06,17850,United Kingdom
536373,21071,VINTAGE BILLBOARD DRINK ME MUG,6,2010-12-01T09:02:00,1.06,17850,United Kingdom
536373,21068,VINTAGE BILLBOARD LOVE/HATE MUG,6,2010-12-01T09:02:00,1.06,17850,United Kingdom
536373,82483,WOOD 2 DRAWER CABINET WHITE FINISH,2,2010-12-01T09:02:00,4.95,17850,United Kingdom
536373,82486,WOOD S/3 CABINET ANT WHITE FINISH,4,2010-12-01T09:02:00,6.95,17850,United Kingdom
536373,82482,WOODEN PICTURE FRAME WHITE FINISH,6,2010-12-01T09:02:00,2.1,17850,United Kingdom
536373,82494L,WOODEN FRAME ANTIQUE WHITE ,6,2010-12-01T09:02:00,2.55,17850,United Kingdom
536373,84029G,KNITTED UNION FLAG HOT WATER BOTTLE,6,2010-12-01T09:02:00,3.39,17850,United Kingdom
536373,84029E,RED WOOLLY HOTTIE WHITE HEART.,6,2010-12-01T09:02:00,3.39,17850,United Kingdom
536373,22752,SET 7 BABUSHKA NESTING BOXES,2,2010-12-01T09:02:00,7.65,17850,United Kingdom
536373,21730,GLASS STAR FROSTED T-LIGHT HOLDER,6,2010-12-01T09:02:00,4.25,17850,United Kingdom
536374,21258,VICTORIAN SEWING BOX LARGE,32,2010-12-01T09:09:00,10.95,15100,United Kingdom
536375,85123A,WHITE HANGING HEART T-LIGHT HOLDER,6,2010-12-01T09:32:00,2.55,17850,United Kingdom
536375,71053,WHITE METAL LANTERN,6,2010-12-01T09:32:00,3.39,17850,United Kingdom
536375,84406B,CREAM CUPID HEARTS COAT HANGER,8,2010-12-01T09:32:00,2.75,17850,United Kingdom
536375,20679,EDWARDIAN PARASOL RED,6,2010-12-01T09:32:00,4.95,17850,United Kingdom
536375,37370,RETRO COFFEE MUGS ASSORTED,6,2010-12-01T09:32:00,1.06,17850,United Kingdom
536375,21871,SAVE THE PLANET MUG,6,2010-12-01T09:32:00,1.06,17850,United Kingdom
536375,21071,VINTAGE BILLBOARD DRINK ME MUG,6,2010-12-01T09:32:00,1.06,17850,United Kingdom
536375,21068,VINTAGE BILLBOARD LOVE/HATE MUG,6,2010-12-01T09:32:00,1.06,17850,United Kingdom
536375,82483,WOOD 2 DRAWER CABINET WHITE FINISH,2,2010-12-01T09:32:00,4.95,17850,United Kingdom
536375,82486,WOOD S/3 CABINET ANT WHITE FINISH,4,2010-12-01T09:32:00,6.95,17850,United Kingdom
536375,82482,WOODEN PICTURE FRAME WHITE FINISH,6,2010-12-01T09:32:00,2.1,17850,United Kingdom
536375,82494L,WOODEN FRAME ANTIQUE WHITE ,6,2010-12-01T09:32:00,2.55,17850,United Kingdom
536375,84029G,KNITTED UNION FLAG HOT WATER BOTTLE,6,2010-12-01T09:32:00,3.39,17850,United Kingdom
536375,84029E,RED WOOLLY HOTTIE WHITE HEART.,6,2010-12-01T09:32:00,3.39,17850,United Kingdom
536375,22752,SET 7 BABUSHKA NESTING BOXES,2,2010-12-01T09:32:00,7.65,17850,United Kingdom
536375,21730,GLASS STAR FROSTED T-LIGHT HOLDER,6,2010-12-01T09:32:00,4.25,17850,United Kingdom
536376,22114,HOT WATER BOTTLE TEA AND SYMPATHY,48,2010-12-01T09:32:00,3.45,15291,United Kingdom
536376,21733,RED HANGING HEART T-LIGHT HOLDER,64,2010-12-01T09:32:00,2.55,15291,United Kingdom
536377,22632,HAND WARMER RED POLKA DOT,6,2010-12-01T09:34:00,1.85,17850,United Kingdom
536377,22633,HAND WARMER UNION JACK,6,2010-12-01T09:34:00,1.85,17850,United Kingdom
536378,22386,JUMBO BAG PINK POLKADOT,10,2010-12-01T09:37:00,1.95,14688,United Kingdom
536378,85099C,JUMBO  BAG BAROQUE BLACK WHITE,10,2010-12-01T09:37:00,1.95,14688,United Kingdom
536378,21033,JUMBO BAG CHARLIE AND LOLA TOYS,10,2010-12-01T09:37:00,2.95,14688,United Kingdom
536378,20723,STRAWBERRY CHARLOTTE BAG,10,2010-12-01T09:37:00,0.85,14688,United Kingdom
536378,84997B,RED 3 PIECE RETROSPOT CUTLERY SET,12,2010-12-01T09:37:00,3.75,14688,United Kingdom
536378,84997C,BLUE 3 PIECE POLKADOT CUTLERY SET,6,2010-12-01T09:37:00,3.75,14688,United Kingdom
536378,21094,SET/6 RED SPOTTY PAPER PLATES,12,2010-12-01T09:37:00,0.85,14688,United Kingdom
536378,20725,LUNCH BAG RED RETROSPOT,10,2010-12-01T09:37:00,1.65,14688,United Kingdom
536378,21559,STRAWBERRY LUNCH BOX WITH CUTLERY,6,2010-12-01T09:37:00,2.55,14688,United Kingdom
536378,22352,LUNCH BOX WITH CUTLERY RETROSPOT ,6,2010-12-01T09:37:00,2.55,14688,United Kingdom
536378,21212,PACK OF 72 RETROSPOT CAKE CASES,120,2010-12-01T09:37:00,0.42,14688,United Kingdom
536378,21975,PACK OF 60 DINOSAUR CAKE CASES,24,2010-12-01T09:37:00,0.55,14688,United Kingdom
536378,21977,PACK OF 60 PINK PAISLEY CAKE CASES,24,2010-12-01T09:37:00,0.55,14688,United Kingdom
536378,84991,60 TEATIME FAIRY CAKE CASES,24,2010-12-01T09:37:00,0.55,14688,United Kingdom
536378,84519A,TOMATO CHARLIE+LOLA COASTER SET,6,2010-12-01T09:37:00,2.95,14688,United Kingdom
536378,85183B,CHARLIE & LOLA WASTEPAPER BIN FLORA,48,2010-12-01T09:37:00,1.25,14688,United Kingdom
536378,85071B,RED CHARLIE+LOLA PERSONAL DOORSIGN,96,2010-12-01T09:37:00,0.38,14688,United Kingdom
536378,21931,JUMBO STORAGE BAG SUKI,10,2010-12-01T09:37:00,1.95,14688,United Kingdom
536378,21929,JUMBO BAG PINK VINTAGE PAISLEY,10,2010-12-01T09:37:00,1.95,14688,United Kingdom
536380,22961,JAM MAKING SET PRINTED,24,2010-12-01T09:41:00,1.45,17809,United Kingdom
536381,22139,RETROSPOT TEA SET CERAMIC 11 PC ,23,2010-12-01T09:41:00,4.25,15311,United Kingdom
536381,84854,GIRLY PINK TOOL SET,5,2010-12-01T09:41:00,4.95,15311,United Kingdom
536381,22411,JUMBO SHOPPER VINTAGE RED PAISLEY,10,2010-12-01T09:41:00,1.95,15311,United Kingdom
536381,82567,"AIRLINE LOUNGE,METAL SIGN",2,2010-12-01T09:41:00,2.1,15311,United Kingdom
536381,21672,WHITE SPOT RED CERAMIC DRAWER KNOB,6,2010-12-01T09:41:00,1.25,15311,United Kingdom
536381,22774,RED DRAWER KNOB ACRYLIC EDWARDIAN,24,2010-12-01T09:41:00,1.25,15311,United Kingdom
536381,22771,CLEAR DRAWER KNOB ACRYLIC EDWARDIAN,24,2010-12-01T09:41:00,1.25,15311,United Kingdom
536381,71270,PHOTO CLIP LINE,1,2010-12-01T09:41:00,1.25,15311,United Kingdom
536381,22262,FELT EGG COSY CHICKEN,1,2010-12-01T09:41:00,0.85,15311,United Kingdom
536381,22637,PIGGY BANK RETROSPOT ,1,2010-12-01T09:41:00,2.55,15311,United Kingdom
536381,21934,SKULL SHOULDER BAG,10,2010-12-01T09:41:00,1.65,15311,United Kingdom
536381,21169,YOU'RE CONFUSING ME METAL SIGN ,3,2010-12-01T09:41:00,1.69,15311,United Kingdom
536381,21166,COOK WITH WINE METAL SIGN ,1,2010-12-01T09:41:00,1.95,15311,United Kingdom
536381,21175,GIN + TONIC DIET METAL SIGN,2,2010-12-01T09:41:00,2.1,15311,United Kingdom
536381,37444A,YELLOW BREAKFAST CUP AND SAUCER,1,2010-12-01T09:41:00,2.95,15311,United Kingdom
536381,37444C,PINK BREAKFAST CUP AND SAUCER ,1,2010-12-01T09:41:00,2.95,15311,United Kingdom
536381,22086,PAPER CHAIN KIT 50'S CHRISTMAS ,4,2010-12-01T09:41:00,2.95,15311,United Kingdom
536381,22083,PAPER CHAIN KIT RETROSPOT,1,2010-12-01T09:41:00,2.95,15311,United Kingdom
536381,84971S,SMALL HEART FLOWERS HOOK ,6,2010-12-01T09:41:00,0.85,15311,United Kingdom
536381,71270,PHOTO CLIP LINE,3,2010-12-01T09:41:00,1.25,15311,United Kingdom
536381,47580,TEA TIME DES TEA COSY,2,2010-12-01T09:41:00,2.55,15311,United Kingdom
536381,22261,FELT EGG COSY WHITE RABBIT ,1,2010-12-01T09:41:00,0.85,15311,United Kingdom
536381,84832,ZINC WILLIE WINKIE  CANDLE STICK,1,2010-12-01T09:41:00,0.85,15311,United Kingdom
536381,22644,CERAMIC CHERRY CAKE MONEY BANK,1,2010-12-01T09:41:00,1.45,15311,United Kingdom
536381,21533,RETROSPOT LARGE MILK JUG,1,2010-12-01T09:41:00,4.95,15311,United Kingdom
536381,21557,SET OF 6 FUNKY BEAKERS,2,2010-12-01T09:41:00,2.95,15311,United Kingdom
536381,15056BL,EDWARDIAN PARASOL BLACK,2,2010-12-01T09:41:00,5.95,15311,United Kingdom
536381,15056N,EDWARDIAN PARASOL NATURAL,2,2010-12-01T09:41:00,5.95,15311,United Kingdom
536381,22646,CERAMIC STRAWBERRY CAKE MONEY BANK,4,2010-12-01T09:41:00,1.45,15311,United Kingdom
536381,22176,BLUE OWL SOFT TOY,1,2010-12-01T09:41:00,2.95,15311,United Kingdom
536381,22438,BALLOON ART MAKE YOUR OWN FLOWERS,1,2010-12-01T09:41:00,1.95,15311,United Kingdom
536381,21731,RED TOADSTOOL LED NIGHT LIGHT,2,2010-12-01T09:41:00,1.65,15311,United Kingdom
536381,22778,GLASS CLOCHE SMALL,3,2010-12-01T09:41:00,3.95,15311,United Kingdom
536381,22719,GUMBALL MONOCHROME COAT RACK,36,2010-12-01T09:41:00,1.06,15311,United Kingdom
536381,21523,DOORMAT FANCY FONT HOME SWEET HOME,10,2010-12-01T09:41:00,6.75,15311,United Kingdom
C536379,D,Discount,-1,2010-12-01T09:41:00,27.5,14527,United Kingdom
536382,10002,INFLATABLE POLITICAL GLOBE ,12,2010-12-01T09:45:00,0.85,16098,United Kingdom
536382,21912,VINTAGE SNAKES & LADDERS,8,2010-12-01T09:45:00,3.75,16098,United Kingdom
536382,21832,CHOCOLATE CALCULATOR,12,2010-12-01T09:45:00,1.65,16098,United Kingdom
536382,22411,JUMBO SHOPPER VINTAGE RED PAISLEY,10,2010-12-01T09:45:00,1.95,16098,United Kingdom
536382,22379,RECYCLING BAG RETROSPOT ,10,2010-12-01T09:45:00,2.1,16098,United Kingdom
536382,22381,TOY TIDY PINK POLKADOT,50,2010-12-01T09:45:00,1.85,16098,United Kingdom
536382,22798,ANTIQUE GLASS DRESSING TABLE POT,8,2010-12-01T09:45:00,2.95,16098,United Kingdom
536382,22726,ALARM CLOCK BAKELIKE GREEN,4,2010-12-01T09:45:00,3.75,16098,United Kingdom
536382,22926,IVORY GIANT GARDEN THERMOMETER,12,2010-12-01T09:45:00,5.95,16098,United Kingdom
536382,22839,3 TIER CAKE TIN GREEN AND CREAM,2,2010-12-01T09:45:00,14.95,16098,United Kingdom
536382,22838,3 TIER CAKE TIN RED AND CREAM,2,2010-12-01T09:45:00,14.95,16098,United Kingdom
536382,22783,SET 3 WICKER OVAL BASKETS W LIDS,4,2010-12-01T09:45:00,16.95,16098,United Kingdom
C536383,35004C,SET OF 3 COLOURED  FLYING DUCKS,-1,2010-12-01T09:49:00,4.65,15311,United Kingdom
536384,82484,WOOD BLACK BOARD ANT WHITE FINISH,3,2010-12-01T09:53:00,6.45,18074,United Kingdom
536384,84755,COLOUR GLASS T-LIGHT HOLDER HANGING,48,2010-12-01T09:53:00,0.65,18074,United Kingdom
536384,22464,HANGING METAL HEART LANTERN,12,2010-12-01T09:53:00,1.65,18074,United Kingdom
536384,21324,HANGING MEDINA LANTERN SMALL,6,2010-12-01T09:53:00,2.95,18074,United Kingdom
536384,22457,NATURAL SLATE HEART CHALKBOARD ,12,2010-12-01T09:53:00,2.95,18074,United Kingdom
536384,22469,HEART OF WICKER SMALL,40,2010-12-01T09:53:00,1.45,18074,United Kingdom
536384,22470,HEART OF WICKER LARGE,40,2010-12-01T09:53:00,2.55,18074,United Kingdom
536384,22224,WHITE LOVEBIRD LANTERN,6,2010-12-01T09:53:00,2.95,18074,United Kingdom
536384,21340,CLASSIC METAL BIRDCAGE PLANT HOLDER,2,2010-12-01T09:53:00,12.75,18074,United Kingdom
536384,22189,CREAM HEART CARD HOLDER,4,2010-12-01T09:53:00,3.95,18074,United Kingdom
536384,22427,ENAMEL FLOWER JUG CREAM,3,2010-12-01T09:53:00,5.95,18074,United Kingdom
536384,22428,ENAMEL FIRE BUCKET CREAM,6,2010-12-01T09:53:00,6.95,18074,United Kingdom
536384,22424,ENAMEL BREAD BIN CREAM,8,2010-12-01T09:53:00,10.95,18074,United Kingdom
536385,22783,SET 3 WICKER OVAL BASKETS W LIDS,1,2010-12-01T09:56:00,19.95,17420,United Kingdom
536385,22961,JAM MAKING SET PRINTED,12,2010-12-01T09:56:00,1.45,17420,United Kingdom
536385,22960,JAM MAKING SET WITH JARS,6,2010-12-01T09:56:00,4.25,17420,United Kingdom
536385,22663,JUMBO BAG DOLLY GIRL DESIGN,10,2010-12-01T09:56:00,1.95,17420,United Kingdom
536385,85049A,TRADITIONAL CHRISTMAS RIBBONS,12,2010-12-01T09:56:00,1.25,17420,United Kingdom
536385,22168,ORGANISER WOOD ANTIQUE WHITE ,2,2010-12-01T09:56:00,8.5,17420,United Kingdom
536385,22662,LUNCH BAG DOLLY GIRL DESIGN,10,2010-12-01T09:56:00,1.65,17420,United Kingdom
536386,84880,WHITE WIRE EGG HOLDER,36,2010-12-01T09:57:00,4.95,16029,United Kingdom
536386,85099C,JUMBO  BAG BAROQUE BLACK WHITE,100,2010-12-01T09:57:00,1.65,16029,United Kingdom
536386,85099B,JUMBO BAG RED RETROSPOT,100,2010-12-01T09:57:00,1.65,16029,United Kingdom
536387,79321,CHILLI LIGHTS,192,2010-12-01T09:58:00,3.82,16029,United Kingdom
536387,22780,LIGHT GARLAND BUTTERFILES PINK,192,2010-12-01T09:58:00,3.37,16029,United Kingdom
536387,22779,WOODEN OWLS LIGHT GARLAND ,192,2010-12-01T09:58:00,3.37,16029,United Kingdom
536387,22466,FAIRY TALE COTTAGE NIGHTLIGHT,432,2010-12-01T09:58:00,1.45,16029,United Kingdom
536387,21731,RED TOADSTOOL LED NIGHT LIGHT,432,2010-12-01T09:58:00,1.25,16029,United Kingdom
536388,21754,HOME BUILDING BLOCK WORD,3,2010-12-01T09:59:00,5.95,16250,United Kingdom
536388,21755,LOVE BUILDING BLOCK WORD,3,2010-12-01T09:59:00,5.95,16250,United Kingdom
536388,21523,DOORMAT FANCY FONT HOME SWEET HOME,2,2010-12-01T09:59:00,7.95,16250,United Kingdom
536388,21363,HOME SMALL WOOD LETTERS,3,2010-12-01T09:59:00,4.95,16250,United Kingdom
536388,21411,GINGHAM HEART  DOORSTOP RED,3,2010-12-01T09:59:00,4.25,16250,United Kingdom
536388,22318,FIVE HEART HANGING DECORATION,6,2010-12-01T09:59:00,2.95,16250,United Kingdom
536388,22464,HANGING METAL HEART LANTERN,12,2010-12-01T09:59:00,1.65,16250,United Kingdom
536388,22915,ASSORTED BOTTLE TOP  MAGNETS ,12,2010-12-01T09:59:00,0.42,16250,United Kingdom
536388,22922,FRIDGE MAGNETS US DINER ASSORTED,12,2010-12-01T09:59:00,0.85,16250,United Kingdom
536388,22969,HOMEMADE JAM SCENTED CANDLES,12,2010-12-01T09:59:00,1.45,16250,United Kingdom
536388,22923,FRIDGE MAGNETS LES ENFANTS ASSORTED,12,2010-12-01T09:59:00,0.85,16250,United Kingdom
536388,21115,ROSE CARAVAN DOORSTOP,4,2010-12-01T09:59:00,6.75,16250,United Kingdom
536388,22469,HEART OF WICKER SMALL,12,2010-12-01T09:59:00,1.65,16250,United Kingdom
536388,22242,5 HOOK HANGER MAGIC TOADSTOOL,12,2010-12-01T09:59:00,1.65,16250,United Kingdom
536389,22941,CHRISTMAS LIGHTS 10 REINDEER,6,2010-12-01T10:03:00,8.5,12431,Australia
536389,21622,VINTAGE UNION JACK CUSHION COVER,8,2010-12-01T10:03:00,4.95,12431,Australia
536389,21791,VINTAGE HEADS AND TAILS CARD GAME ,12,2010-12-01T10:03:00,1.25,12431,Australia
536389,35004C,SET OF 3 COLOURED  FLYING DUCKS,6,2010-12-01T10:03:00,5.45,12431,Australia
536389,35004G,SET OF 3 GOLD FLYING DUCKS,4,2010-12-01T10:03:00,6.35,12431,Australia
536389,85014B,RED RETROSPOT UMBRELLA,6,2010-12-01T10:03:00,5.95,12431,Australia
536389,85014A,BLACK/BLUE POLKADOT UMBRELLA,3,2010-12-01T10:03:00,5.95,12431,Australia
536389,22193,RED DINER WALL CLOCK,2,2010-12-01T10:03:00,8.5,12431,Australia
536389,22726,ALARM CLOCK BAKELIKE GREEN,4,2010-12-01T10:03:00,3.75,12431,Australia
536389,22727,ALARM CLOCK BAKELIKE RED ,4,2010-12-01T10:03:00,3.75,12431,Australia
536389,22192,BLUE DINER WALL CLOCK,2,2010-12-01T10:03:00,8.5,12431,Australia
536389,22191,IVORY DINER WALL CLOCK,2,2010-12-01T10:03:00,8.5,12431,Australia
536389,22195,LARGE HEART MEASURING SPOONS,24,2010-12-01T10:03:00,1.65,12431,Australia
536389,22196,SMALL HEART MEASURING SPOONS,24,2010-12-01T10:03:00,0.85,12431,Australia
536390,22941,CHRISTMAS LIGHTS 10 REINDEER,2,2010-12-01T10:19:00,8.5,17511,United Kingdom
536390,22960,JAM MAKING SET WITH JARS,12,2010-12-01T10:19:00,3.75,17511,United Kingdom
536390,22961,JAM MAKING SET PRINTED,12,2010-12-01T10:19:00,1.45,17511,United Kingdom
536390,22962,JAM JAR WITH PINK LID,48,2010-12-01T10:19:00,0.72,17511,United Kingdom
536390,22963,JAM JAR WITH GREEN LID,48,2010-12-01T10:19:00,0.72,17511,United Kingdom
536390,22968,ROSE COTTAGE KEEPSAKE BOX ,8,2010-12-01T10:19:00,8.5,17511,United Kingdom
536390,84970S,HANGING HEART ZINC T-LIGHT HOLDER,144,2010-12-01T10:19:00,0.64,17511,United Kingdom
536390,22910,PAPER CHAIN KIT VINTAGE CHRISTMAS,40,2010-12-01T10:19:00,2.55,17511,United Kingdom
536390,20668,DISCO BALL CHRISTMAS DECORATION,288,2010-12-01T10:19:00,0.1,17511,United Kingdom
536390,85123A,WHITE HANGING HEART T-LIGHT HOLDER,64,2010-12-01T10:19:00,2.55,17511,United Kingdom
536390,22197,SMALL POPCORN HOLDER,100,2010-12-01T10:19:00,0.72,17511,United Kingdom
536390,22198,LARGE POPCORN HOLDER ,50,2010-12-01T10:19:00,1.45,17511,United Kingdom
536390,21533,RETROSPOT LARGE MILK JUG,12,2010-12-01T10:19:00,4.25,17511,United Kingdom
536390,21080,SET/20 RED RETROSPOT PAPER NAPKINS ,96,2010-12-01T10:19:00,0.64,17511,United Kingdom
536390,21094,SET/6 RED SPOTTY PAPER PLATES,96,2010-12-01T10:19:00,0.64,17511,United Kingdom
536390,21086,SET/6 RED SPOTTY PAPER CUPS,48,2010-12-01T10:19:00,0.65,17511,United Kingdom
536390,21786,POLKADOT RAIN HAT ,144,2010-12-01T10:19:00,0.32,17511,United Kingdom
536390,22654,DELUXE SEWING KIT ,40,2010-12-01T10:19:00,4.95,17511,United Kingdom
536390,21485,RETROSPOT HEART HOT WATER BOTTLE,24,2010-12-01T10:19:00,4.25,17511,United Kingdom
536390,84029G,KNITTED UNION FLAG HOT WATER BOTTLE,24,2010-12-01T10:19:00,3.39,17511,United Kingdom
536390,84030E,ENGLISH ROSE HOT WATER BOTTLE,24,2010-12-01T10:19:00,3.75,17511,United Kingdom
536390,22174,PHOTO CUBE,48,2010-12-01T10:19:00,1.48,17511,United Kingdom
536390,22969,HOMEMADE JAM SCENTED CANDLES,96,2010-12-01T10:19:00,1.25,17511,United Kingdom
536390,85099B,JUMBO BAG RED RETROSPOT,100,2010-12-01T10:19:00,1.65,17511,United Kingdom
C536391,22556,PLASTERS IN TIN CIRCUS PARADE ,-12,2010-12-01T10:24:00,1.65,17548,United Kingdom
C536391,21984,PACK OF 12 PINK PAISLEY TISSUES ,-24,2010-12-01T10:24:00,0.29,17548,United Kingdom
C536391,21983,PACK OF 12 BLUE PAISLEY TISSUES ,-24,2010-12-01T10:24:00,0.29,17548,United Kingdom
C536391,21980,PACK OF 12 RED RETROSPOT TISSUES ,-24,2010-12-01T10:24:00,0.29,17548,United Kingdom
C536391,21484,CHICK GREY HOT WATER BOTTLE,-12,2010-12-01T10:24:00,3.45,17548,United Kingdom
C536391,22557,PLASTERS IN TIN VINTAGE PAISLEY ,-12,2010-12-01T10:24:00,1.65,17548,United Kingdom
C536391,22553,PLASTERS IN TIN SKULLS,-24,2010-12-01T10:24:00,1.65,17548,United Kingdom
536392,22150,3 STRIPEY MICE FELTCRAFT,6,2010-12-01T10:29:00,1.95,13705,United Kingdom
536392,22619,SET OF 6 SOLDIER SKITTLES,4,2010-12-01T10:29:00,3.75,13705,United Kingdom
536392,21891,TRADITIONAL WOODEN SKIPPING ROPE,12,2010-12-01T10:29:00,1.25,13705,United Kingdom
536392,21889,WOODEN BOX OF DOMINOES,12,2010-12-01T10:29:00,1.25,13705,United Kingdom
536392,22827,RUSTIC  SEVENTEEN DRAWER SIDEBOARD,1,2010-12-01T10:29:00,165,13705,United Kingdom
536392,22127,PARTY CONES CARNIVAL ASSORTED,12,2010-12-01T10:29:00,1.25,13705,United Kingdom
536392,22128,PARTY CONES CANDY ASSORTED,12,2010-12-01T10:29:00,1.25,13705,United Kingdom
536392,22502,PICNIC BASKET WICKER SMALL,4,2010-12-01T10:29:00,5.95,13705,United Kingdom
536392,84879,ASSORTED COLOUR BIRD ORNAMENT,16,2010-12-01T10:29:00,1.69,13705,United Kingdom
536392,22338,STAR DECORATION PAINTED ZINC ,24,2010-12-01T10:29:00,0.65,13705,United Kingdom
C536506,22960,JAM MAKING SET WITH JARS,-6,2010-12-01T12:38:00,4.25,17897,United Kingdom
C536543,22632,HAND WARMER RED RETROSPOT,-1,2010-12-01T14:30:00,2.1,17841,United Kingdom
C536543,22355,CHARLOTTE BAG SUKI DESIGN,-2,2010-12-01T14:30:00,0.85,17841,United Kingdom
539993,22386,JUMBO BAG PINK POLKADOT,10,2011-01-04T10:00:00,1.95,13313,United Kingdom
539993,21499,BLUE POLKADOT WRAP,25,2011-01-04T10:00:00,0.42,13313,United Kingdom
539993,21498,RED RETROSPOT WRAP ,25,2011-01-04T10:00:00,0.42,13313,United Kingdom
539993,22379,RECYCLING BAG RETROSPOT ,5,2011-01-04T10:00:00,2.1,13313,United Kingdom
539993,20718,RED RETROSPOT SHOPPER BAG,10,2011-01-04T10:00:00,1.25,13313,United Kingdom
539993,85099B,JUMBO BAG RED RETROSPOT,10,2011-01-04T10:00:00,1.95,13313,United Kingdom
539993,20682,RED RETROSPOT CHILDRENS UMBRELLA,6,2011-01-04T10:00:00,3.25,13313,United Kingdom
539993,22961,JAM MAKING SET PRINTED,12,2011-01-04T10:00:00,1.45,13313,United Kingdom
539993,22667,RECIPE BOX RETROSPOT ,6,2011-01-04T10:00:00,2.95,13313,United Kingdom
539993,22898,CHILDRENS APRON APPLES DESIGN,8,2011-01-04T10:00:00,1.95,13313,United Kingdom
539993,22896,PEG BAG APPLES DESIGN,6,2011-01-04T10:00:00,2.55,13313,United Kingdom
539993,22303,COFFEE MUG APPLES DESIGN,6,2011-01-04T10:00:00,2.55,13313,United Kingdom
539993,22302,COFFEE MUG PEARS  DESIGN,6,2011-01-04T10:00:00,2.55,13313,United Kingdom
539993,85123A,WHITE HANGING HEART T-LIGHT HOLDER,12,2011-01-04T10:00:00,2.95,13313,United Kingdom
539993,22808,SET OF 6 T-LIGHTS EASTER CHICKS,12,2011-01-04T10:00:00,2.95,13313,United Kingdom
539993,22458,CAST IRON HOOK GARDEN FORK,8,2011-01-04T10:00:00,2.55,13313,United Kingdom
539993,22862,LOVE HEART NAPKIN BOX ,4,2011-01-04T10:00:00,4.25,13313,United Kingdom
539994,22830,,-1,2011-01-04T10:09:00,0,,United Kingdom
539995,85064,,-12,2011-01-04T10:12:00,0,,United Kingdom
539996,21784,,-10,2011-01-04T10:12:00,0,,United Kingdom
539997,84689,,5,2011-01-04T10:15:00,0,,United Kingdom
539998,84675,,2,2011-01-04T10:16:00,0,,United Kingdom
539999,20892,,-1,2011-01-04T10:16:00,0,,United Kingdom
540000,84499,,-9,2011-01-04T10:17:00,0,,United Kingdom
540001,21733,RED HANGING HEART T-LIGHT HOLDER,32,2011-01-04T10:22:00,2.55,18097,United Kingdom
540001,22062,CERAMIC BOWL WITH LOVE HEART DESIGN,24,2011-01-04T10:22:00,2.95,18097,United Kingdom
540001,22060,LARGE CAKE STAND HANGING HEARTS,6,2011-01-04T10:22:00,9.95,18097,United Kingdom
540001,22151,PLACE SETTING WHITE HEART,48,2011-01-04T10:22:00,0.42,18097,United Kingdom
540001,22508,DOORSTOP RETROSPOT HEART,16,2011-01-04T10:22:00,3.39,18097,United Kingdom
540001,21411,GINGHAM HEART  DOORSTOP RED,12,2011-01-04T10:22:00,4.25,18097,United Kingdom
540001,22644,CERAMIC CHERRY CAKE MONEY BANK,60,2011-01-04T10:22:00,1.45,18097,United Kingdom
540001,70006,LOVE HEART POCKET WARMER,48,2011-01-04T10:22:00,0.42,18097,United Kingdom
540001,21231,SWEETHEART CERAMIC TRINKET BOX,24,2011-01-04T10:22:00,1.25,18097,United Kingdom
540002,21911,GARDEN METAL SIGN ,12,2011-01-04T10:23:00,1.65,16656,United Kingdom
540002,22625,RED KITCHEN SCALES,8,2011-01-04T10:23:00,8.5,16656,United Kingdom
540002,21259,VICTORIAN SEWING BOX SMALL ,24,2011-01-04T10:23:00,4.95,16656,United Kingdom
540002,21790,VINTAGE SNAP CARDS,144,2011-01-04T10:23:00,0.72,16656,United Kingdom
540003,84970S,HANGING HEART ZINC T-LIGHT HOLDER,12,2011-01-04T10:37:00,0.85,16875,United Kingdom
540003,22846,BREAD BIN DINER STYLE RED ,1,2011-01-04T10:37:00,16.95,16875,United Kingdom
540003,22624,IVORY KITCHEN SCALES,2,2011-01-04T10:37:00,8.5,16875,United Kingdom
540003,22767,TRIPLE PHOTO FRAME CORNICE ,4,2011-01-04T10:37:00,9.95,16875,United Kingdom
540003,22963,JAM JAR WITH GREEN LID,12,2011-01-04T10:37:00,0.85,16875,United Kingdom
540003,22962,JAM JAR WITH PINK LID,12,2011-01-04T10:37:00,0.85,16875,United Kingdom
540003,22427,ENAMEL FLOWER JUG CREAM,3,2011-01-04T10:37:00,5.95,16875,United Kingdom
540003,22796,PHOTO FRAME 3 CLASSIC HANGING,2,2011-01-04T10:37:00,9.95,16875,United Kingdom
540003,22193,RED DINER WALL CLOCK,2,2011-01-04T10:37:00,8.5,16875,United Kingdom
540003,22191,IVORY DINER WALL CLOCK,2,2011-01-04T10:37:00,8.5,16875,United Kingdom
540003,84970L,SINGLE HEART ZINC T-LIGHT HOLDER,12,2011-01-04T10:37:00,0.95,16875,United Kingdom
540003,22907,PACK OF 20 NAPKINS PANTRY DESIGN,12,2011-01-04T10:37:00,0.85,16875,United Kingdom
540003,22768,FAMILY PHOTO FRAME CORNICE,2,2011-01-04T10:37:00,9.95,16875,United Kingdom
540003,22961,JAM MAKING SET PRINTED,12,2011-01-04T10:37:00,1.45,16875,United Kingdom
540003,22171,3 HOOK PHOTO SHELF ANTIQUE WHITE,2,2011-01-04T10:37:00,8.5,16875,United Kingdom
540003,84978,HANGING HEART JAR T-LIGHT HOLDER,12,2011-01-04T10:37:00,1.25,16875,United Kingdom
540003,22776,SWEETHEART CAKESTAND 3 TIER,2,2011-01-04T10:37:00,9.95,16875,United Kingdom
540003,84378,SET OF 3 HEART COOKIE CUTTERS,12,2011-01-04T10:37:00,1.25,16875,United Kingdom
540003,22847,BREAD BIN DINER STYLE IVORY,1,2011-01-04T10:37:00,16.95,16875,United Kingdom
540003,22720,SET OF 3 CAKE TINS PANTRY DESIGN ,3,2011-01-04T10:37:00,4.95,16875,United Kingdom
540003,22457,NATURAL SLATE HEART CHALKBOARD ,6,2011-01-04T10:37:00,2.95,16875,United Kingdom
540003,22969,HOMEMADE JAM SCENTED CANDLES,12,2011-01-04T10:37:00,1.45,16875,United Kingdom
540004,84946,ANTIQUE SILVER TEA GLASS ETCHED,72,2011-01-04T10:37:00,1.06,13094,United Kingdom
540005,84813,SET OF 4 DIAMOND NAPKIN RINGS,8,2011-01-04T10:38:00,3.95,17315,United Kingdom
540005,47504K,ENGLISH ROSE GARDEN SECATEURS,24,2011-01-04T10:38:00,0.85,17315,United Kingdom
540005,21381,MINI WOODEN HAPPY BIRTHDAY GARLAND,2,2011-01-04T10:38:00,1.69,17315,United Kingdom
540005,22699,ROSES REGENCY TEACUP AND SAUCER ,1,2011-01-04T10:38:00,2.95,17315,United Kingdom
540005,85062,PEARL CRYSTAL PUMPKIN T-LIGHT HLDR,12,2011-01-04T10:38:00,1.65,17315,United Kingdom
540005,22780,LIGHT GARLAND BUTTERFILES PINK,1,2011-01-04T10:38:00,4.25,17315,United Kingdom
540005,22779,WOODEN OWLS LIGHT GARLAND ,1,2011-01-04T10:38:00,4.25,17315,United Kingdom
540005,22178,VICTORIAN GLASS HANGING T-LIGHT,15,2011-01-04T10:38:00,1.25,17315,United Kingdom
540005,21034,REX CASH+CARRY JUMBO SHOPPER,1,2011-01-04T10:38:00,0.95,17315,United Kingdom
540005,84949,SILVER HANGING T-LIGHT HOLDER,6,2011-01-04T10:38:00,1.65,17315,United Kingdom
540005,85062,PEARL CRYSTAL PUMPKIN T-LIGHT HLDR,6,2011-01-04T10:38:00,1.65,17315,United Kingdom
540005,22403,MAGNETS PACK OF 4 VINTAGE LABELS ,24,2011-01-04T10:38:00,0.42,17315,United Kingdom
540005,84766,SILVER ROCOCO CANDLE STICK,12,2011-01-04T10:38:00,1.95,17315,United Kingdom
540005,21034,REX CASH+CARRY JUMBO SHOPPER,1,2011-01-04T10:38:00,0.95,17315,United Kingdom
540005,21615,4 LAVENDER BOTANICAL DINNER CANDLES,12,2011-01-04T10:38:00,1.25,17315,United Kingdom
540005,21618,4 WILDFLOWER BOTANICAL CANDLES,12,2011-01-04T10:38:00,1.25,17315,United Kingdom
C540006,21306,SET/4 DAISY MIRROR MAGNETS,-1,2011-01-04T10:48:00,2.1,14606,United Kingdom
C540006,84352,SILVER CHRISTMAS TREE BAUBLE STAND ,-1,2011-01-04T10:48:00,16.95,14606,United Kingdom
C540006,22423,REGENCY CAKESTAND 3 TIER,-1,2011-01-04T10:48:00,12.75,14606,United Kingdom
C540007,21055,TOOL BOX SOFT TOY ,-6,2011-01-04T11:08:00,8.95,15379,United Kingdom
C540007,22274,FELTCRAFT DOLL EMILY,-6,2011-01-04T11:08:00,2.95,15379,United Kingdom
540008,85230F,,-48,2011-01-04T11:10:00,0,,United Kingdom
540009,22158,,-120,2011-01-04T11:10:00,0,,United Kingdom
540010,22501,reverse 21/5/10 adjustment,-100,2011-01-04T11:13:00,0,,United Kingdom
540011,22501,,30,2011-01-04T11:13:00,0,,United Kingdom
540012,22502,reverse 21/5/10 adjustment,-100,2011-01-04T11:14:00,0,,United Kingdom
540013,22794,SWEETHEART WIRE MAGAZINE RACK,1,2011-01-04T11:30:00,7.95,16255,United Kingdom
540013,22588,CARD HOLDER GINGHAM HEART,2,2011-01-04T11:30:00,2.55,16255,United Kingdom
540013,22961,JAM MAKING SET PRINTED,6,2011-01-04T11:30:00,1.45,16255,United Kingdom
540013,22585,PACK OF 6 BIRDY GIFT TAGS,5,2011-01-04T11:30:00,1.25,16255,United Kingdom
540013,21080,SET/20 RED RETROSPOT PAPER NAPKINS ,5,2011-01-04T11:30:00,0.85,16255,United Kingdom
540013,22851,SET 20 NAPKINS FAIRY CAKES DESIGN ,2,2011-01-04T11:30:00,0.85,16255,United Kingdom
540013,22723,SET OF 6 HERB TINS SKETCHBOOK,3,2011-01-04T11:30:00,3.95,16255,United Kingdom
540013,22151,PLACE SETTING WHITE HEART,72,2011-01-04T11:30:00,0.42,16255,United Kingdom
540013,21535,RED RETROSPOT SMALL MILK JUG,2,2011-01-04T11:30:00,2.55,16255,United Kingdom
540013,21531,RED RETROSPOT SUGAR JAM BOWL,2,2011-01-04T11:30:00,2.55,16255,United Kingdom
540013,22667,RECIPE BOX RETROSPOT ,5,2011-01-04T11:30:00,2.95,16255,United Kingdom
540013,21034,REX CASH+CARRY JUMBO SHOPPER,1,2011-01-04T11:30:00,0.95,16255,United Kingdom
540013,22776,SWEETHEART CAKESTAND 3 TIER,1,2011-01-04T11:30:00,9.95,16255,United Kingdom
540013,79321,CHILLI LIGHTS,5,2011-01-04T11:30:00,4.95,16255,United Kingdom
540013,85064,CREAM SWEETHEART LETTER RACK,2,2011-01-04T11:30:00,5.45,16255,United Kingdom
540013,85066,CREAM SWEETHEART MINI CHEST,1,2011-01-04T11:30:00,12.75,16255,United Kingdom
540013,22197,SMALL POPCORN HOLDER,19,2011-01-04T11:30:00,0.85,16255,United Kingdom
540013,22862,LOVE HEART NAPKIN BOX ,2,2011-01-04T11:30:00,4.25,16255,United Kingdom
540013,22558,CLOTHES PEGS RETROSPOT PACK 24 ,4,2011-01-04T11:30:00,1.49,16255,United Kingdom
540013,20914,SET/5 RED RETROSPOT LID GLASS BOWLS,5,2011-01-04T11:30:00,2.95,16255,United Kingdom
540013,22763,KEY CABINET MA CAMPAGNE,1,2011-01-04T11:30:00,9.95,16255,United Kingdom
540013,22507,MEMO BOARD RETROSPOT  DESIGN,2,2011-01-04T11:30:00,4.95,16255,United Kingdom
540013,22505,MEMO BOARD COTTAGE DESIGN,2,2011-01-04T11:30:00,4.95,16255,United Kingdom
540013,22170,PICTURE FRAME WOOD TRIPLE PORTRAIT,4,2011-01-04T11:30:00,6.75,16255,United Kingdom
540013,22169,FAMILY ALBUM WHITE PICTURE FRAME,1,2011-01-04T11:30:00,8.5,16255,United Kingdom
540013,21901,"KEY FOB , BACK DOOR ",2,2011-01-04T11:30:00,0.65,16255,United Kingdom
540013,21900,"KEY FOB , SHED",5,2011-01-04T11:30:00,0.65,16255,United Kingdom
540013,21899,"KEY FOB , GARAGE DESIGN",6,2011-01-04T11:30:00,0.65,16255,United Kingdom
540013,84378,SET OF 3 HEART COOKIE CUTTERS,2,2011-01-04T11:30:00,1.25,16255,United Kingdom
540013,22556,PLASTERS IN TIN CIRCUS PARADE ,2,2011-01-04T11:30:00,1.65,16255,United Kingdom
540013,22555,PLASTERS IN TIN STRONGMAN,2,2011-01-04T11:30:00,1.65,16255,United Kingdom
540013,84991,60 TEATIME FAIRY CAKE CASES,4,2011-01-04T11:30:00,0.55,16255,United Kingdom
540013,22417,PACK OF 60 SPACEBOY CAKE CASES,4,2011-01-04T11:30:00,0.55,16255,United Kingdom
540013,22795,SWEETHEART RECIPE BOOK STAND,1,2011-01-04T11:30:00,6.75,16255,United Kingdom
540014,21654,RIDGED GLASS FINGER BOWL,1,2011-01-04T11:34:00,1.45,14606,United Kingdom
540014,84499,BLACK FLOWER CANDLE PLATE,6,2011-01-04T11:34:00,0.85,14606,United Kingdom
540014,21661,VINTAGE GLASS TEA CADDY,1,2011-01-04T11:34:00,5.95,14606,United Kingdom
540014,21703,BAG 125g SWIRLY MARBLES,3,2011-01-04T11:34:00,0.42,14606,United Kingdom
540014,22274,FELTCRAFT DOLL EMILY,1,2011-01-04T11:34:00,2.95,14606,United Kingdom
540014,22909,SET OF 20 VINTAGE CHRISTMAS NAPKINS,1,2011-01-04T11:34:00,0.85,14606,United Kingdom
540014,85176,SEWING SUSAN 21 NEEDLE SET,1,2011-01-04T11:34:00,0.85,14606,United Kingdom
540014,21564,PINK  HEART SHAPE LOVE BUCKET ,1,2011-01-04T11:34:00,2.95,14606,United Kingdom
540014,85049B,LUSH GREENS RIBBONS,1,2011-01-04T11:34:00,1.25,14606,United Kingdom
540014,85194L,HANGING SPRING FLOWER EGG LARGE,1,2011-01-04T11:34:00,0.85,14606,United Kingdom
540014,85194L,HANGING SPRING FLOWER EGG LARGE,1,2011-01-04T11:34:00,0.85,14606,United Kingdom
540014,22153,ANGEL DECORATION STARS ON DRESS,1,2011-01-04T11:34:00,0.42,14606,United Kingdom
540014,21947,SET OF 6 HEART CHOPSTICKS,2,2011-01-04T11:34:00,1.25,14606,United Kingdom
540014,22261,FELT EGG COSY WHITE RABBIT ,2,2011-01-04T11:34:00,0.85,14606,United Kingdom
540014,22262,FELT EGG COSY CHICKEN,6,2011-01-04T11:34:00,0.85,14606,United Kingdom
540014,84849B,FAIRY SOAP SOAP HOLDER,2,2011-01-04T11:34:00,1.69,14606,United Kingdom
540014,22494,EMERGENCY FIRST AID TIN ,2,2011-01-04T11:34:00,1.25,14606,United Kingdom
540014,15056BL,EDWARDIAN PARASOL BLACK,3,2011-01-04T11:34:00,5.95,14606,United Kingdom
540014,21524,DOORMAT SPOTTY HOME SWEET HOME,1,2011-01-04T11:34:00,7.95,14606,United Kingdom
540014,48173C,DOORMAT BLACK FLOCK ,1,2011-01-04T11:34:00,7.95,14606,United Kingdom
540014,22414,DOORMAT NEIGHBOURHOOD WITCH ,1,2011-01-04T11:34:00,7.95,14606,United Kingdom
540014,22241,GARLAND WOODEN HAPPY EASTER,12,2011-01-04T11:34:00,1.25,14606,United Kingdom
540014,22608,PENS ASSORTED FUNKY JEWELED ,36,2011-01-04T11:34:00,0.21,14606,United Kingdom
540014,22540,MINI JIGSAW CIRCUS PARADE ,4,2011-01-04T11:34:00,0.42,14606,United Kingdom
540014,84832,ZINC WILLIE WINKIE  CANDLE STICK,1,2011-01-04T11:34:00,0.85,14606,United Kingdom
540014,22499,WOODEN UNION JACK BUNTING,1,2011-01-04T11:34:00,5.95,14606,United Kingdom
540014,20971,PINK BLUE FELT CRAFT TRINKET BOX,1,2011-01-04T11:34:00,1.25,14606,United Kingdom
540014,20972,PINK CREAM FELT CRAFT TRINKET BOX ,1,2011-01-04T11:34:00,1.25,14606,United Kingdom
540014,85129C,BEADED CRYSTAL HEART BLUE SMALL,1,2011-01-04T11:34:00,1.25,14606,United Kingdom
540014,22179,SET 10 LIGHTS NIGHT OWL,1,2011-01-04T11:34:00,6.75,14606,United Kingdom
540014,21889,WOODEN BOX OF DOMINOES,1,2011-01-04T11:34:00,1.25,14606,United Kingdom
540014,21628,TRIANGULAR POUFFE VINTAGE ,1,2011-01-04T11:34:00,14.95,14606,United Kingdom
540014,21627,ELEPHANT CARNIVAL POUFFE,1,2011-01-04T11:34:00,14.95,14606,United Kingdom
540014,21630,FLOOR CUSHION ELEPHANT CARNIVAL,1,2011-01-04T11:34:00,8.95,14606,United Kingdom
540014,22381,TOY TIDY PINK POLKADOT,3,2011-01-04T11:34:00,2.1,14606,United Kingdom
540014,22379,RECYCLING BAG RETROSPOT ,2,2011-01-04T11:34:00,2.1,14606,United Kingdom
540014,21657,MILK BOTTLE WITH GLASS STOPPER ,1,2011-01-04T11:34:00,6.95,14606,United Kingdom
540014,20772,GARDEN PATH JOURNAL,1,2011-01-04T11:34:00,2.55,14606,United Kingdom
540014,20996,JAZZ HEARTS ADDRESS BOOK,9,2011-01-04T11:34:00,0.42,14606,United Kingdom
540014,22385,JUMBO BAG SPACEBOY DESIGN,2,2011-01-04T11:34:00,1.95,14606,United Kingdom
540014,22380,TOY TIDY SPACEBOY  ,1,2011-01-04T11:34:00,2.1,14606,United Kingdom
540014,22276,WASH BAG VINTAGE ROSE PAISLEY,1,2011-01-04T11:34:00,2.55,14606,United Kingdom
540014,22166,WALL MIRROR RECTANGLE DIAMANTE PINK,1,2011-01-04T11:34:00,7.95,14606,United Kingdom
540014,85123A,WHITE HANGING HEART T-LIGHT HOLDER,6,2011-01-04T11:34:00,2.95,14606,United Kingdom
540014,21781,MA CAMPAGNE CUTLERY BOX,1,2011-01-04T11:34:00,14.95,14606,United Kingdom
540014,22426,ENAMEL WASH BOWL CREAM,1,2011-01-04T11:34:00,3.75,14606,United Kingdom
540014,21470,FLOWER VINE RAFFIA FOOD COVER,1,2011-01-04T11:34:00,3.75,14606,United Kingdom
540014,22483,RED GINGHAM TEDDY BEAR ,1,2011-01-04T11:34:00,2.95,14606,United Kingdom
540014,84352,SILVER CHRISTMAS TREE BAUBLE STAND ,1,2011-01-04T11:34:00,16.95,14606,United Kingdom
540014,84509A,SET OF 4 ENGLISH ROSE PLACEMATS,2,2011-01-04T11:34:00,3.75,14606,United Kingdom
540014,22423,REGENCY CAKESTAND 3 TIER,1,2011-01-04T11:34:00,12.75,14606,United Kingdom
540014,85034A,3 GARDENIA MORRIS BOXED CANDLES,1,2011-01-04T11:34:00,4.25,14606,United Kingdom
540014,85114C,RED ENCHANTED FOREST PLACEMAT,4,2011-01-04T11:34:00,1.65,14606,United Kingdom
540014,21210,SET OF 72 RETROSPOT PAPER  DOILIES,1,2011-01-04T11:34:00,1.45,14606,United Kingdom
540014,21035,SET/2 RED RETROSPOT TEA TOWELS ,1,2011-01-04T11:34:00,2.95,14606,United Kingdom
540014,22480,RED TEA TOWEL CLASSIC DESIGN,4,2011-01-04T11:34:00,1.25,14606,United Kingdom
540014,22327,ROUND SNACK BOXES SET OF 4 SKULLS,2,2011-01-04T11:34:00,2.95,14606,United Kingdom
540014,22476,EMPIRE UNION JACK TV DINNER TRAY,6,2011-01-04T11:34:00,4.95,14606,United Kingdom
540015,22985,"WRAP, BILLBOARD FONTS DESIGN",25,2011-01-04T11:40:00,0.42,13319,United Kingdom
540015,22704,WRAP RED APPLES ,25,2011-01-04T11:40:00,0.42,13319,United Kingdom
540015,22711,WRAP CIRCUS PARADE,25,2011-01-04T11:40:00,0.42,13319,United Kingdom
540015,22720,SET OF 3 CAKE TINS PANTRY DESIGN ,6,2011-01-04T11:40:00,4.95,13319,United Kingdom
540015,22722,SET OF 6 SPICE TINS PANTRY DESIGN,8,2011-01-04T11:40:00,3.95,13319,United Kingdom
540015,22930,BAKING MOULD HEART MILK CHOCOLATE,6,2011-01-04T11:40:00,2.55,13319,United Kingdom
540015,22960,JAM MAKING SET WITH JARS,6,2011-01-04T11:40:00,4.25,13319,United Kingdom
540015,22961,JAM MAKING SET PRINTED,12,2011-01-04T11:40:00,1.45,13319,United Kingdom
540015,22969,HOMEMADE JAM SCENTED CANDLES,24,2011-01-04T11:40:00,1.45,13319,United Kingdom
540015,21212,PACK OF 72 RETROSPOT CAKE CASES,24,2011-01-04T11:40:00,0.55,13319,United Kingdom
540015,21481,FAWN BLUE HOT WATER BOTTLE,6,2011-01-04T11:40:00,2.95,13319,United Kingdom
540015,21877,HOME SWEET HOME MUG,12,2011-01-04T11:40:00,1.25,13319,United Kingdom
540015,21871,SAVE THE PLANET MUG,12,2011-01-04T11:40:00,1.25,13319,United Kingdom
540015,22271,FELTCRAFT DOLL ROSIE,6,2011-01-04T11:40:00,2.95,13319,United Kingdom
540015,22178,VICTORIAN GLASS HANGING T-LIGHT,12,2011-01-04T11:40:00,1.25,13319,United Kingdom
540015,22726,ALARM CLOCK BAKELIKE GREEN,4,2011-01-04T11:40:00,3.75,13319,United Kingdom
540015,22727,ALARM CLOCK BAKELIKE RED ,4,2011-01-04T11:40:00,3.75,13319,United Kingdom
540015,79321,CHILLI LIGHTS,4,2011-01-04T11:40:00,4.95,13319,United Kingdom
540015,85038,6 CHOCOLATE LOVE HEART T-LIGHTS,6,2011-01-04T11:40:00,2.1,13319,United Kingdom
540015,20725,LUNCH BAG RED RETROSPOT,10,2011-01-04T11:40:00,1.65,13319,United Kingdom
540015,20726,LUNCH BAG WOODLAND,10,2011-01-04T11:40:00,1.65,13319,United Kingdom
540015,21527,RED RETROSPOT TRADITIONAL TEAPOT ,4,2011-01-04T11:40:00,7.95,13319,United Kingdom
540015,21539,RED RETROSPOT BUTTER DISH,3,2011-01-04T11:40:00,4.95,13319,United Kingdom
540015,22072,RED RETROSPOT TEA CUP AND SAUCER ,4,2011-01-04T11:40:00,3.75,13319,United Kingdom
540015,84879,ASSORTED COLOUR BIRD ORNAMENT,16,2011-01-04T11:40:00,1.69,13319,United Kingdom
540015,22914,BLUE COAT RACK PARIS FASHION,3,2011-01-04T11:40:00,4.95,13319,United Kingdom
540015,22913,RED COAT RACK PARIS FASHION,3,2011-01-04T11:40:00,4.95,13319,United Kingdom
540015,20914,SET/5 RED RETROSPOT LID GLASS BOWLS,6,2011-01-04T11:40:00,2.95,13319,United Kingdom
540016,22862,LOVE HEART NAPKIN BOX ,8,2011-01-04T11:42:00,4.25,16282,United Kingdom
540016,21527,RED RETROSPOT TRADITIONAL TEAPOT ,1,2011-01-04T11:42:00,7.95,16282,United Kingdom
540016,21533,RETROSPOT LARGE MILK JUG,1,2011-01-04T11:42:00,4.95,16282,United Kingdom
540016,20914,SET/5 RED RETROSPOT LID GLASS BOWLS,2,2011-01-04T11:42:00,2.95,16282,United Kingdom
540016,84945,MULTI COLOUR SILVER T-LIGHT HOLDER,36,2011-01-04T11:42:00,0.85,16282,United Kingdom
540016,85123A,WHITE HANGING HEART T-LIGHT HOLDER,10,2011-01-04T11:42:00,2.95,16282,United Kingdom
540016,21844,RED RETROSPOT MUG,6,2011-01-04T11:42:00,2.95,16282,United Kingdom
540016,22851,SET 20 NAPKINS FAIRY CAKES DESIGN ,6,2011-01-04T11:42:00,0.85,16282,United Kingdom
540016,21080,SET/20 RED RETROSPOT PAPER NAPKINS ,8,2011-01-04T11:42:00,0.85,16282,United Kingdom
540016,21326,AGED GLASS SILVER T-LIGHT HOLDER,24,2011-01-04T11:42:00,0.65,16282,United Kingdom
540016,22792,FLUTED ANTIQUE CANDLE HOLDER,12,2011-01-04T11:42:00,0.85,16282,United Kingdom
540017,22222,CAKE PLATE LOVEBIRD WHITE,12,2011-01-04T11:48:00,1.95,13963,United Kingdom
540017,22342,HOME GARLAND PAINTED ZINC ,24,2011-01-04T11:48:00,0.85,13963,United Kingdom
540017,22343,PARTY PIZZA DISH RED RETROSPOT,24,2011-01-04T11:48:00,0.21,13963,United Kingdom
540017,22473,TV DINNER TRAY VINTAGE PAISLEY,8,2011-01-04T11:48:00,1.95,13963,United Kingdom
540017,22511,RETROSPOT BABUSHKA DOORSTOP,8,2011-01-04T11:48:00,1.25,13963,United Kingdom
540017,22834,HAND WARMER BABUSHKA DESIGN,24,2011-01-04T11:48:00,0.85,13963,United Kingdom
540017,35646,VINTAGE BEAD PINK EVENING BAG,24,2011-01-04T11:48:00,1.25,13963,United Kingdom
540017,85184C,S/4 VALENTINE DECOUPAGE HEART BOX,24,2011-01-04T11:48:00,1.25,13963,United Kingdom
540017,85212,MINI PAINTED GARDEN DECORATION ,72,2011-01-04T11:48:00,0.21,13963,United Kingdom
540017,48187,DOORMAT NEW ENGLAND,2,2011-01-04T11:48:00,7.95,13963,United Kingdom
540017,82613D,METAL SIGN CUPCAKE SINGLE HOOK,20,2011-01-04T11:48:00,0.42,13963,United Kingdom
540017,82613C,"METAL SIGN,CUPCAKE SINGLE HOOK",20,2011-01-04T11:48:00,0.42,13963,United Kingdom
540017,20702,PINK PADDED MOBILE,3,2011-01-04T11:48:00,4.25,13963,United Kingdom
540018,90112,,2,2011-01-04T12:07:00,0,,United Kingdom
540019,84992,72 SWEETHEART FAIRY CAKE CASES,24,2011-01-04T12:18:00,0.55,12957,United Kingdom
540019,22951,60 CAKE CASES DOLLY GIRL DESIGN,24,2011-01-04T12:18:00,0.55,12957,United Kingdom
540019,22302,COFFEE MUG PEARS  DESIGN,6,2011-01-04T12:18:00,2.55,12957,United Kingdom
540019,22303,COFFEE MUG APPLES DESIGN,6,2011-01-04T12:18:00,2.55,12957,United Kingdom
540019,21985,PACK OF 12 HEARTS DESIGN TISSUES ,24,2011-01-04T12:18:00,0.29,12957,United Kingdom
540019,85049C,ROMANTIC PINKS RIBBONS ,12,2011-01-04T12:18:00,1.25,12957,United Kingdom
540019,22427,ENAMEL FLOWER JUG CREAM,3,2011-01-04T12:18:00,5.95,12957,United Kingdom
540019,22487,WHITE WOOD GARDEN PLANT LADDER,1,2011-01-04T12:18:00,9.95,12957,United Kingdom
540019,21868,POTTING SHED TEA MUG,12,2011-01-04T12:18:00,1.25,12957,United Kingdom
540019,22822,CREAM WALL PLANTER HEART SHAPED,2,2011-01-04T12:18:00,5.95,12957,United Kingdom
540019,84949,SILVER HANGING T-LIGHT HOLDER,6,2011-01-04T12:18:00,1.65,12957,United Kingdom
540019,21407,BROWN CHECK CAT DOORSTOP ,3,2011-01-04T12:18:00,4.25,12957,United Kingdom
540019,21972,SET OF 36 DINOSAUR PAPER DOILIES,12,2011-01-04T12:18:00,1.45,12957,United Kingdom
540019,20983,12 PENCILS TALL TUBE RED RETROSPOT,12,2011-01-04T12:18:00,0.85,12957,United Kingdom
540019,22315,200 RED + WHITE BENDY STRAWS,12,2011-01-04T12:18:00,1.25,12957,United Kingdom
540019,22507,MEMO BOARD RETROSPOT  DESIGN,4,2011-01-04T12:18:00,4.95,12957,United Kingdom
540019,21217,RED RETROSPOT ROUND CAKE TINS,1,2011-01-04T12:18:00,9.95,12957,United Kingdom
540019,22180,RETROSPOT LAMP,2,2011-01-04T12:18:00,9.95,12957,United Kingdom
540019,47566B,TEA TIME PARTY BUNTING,5,2011-01-04T12:18:00,4.65,12957,United Kingdom
540019,22489,PACK OF 12 TRADITIONAL CRAYONS,24,2011-01-04T12:18:00,0.42,12957,United Kingdom
540019,22904,CALENDAR PAPER CUT DESIGN,6,2011-01-04T12:18:00,2.95,12957,United Kingdom
540019,22610,PENS ASSORTED FUNNY FACE,36,2011-01-04T12:18:00,0.21,12957,United Kingdom
540019,21705,BAG 500g SWIRLY MARBLES,12,2011-01-04T12:18:00,1.65,12957,United Kingdom
540019,21918,SET 12 KIDS COLOUR  CHALK STICKS,24,2011-01-04T12:18:00,0.42,12957,United Kingdom
540019,22139,RETROSPOT TEA SET CERAMIC 11 PC ,3,2011-01-04T12:18:00,4.95,12957,United Kingdom
540019,21912,VINTAGE SNAKES & LADDERS,4,2011-01-04T12:18:00,3.75,12957,United Kingdom
540019,21899,"KEY FOB , GARAGE DESIGN",24,2011-01-04T12:18:00,0.65,12957,United Kingdom
540019,21900,"KEY FOB , SHED",24,2011-01-04T12:18:00,0.65,12957,United Kingdom
540019,21901,"KEY FOB , BACK DOOR ",24,2011-01-04T12:18:00,0.65,12957,United Kingdom
C540030,22070,SMALL RED RETROSPOT MUG IN BOX ,-24,2011-01-04T13:47:00,3.75,16029,United Kingdom
C540057,POST,POSTAGE,-1,2011-01-04T14:29:00,40,12483,Sweden
C540097,22835,HOT WATER BOTTLE I AM SO POORLY,-4,2011-01-04T15:46:00,4.65,15373,United Kingdom
C540097,22423,REGENCY CAKESTAND 3 TIER,-6,2011-01-04T15:46:00,12.75,15373,United Kingdom
C540097,22179,SET 10 LIGHTS NIGHT OWL,-4,2011-01-04T15:46:00,6.75,15373,United Kingdom
C540097,22113,GREY HEART HOT WATER BOTTLE,-4,2011-01-04T15:46:00,3.75,15373,United Kingdom
C540097,21843,RED RETROSPOT CAKE STAND,-6,2011-01-04T15:46:00,10.95,15373,United Kingdom
542776,21671,RED SPOT CERAMIC DRAWER KNOB,48,2011-02-01T08:23:00,1.25,15240,United Kingdom
542776,21668,RED STRIPE CERAMIC DRAWER KNOB,12,2011-02-01T08:23:00,1.25,15240,United Kingdom
542776,21670,BLUE SPOT CERAMIC DRAWER KNOB,12,2011-02-01T08:23:00,1.25,15240,United Kingdom
542776,17013D,ORIGAMI ROSE INCENSE IN TUBE,96,2011-02-01T08:23:00,0.42,15240,United Kingdom
542776,17096,ASSORTED LAQUERED INCENSE HOLDERS,48,2011-02-01T08:23:00,0.21,15240,United Kingdom
542776,22469,HEART OF WICKER SMALL,12,2011-02-01T08:23:00,1.65,15240,United Kingdom
542776,22077,6 RIBBONS RUSTIC CHARM,12,2011-02-01T08:23:00,1.65,15240,United Kingdom
542776,79321,CHILLI LIGHTS,4,2011-02-01T08:23:00,4.95,15240,United Kingdom
542776,21843,RED RETROSPOT CAKE STAND,1,2011-02-01T08:23:00,10.95,15240,United Kingdom
542776,22835,HOT WATER BOTTLE I AM SO POORLY,4,2011-02-01T08:23:00,4.65,15240,United Kingdom
542776,22083,PAPER CHAIN KIT RETROSPOT,12,2011-02-01T08:23:00,2.95,15240,United Kingdom
542776,17021,NAMASTE SWAGAT INCENSE,36,2011-02-01T08:23:00,0.3,15240,United Kingdom
542776,21218,RED SPOTTY BISCUIT TIN,6,2011-02-01T08:23:00,3.75,15240,United Kingdom
542776,21485,RETROSPOT HEART HOT WATER BOTTLE,3,2011-02-01T08:23:00,4.95,15240,United Kingdom
542777,22374,AIRLINE BAG VINTAGE JET SET RED,4,2011-02-01T08:31:00,4.25,14911,EIRE
542777,22371,AIRLINE BAG VINTAGE TOKYO 78,4,2011-02-01T08:31:00,4.25,14911,EIRE
542777,20654,FIRST CLASS LUGGAGE TAG ,12,2011-02-01T08:31:00,1.25,14911,EIRE
542777,20658,RED RETROSPOT LUGGAGE TAG,12,2011-02-01T08:31:00,1.25,14911,EIRE
542777,85039A,SET/4 RED MINI ROSE CANDLE IN BOWL,12,2011-02-01T08:31:00,1.65,14911,EIRE
542777,85040A,S/4 PINK FLOWER CANDLES IN BOWL,12,2011-02-01T08:31:00,1.65,14911,EIRE
542777,48129,DOORMAT TOPIARY,2,2011-02-01T08:31:00,7.95,14911,EIRE
542777,48116,DOORMAT MULTICOLOUR STRIPE,2,2011-02-01T08:31:00,7.95,14911,EIRE
542777,48194,DOORMAT HEARTS,2,2011-02-01T08:31:00,7.95,14911,EIRE
542777,22431,WATERING CAN BLUE ELEPHANT,6,2011-02-01T08:31:00,1.95,14911,EIRE
542777,22433,WATERING CAN GREEN DINOSAUR,6,2011-02-01T08:31:00,1.95,14911,EIRE
542777,21257,VICTORIAN SEWING BOX MEDIUM,2,2011-02-01T08:31:00,7.95,14911,EIRE
542777,21259,VICTORIAN SEWING BOX SMALL ,2,2011-02-01T08:31:00,5.95,14911,EIRE
542777,21181,PLEASE ONE PERSON METAL SIGN,12,2011-02-01T08:31:00,2.1,14911,EIRE
542777,21166,COOK WITH WINE METAL SIGN ,12,2011-02-01T08:31:00,1.95,14911,EIRE
542777,22413,METAL SIGN TAKE IT OR LEAVE IT ,6,2011-02-01T08:31:00,2.95,14911,EIRE
542777,21411,GINGHAM HEART  DOORSTOP RED,3,2011-02-01T08:31:00,4.25,14911,EIRE
542777,22508,DOORSTOP RETROSPOT HEART,4,2011-02-01T08:31:00,3.75,14911,EIRE
542777,84683,CLASSICAL ROSE CANDLESTAND,48,2011-02-01T08:31:00,0.65,14911,EIRE
542777,21733,RED HANGING HEART T-LIGHT HOLDER,12,2011-02-01T08:31:00,2.95,14911,EIRE
542777,22136,LOVE HEART SOCK HANGER,12,2011-02-01T08:31:00,1.65,14911,EIRE
542777,22137,BATHROOM SET LOVE HEART DESIGN,6,2011-02-01T08:31:00,2.95,14911,EIRE
542777,85184C,S/4 VALENTINE DECOUPAGE HEART BOX,6,2011-02-01T08:31:00,2.95,14911,EIRE
542777,85123A,WHITE HANGING HEART T-LIGHT HOLDER,6,2011-02-01T08:31:00,2.95,14911,EIRE
542777,22132,RED LOVE HEART SHAPE CUP,12,2011-02-01T08:31:00,0.85,14911,EIRE
542777,21470,FLOWER VINE RAFFIA FOOD COVER,6,2011-02-01T08:31:00,3.75,14911,EIRE
542777,22625,RED KITCHEN SCALES,2,2011-02-01T08:31:00,8.5,14911,EIRE
542777,21232,STRAWBERRY CERAMIC TRINKET BOX,24,2011-02-01T08:31:00,1.25,14911,EIRE
542777,85099B,JUMBO BAG RED RETROSPOT,10,2011-02-01T08:31:00,1.95,14911,EIRE
542777,20985,HEART CALCULATOR,12,2011-02-01T08:31:00,1.25,14911,EIRE
542777,22208,WOOD STAMP SET THANK YOU,12,2011-02-01T08:31:00,1.65,14911,EIRE
542777,22211,WOOD STAMP SET FLOWERS,12,2011-02-01T08:31:00,1.65,14911,EIRE
542777,21635,MADRAS NOTEBOOK LARGE ,6,2011-02-01T08:31:00,3.75,14911,EIRE
542777,84536A,ENGLISH ROSE NOTEBOOK A7 SIZE,16,2011-02-01T08:31:00,0.42,14911,EIRE
542777,22045,SPACEBOY GIFT WRAP,25,2011-02-01T08:31:00,0.42,14911,EIRE
542777,16156S,WRAP PINK FAIRY CAKES ,25,2011-02-01T08:31:00,0.42,14911,EIRE
542777,22382,LUNCH BAG SPACEBOY DESIGN ,10,2011-02-01T08:31:00,1.65,14911,EIRE
542777,20725,LUNCH BAG RED RETROSPOT,10,2011-02-01T08:31:00,1.65,14911,EIRE
542777,21559,STRAWBERRY LUNCH BOX WITH CUTLERY,6,2011-02-01T08:31:00,2.55,14911,EIRE
542777,21915,RED  HARMONICA IN BOX ,12,2011-02-01T08:31:00,1.25,14911,EIRE
542777,22487,WHITE WOOD GARDEN PLANT LADDER,4,2011-02-01T08:31:00,8.5,14911,EIRE
542777,22417,PACK OF 60 SPACEBOY CAKE CASES,24,2011-02-01T08:31:00,0.55,14911,EIRE
542777,84992,72 SWEETHEART FAIRY CAKE CASES,24,2011-02-01T08:31:00,0.55,14911,EIRE
542777,22497,SET OF 2 TINS VINTAGE BATHROOM ,4,2011-02-01T08:31:00,4.25,14911,EIRE
542777,22624,IVORY KITCHEN SCALES,2,2011-02-01T08:31:00,8.5,14911,EIRE
542778,21471,STRAWBERRY RAFFIA FOOD COVER,6,2011-02-01T09:01:00,3.75,14496,United Kingdom
542778,22771,CLEAR DRAWER KNOB ACRYLIC EDWARDIAN,12,2011-02-01T09:01:00,1.25,14496,United Kingdom
542778,21672,WHITE SPOT RED CERAMIC DRAWER KNOB,12,2011-02-01T09:01:00,1.25,14496,United Kingdom
542778,84879,ASSORTED COLOUR BIRD ORNAMENT,8,2011-02-01T09:01:00,1.69,14496,United Kingdom
542778,22139,RETROSPOT TEA SET CERAMIC 11 PC ,3,2011-02-01T09:01:00,4.95,14496,United Kingdom
542778,21485,RETROSPOT HEART HOT WATER BOTTLE,3,2011-02-01T09:01:00,4.95,14496,United Kingdom
542778,22835,HOT WATER BOTTLE I AM SO POORLY,4,2011-02-01T09:01:00,4.65,14496,United Kingdom
542778,22113,GREY HEART HOT WATER BOTTLE,4,2011-02-01T09:01:00,3.75,14496,United Kingdom
542778,21257,VICTORIAN SEWING BOX MEDIUM,2,2011-02-01T09:01:00,7.95,14496,United Kingdom
542778,22180,RETROSPOT LAMP,1,2011-02-01T09:01:00,9.95,14496,United Kingdom
542778,22423,REGENCY CAKESTAND 3 TIER,3,2011-02-01T09:01:00,12.75,14496,United Kingdom
542778,84945,MULTI COLOUR SILVER T-LIGHT HOLDER,12,2011-02-01T09:01:00,0.85,14496,United Kingdom
542778,48188,DOORMAT WELCOME PUPPIES,2,2011-02-01T09:01:00,7.95,14496,United Kingdom
542778,21781,MA CAMPAGNE CUTLERY BOX,1,2011-02-01T09:01:00,14.95,14496,United Kingdom
542779,21121,SET/10 RED POLKADOT PARTY CANDLES,24,2011-02-01T09:36:00,1.25,17147,United Kingdom
542779,21122,SET/10 PINK POLKADOT PARTY CANDLES,24,2011-02-01T09:36:00,1.25,17147,United Kingdom
542779,21124,SET/10 BLUE POLKADOT PARTY CANDLES,24,2011-02-01T09:36:00,1.25,17147,United Kingdom
542779,22858,EASTER TIN KEEPSAKE,12,2011-02-01T09:36:00,1.65,17147,United Kingdom
542779,22859,EASTER TIN BUNNY BOUQUET,6,2011-02-01T09:36:00,1.65,17147,United Kingdom
542779,22860,EASTER TIN CHICKS PINK DAISY,6,2011-02-01T09:36:00,1.65,17147,United Kingdom
542779,22861,EASTER TIN CHICKS IN GARDEN,6,2011-02-01T09:36:00,1.65,17147,United Kingdom
542779,21977,PACK OF 60 PINK PAISLEY CAKE CASES,24,2011-02-01T09:36:00,0.55,17147,United Kingdom
542779,21212,PACK OF 72 RETROSPOT CAKE CASES,24,2011-02-01T09:36:00,0.55,17147,United Kingdom
542779,22417,PACK OF 60 SPACEBOY CAKE CASES,24,2011-02-01T09:36:00,0.55,17147,United Kingdom
542779,22423,REGENCY CAKESTAND 3 TIER,6,2011-02-01T09:36:00,12.75,17147,United Kingdom
542779,22699,ROSES REGENCY TEACUP AND SAUCER ,18,2011-02-01T09:36:00,2.95,17147,United Kingdom
542779,84375,SET OF 20 KIDS COOKIE CUTTERS,12,2011-02-01T09:36:00,2.1,17147,United Kingdom
542779,84380,SET OF 3 BUTTERFLY COOKIE CUTTERS,12,2011-02-01T09:36:00,1.25,17147,United Kingdom
542779,84378,SET OF 3 HEART COOKIE CUTTERS,12,2011-02-01T09:36:00,1.25,17147,United Kingdom
542779,84279B,CHERRY BLOSSOM DECORATIVE FLASK,4,2011-02-01T09:36:00,3.75,17147,United Kingdom
542779,84279P,CHERRY BLOSSOM  DECORATIVE FLASK,4,2011-02-01T09:36:00,3.75,17147,United Kingdom
542779,21156,RETROSPOT CHILDRENS APRON,8,2011-02-01T09:36:00,1.95,17147,United Kingdom
542780,82583,HOT BATHS METAL SIGN,12,2011-02-01T09:38:00,2.1,17675,United Kingdom
542780,85150,LADIES & GENTLEMEN METAL SIGN,12,2011-02-01T09:38:00,2.55,17675,United Kingdom
542780,85099B,JUMBO BAG RED RETROSPOT,10,2011-02-01T09:38:00,1.95,17675,United Kingdom
542780,21931,JUMBO STORAGE BAG SUKI,20,2011-02-01T09:38:00,1.95,17675,United Kingdom
542780,20713,JUMBO BAG OWLS,20,2011-02-01T09:38:00,1.95,17675,United Kingdom
542780,21929,JUMBO BAG PINK VINTAGE PAISLEY,10,2011-02-01T09:38:00,1.95,17675,United Kingdom
542780,22189,CREAM HEART CARD HOLDER,8,2011-02-01T09:38:00,3.95,17675,United Kingdom
542780,22294,HEART FILIGREE DOVE  SMALL,24,2011-02-01T09:38:00,1.25,17675,United Kingdom
542780,22804,CANDLEHOLDER PINK HANGING HEART,6,2011-02-01T09:38:00,2.95,17675,United Kingdom
542780,85123A,WHITE HANGING HEART T-LIGHT HOLDER,32,2011-02-01T09:38:00,2.55,17675,United Kingdom
542780,22193,RED DINER WALL CLOCK,2,2011-02-01T09:38:00,8.5,17675,United Kingdom
542780,22192,BLUE DINER WALL CLOCK,2,2011-02-01T09:38:00,8.5,17675,United Kingdom
542780,22191,IVORY DINER WALL CLOCK,2,2011-02-01T09:38:00,8.5,17675,United Kingdom
542780,22726,ALARM CLOCK BAKELIKE GREEN,12,2011-02-01T09:38:00,3.75,17675,United Kingdom
542780,22727,ALARM CLOCK BAKELIKE RED ,4,2011-02-01T09:38:00,3.75,17675,United Kingdom
542780,22730,ALARM CLOCK BAKELIKE IVORY,4,2011-02-01T09:38:00,3.75,17675,United Kingdom
542780,47566,PARTY BUNTING,10,2011-02-01T09:38:00,4.65,17675,United Kingdom
542780,21175,GIN + TONIC DIET METAL SIGN,24,2011-02-01T09:38:00,2.1,17675,United Kingdom
542780,21181,PLEASE ONE PERSON METAL SIGN,24,2011-02-01T09:38:00,2.1,17675,United Kingdom
542780,82484,WOOD BLACK BOARD ANT WHITE FINISH,12,2011-02-01T09:38:00,5.55,17675,United Kingdom
542780,22681,FRENCH BLUE METAL DOOR SIGN 6,10,2011-02-01T09:38:00,1.25,17675,United Kingdom
542780,22680,FRENCH BLUE METAL DOOR SIGN 5,10,2011-02-01T09:38:00,1.25,17675,United Kingdom
C542781,21731,RED TOADSTOOL LED NIGHT LIGHT,-12,2011-02-01T09:38:00,1.65,12626,Germany
C542781,22634,CHILDS BREAKFAST SET SPACEBOY ,-3,2011-02-01T09:38:00,8.5,12626,Germany
542782,20702,PINK PADDED MOBILE,6,2011-02-01T10:00:00,4.25,12712,Germany
542782,22173,METAL 4 HOOK HANGER FRENCH CHATEAU,8,2011-02-01T10:00:00,2.95,12712,Germany
542782,22320,BIRDS MOBILE VINTAGE DESIGN,3,2011-02-01T10:00:00,5.95,12712,Germany
542782,22171,3 HOOK PHOTO SHELF ANTIQUE WHITE,4,2011-02-01T10:00:00,8.5,12712,Germany
542782,22168,ORGANISER WOOD ANTIQUE WHITE ,2,2011-02-01T10:00:00,8.5,12712,Germany
542782,82494L,WOODEN FRAME ANTIQUE WHITE ,12,2011-02-01T10:00:00,2.95,12712,Germany
542782,22763,KEY CABINET MA CAMPAGNE,2,2011-02-01T10:00:00,9.95,12712,Germany
542782,22957,SET 3 PAPER VINTAGE CHICK PAPER EGG,12,2011-02-01T10:00:00,2.95,12712,Germany
542782,22788,BROCANTE COAT RACK,4,2011-02-01T10:00:00,9.95,12712,Germany
542782,22914,BLUE COAT RACK PARIS FASHION,6,2011-02-01T10:00:00,4.95,12712,Germany
542782,POST,POSTAGE,2,2011-02-01T10:00:00,18,12712,Germany
542783,21690,,4,2011-02-01T10:02:00,0,,United Kingdom
542784,84795C,,3,2011-02-01T10:04:00,0,,United Kingdom
542785,48194,DOORMAT HEARTS,10,2011-02-01T10:14:00,6.75,13881,United Kingdom
542785,48188,DOORMAT WELCOME PUPPIES,10,2011-02-01T10:14:00,6.75,13881,United Kingdom
542785,22149,FELTCRAFT 6 FLOWER FRIENDS,40,2011-02-01T10:14:00,1.85,13881,United Kingdom
542785,22150,3 STRIPEY MICE FELTCRAFT,40,2011-02-01T10:14:00,1.65,13881,United Kingdom
542785,21922,UNION STRIPE WITH FRINGE  HAMMOCK,12,2011-02-01T10:14:00,6.95,13881,United Kingdom
542785,84795B,SUNSET CHECK HAMMOCK,12,2011-02-01T10:14:00,6.95,13881,United Kingdom
542785,84050,PINK HEART SHAPE EGG FRYING PAN,72,2011-02-01T10:14:00,1.25,13881,United Kingdom
542785,84789,ENCHANTED BIRD PLANT CAGE,16,2011-02-01T10:14:00,2.95,13881,United Kingdom
542785,21080,SET/20 RED RETROSPOT PAPER NAPKINS ,96,2011-02-01T10:14:00,0.64,13881,United Kingdom
542785,22354,RETROSPOT PADDED SEAT CUSHION,30,2011-02-01T10:14:00,3.39,13881,United Kingdom
542785,16016,LARGE CHINESE STYLE SCISSOR,200,2011-02-01T10:14:00,0.72,13881,United Kingdom
542785,21181,PLEASE ONE PERSON METAL SIGN,48,2011-02-01T10:14:00,1.85,13881,United Kingdom
542785,84992,72 SWEETHEART FAIRY CAKE CASES,120,2011-02-01T10:14:00,0.42,13881,United Kingdom
542786,22970,LONDON BUS COFFEE MUG,6,2011-02-01T10:15:00,2.55,17314,United Kingdom
542786,22616,PACK OF 12 LONDON TISSUES ,24,2011-02-01T10:15:00,0.29,17314,United Kingdom
542786,22902,TOTE BAG I LOVE LONDON,12,2011-02-01T10:15:00,2.1,17314,United Kingdom
542786,22134,MINI LADLE LOVE HEART RED ,12,2011-02-01T10:15:00,0.42,17314,United Kingdom
542786,22131,FOOD CONTAINER SET 3 LOVE HEART ,6,2011-02-01T10:15:00,1.95,17314,United Kingdom
542786,22931,BAKING MOULD HEART WHITE CHOCOLATE,6,2011-02-01T10:15:00,2.55,17314,United Kingdom
542786,22930,BAKING MOULD HEART MILK CHOCOLATE,6,2011-02-01T10:15:00,2.55,17314,United Kingdom
542786,20832,RED FLOCK LOVE HEART PHOTO FRAME,24,2011-02-01T10:15:00,0.85,17314,United Kingdom
542786,21975,PACK OF 60 DINOSAUR CAKE CASES,24,2011-02-01T10:15:00,0.55,17314,United Kingdom
542786,21212,PACK OF 72 RETROSPOT CAKE CASES,24,2011-02-01T10:15:00,0.55,17314,United Kingdom
542786,22951,60 CAKE CASES DOLLY GIRL DESIGN,24,2011-02-01T10:15:00,0.55,17314,United Kingdom
542786,20679,EDWARDIAN PARASOL RED,3,2011-02-01T10:15:00,5.95,17314,United Kingdom
542786,85014A,BLACK/BLUE POLKADOT UMBRELLA,3,2011-02-01T10:15:00,5.95,17314,United Kingdom
542786,21706,FOLDING UMBRELLA RED/WHITE POLKADOT,4,2011-02-01T10:15:00,4.95,17314,United Kingdom
542786,21707,FOLDING UMBRELLA BLACKBLUE POLKADOT,4,2011-02-01T10:15:00,4.95,17314,United Kingdom
542786,21355,TOAST ITS - I LOVE YOU ,24,2011-02-01T10:15:00,1.25,17314,United Kingdom
542786,22137,BATHROOM SET LOVE HEART DESIGN,12,2011-02-01T10:15:00,2.95,17314,United Kingdom
542786,20985,HEART CALCULATOR,12,2011-02-01T10:15:00,1.25,17314,United Kingdom
542786,21314,SMALL GLASS HEART TRINKET POT,8,2011-02-01T10:15:00,2.1,17314,United Kingdom
542786,22644,CERAMIC CHERRY CAKE MONEY BANK,12,2011-02-01T10:15:00,1.45,17314,United Kingdom
542786,21563,RED HEART SHAPE LOVE BUCKET ,6,2011-02-01T10:15:00,2.95,17314,United Kingdom
C542787,85141,JARDIN ETCHED GLASS FRUITBOWL,-1,2011-02-01T10:22:00,8.95,15864,United Kingdom
C542787,21319,GLASS CHALICE GREEN  SMALL ,-1,2011-02-01T10:22:00,1.65,15864,United Kingdom
C542787,21318,GLASS CHALICE BLUE SMALL ,-2,2011-02-01T10:22:00,1.65,15864,United Kingdom
542788,21977,PACK OF 60 PINK PAISLEY CAKE CASES,48,2011-02-01T10:37:00,0.55,16570,United Kingdom
542788,22402,MAGNETS PACK OF 4 VINTAGE COLLAGE,12,2011-02-01T10:37:00,1.25,16570,United Kingdom
542788,22398,MAGNETS PACK OF 4 SWALLOWS,12,2011-02-01T10:37:00,1.25,16570,United Kingdom
542788,22727,ALARM CLOCK BAKELIKE RED ,4,2011-02-01T10:37:00,3.75,16570,United Kingdom
542788,22726,ALARM CLOCK BAKELIKE GREEN,4,2011-02-01T10:37:00,3.75,16570,United Kingdom
542788,22969,HOMEMADE JAM SCENTED CANDLES,96,2011-02-01T10:37:00,1.25,16570,United Kingdom
542788,84978,HANGING HEART JAR T-LIGHT HOLDER,36,2011-02-01T10:37:00,1.06,16570,United Kingdom
542788,22281,EASTER TREE YELLOW BIRDS,4,2011-02-01T10:37:00,5.95,16570,United Kingdom
542788,22957,SET 3 PAPER VINTAGE CHICK PAPER EGG,6,2011-02-01T10:37:00,2.95,16570,United Kingdom
542788,22856,ASSORTED EASTER DECORATIONS  BELLS,12,2011-02-01T10:37:00,1.25,16570,United Kingdom
542788,22148,EASTER CRAFT 4 CHICKS ,24,2011-02-01T10:37:00,1.95,16570,United Kingdom
542788,22863,SOAP DISH BROCANTE,8,2011-02-01T10:37:00,2.95,16570,United Kingdom
542788,84970S,HANGING HEART ZINC T-LIGHT HOLDER,24,2011-02-01T10:37:00,0.85,16570,United Kingdom
542788,21212,PACK OF 72 RETROSPOT CAKE CASES,48,2011-02-01T10:37:00,0.55,16570,United Kingdom
542788,22692,DOORMAT WELCOME TO OUR HOME,4,2011-02-01T10:37:00,7.95,16570,United Kingdom
542789,47566,PARTY BUNTING,100,2011-02-01T10:38:00,3.75,17511,United Kingdom
542789,22668,PINK BABY BUNTING,50,2011-02-01T10:38:00,2.55,17511,United Kingdom
542789,47590A,BLUE HAPPY BIRTHDAY BUNTING,12,2011-02-01T10:38:00,5.45,17511,United Kingdom
542789,47590B,PINK HAPPY BIRTHDAY BUNTING,12,2011-02-01T10:38:00,5.45,17511,United Kingdom
542789,22024,RAINY LADIES BIRTHDAY CARD,72,2011-02-01T10:38:00,0.36,17511,United Kingdom
542789,22029,SPACEBOY BIRTHDAY CARD,72,2011-02-01T10:38:00,0.36,17511,United Kingdom
542789,22045,SPACEBOY GIFT WRAP,25,2011-02-01T10:38:00,0.42,17511,United Kingdom
542789,16161U,WRAP SUKI AND FRIENDS,25,2011-02-01T10:38:00,0.42,17511,United Kingdom
542789,22716,CARD CIRCUS PARADE,72,2011-02-01T10:38:00,0.36,17511,United Kingdom
542789,22759,SET OF 3 NOTEBOOKS IN PARCEL,96,2011-02-01T10:38:00,1.45,17511,United Kingdom
542789,21239,PINK  POLKADOT CUP,96,2011-02-01T10:38:00,0.72,17511,United Kingdom
542789,20676,RED RETROSPOT BOWL,72,2011-02-01T10:38:00,1.06,17511,United Kingdom
542789,20677,PINK POLKADOT BOWL,72,2011-02-01T10:38:00,1.06,17511,United Kingdom
542789,20675,BLUE POLKADOT BOWL,72,2011-02-01T10:38:00,1.06,17511,United Kingdom
542789,20674,GREEN POLKADOT BOWL,72,2011-02-01T10:38:00,1.06,17511,United Kingdom
542789,21243,PINK  POLKADOT PLATE ,96,2011-02-01T10:38:00,1.45,17511,United Kingdom
542789,21947,SET OF 6 HEART CHOPSTICKS,12,2011-02-01T10:38:00,1.25,17511,United Kingdom
542789,21930,JUMBO STORAGE BAG SKULLS,100,2011-02-01T10:38:00,1.65,17511,United Kingdom
542789,22385,JUMBO BAG SPACEBOY DESIGN,100,2011-02-01T10:38:00,1.65,17511,United Kingdom
542789,85099B,JUMBO BAG RED RETROSPOT,100,2011-02-01T10:38:00,1.65,17511,United Kingdom
542789,85099F,JUMBO BAG STRAWBERRY,100,2011-02-01T10:38:00,1.65,17511,United Kingdom
542789,84879,ASSORTED COLOUR BIRD ORNAMENT,160,2011-02-01T10:38:00,1.45,17511,United Kingdom
542789,21755,LOVE BUILDING BLOCK WORD,18,2011-02-01T10:38:00,5.45,17511,United Kingdom
542789,21754,HOME BUILDING BLOCK WORD,18,2011-02-01T10:38:00,5.45,17511,United Kingdom
542789,21041,RED RETROSPOT OVEN GLOVE DOUBLE,12,2011-02-01T10:38:00,2.95,17511,United Kingdom
542789,21154,RED RETROSPOT OVEN GLOVE ,10,2011-02-01T10:38:00,1.25,17511,United Kingdom
542789,85208,SET/12 FUNKY FELT FLOWER PEG IN BAG,96,2011-02-01T10:38:00,1.69,17511,United Kingdom
542789,22254,FELT TOADSTOOL LARGE,24,2011-02-01T10:38:00,1.25,17511,United Kingdom
542789,22255,FELT TOADSTOOL  SMALL,48,2011-02-01T10:38:00,0.85,17511,United Kingdom
542789,22722,SET OF 6 SPICE TINS PANTRY DESIGN,24,2011-02-01T10:38:00,3.45,17511,United Kingdom
542789,23230,WRAP ALPHABET DESIGN,25,2011-02-01T10:38:00,0.42,17511,United Kingdom
542789,23231,WRAP DOILEY DESIGN,25,2011-02-01T10:38:00,0.42,17511,United Kingdom
542789,23232,WRAP VINTAGE PETALS  DESIGN,25,2011-02-01T10:38:00,0.42,17511,United Kingdom
542789,23233,WRAP POPPIES  DESIGN,50,2011-02-01T10:38:00,0.42,17511,United Kingdom
542789,82484,WOOD BLACK BOARD ANT WHITE FINISH,12,2011-02-01T10:38:00,5.55,17511,United Kingdom
542789,22170,PICTURE FRAME WOOD TRIPLE PORTRAIT,12,2011-02-01T10:38:00,5.95,17511,United Kingdom
542789,85123A,WHITE HANGING HEART T-LIGHT HOLDER,32,2011-02-01T10:38:00,2.55,17511,United Kingdom
542789,21166,COOK WITH WINE METAL SIGN ,48,2011-02-01T10:38:00,1.69,17511,United Kingdom
542789,82600,NO SINGING METAL SIGN,48,2011-02-01T10:38:00,1.69,17511,United Kingdom
542789,21165,BEWARE OF THE CAT METAL SIGN ,48,2011-02-01T10:38:00,1.45,17511,United Kingdom
542789,21563,RED HEART SHAPE LOVE BUCKET ,60,2011-02-01T10:38:00,2.55,17511,United Kingdom
542789,21564,PINK  HEART SHAPE LOVE BUCKET ,60,2011-02-01T10:38:00,2.55,17511,United Kingdom
542789,21080,SET/20 RED RETROSPOT PAPER NAPKINS ,96,2011-02-01T10:38:00,0.64,17511,United Kingdom
542789,22354,RETROSPOT PADDED SEAT CUSHION,30,2011-02-01T10:38:00,3.39,17511,United Kingdom
542789,21430,SET/3 RED GINGHAM ROSE STORAGE BOX,24,2011-02-01T10:38:00,3.39,17511,United Kingdom
542789,21484,CHICK GREY HOT WATER BOTTLE,36,2011-02-01T10:38:00,2.95,17511,United Kingdom
542789,21499,BLUE POLKADOT WRAP,25,2011-02-01T10:38:00,0.42,17511,United Kingdom
542789,21495,SKULLS AND CROSSBONES WRAP,25,2011-02-01T10:38:00,0.42,17511,United Kingdom
542789,22046,TEA PARTY  WRAPPING PAPER ,25,2011-02-01T10:38:00,0.42,17511,United Kingdom
542789,22817,CARD SUKI BIRTHDAY,72,2011-02-01T10:38:00,0.36,17511,United Kingdom
542789,22983,CARD BILLBOARD FONT,72,2011-02-01T10:38:00,0.36,17511,United Kingdom
542789,16156S,WRAP PINK FAIRY CAKES ,25,2011-02-01T10:38:00,0.42,17511,United Kingdom
542789,22970,LONDON BUS COFFEE MUG,36,2011-02-01T10:38:00,2.1,17511,United Kingdom
542789,22383,LUNCH BAG SUKI  DESIGN ,100,2011-02-01T10:38:00,1.45,17511,United Kingdom
542789,21121,SET/10 RED POLKADOT PARTY CANDLES,24,2011-02-01T10:38:00,1.25,17511,United Kingdom
542789,21122,SET/10 PINK POLKADOT PARTY CANDLES,24,2011-02-01T10:38:00,1.25,17511,United Kingdom
542789,21123,SET/10 IVORY POLKADOT PARTY CANDLES,24,2011-02-01T10:38:00,1.25,17511,United Kingdom
542789,21124,SET/10 BLUE POLKADOT PARTY CANDLES,24,2011-02-01T10:38:00,1.25,17511,United Kingdom
542790,21217,RED RETROSPOT ROUND CAKE TINS,2,2011-02-01T10:38:00,9.95,16612,United Kingdom
542790,22427,ENAMEL FLOWER JUG CREAM,3,2011-02-01T10:38:00,5.95,16612,United Kingdom
542790,62086A,PINK RETRO BIG FLOWER BAG,6,2011-02-01T10:38:00,1.95,16612,United Kingdom
542790,21790,VINTAGE SNAP CARDS,12,2011-02-01T10:38:00,0.85,16612,United Kingdom
542790,21875,KINGS CHOICE MUG,12,2011-02-01T10:38:00,1.25,16612,United Kingdom
542790,22358,KINGS CHOICE TEA CADDY ,6,2011-02-01T10:38:00,2.95,16612,United Kingdom
542790,22178,VICTORIAN GLASS HANGING T-LIGHT,12,2011-02-01T10:38:00,1.25,16612,United Kingdom
542790,48194,DOORMAT HEARTS,2,2011-02-01T10:38:00,7.95,16612,United Kingdom
542790,22467,GUMBALL COAT RACK,6,2011-02-01T10:38:00,2.55,16612,United Kingdom
542790,22855,FINE WICKER HEART ,12,2011-02-01T10:38:00,1.25,16612,United Kingdom
542790,85099B,JUMBO BAG RED RETROSPOT,10,2011-02-01T10:38:00,1.95,16612,United Kingdom
542790,21931,JUMBO STORAGE BAG SUKI,10,2011-02-01T10:38:00,1.95,16612,United Kingdom
542790,21389,IVORY HANGING DECORATION  BIRD,12,2011-02-01T10:38:00,0.85,16612,United Kingdom
542790,21713,CITRONELLA CANDLE FLOWERPOT,8,2011-02-01T10:38:00,2.1,16612,United Kingdom
542790,21714,CITRONELLA CANDLE GARDEN POT,12,2011-02-01T10:38:00,1.25,16612,United Kingdom
542790,85123A,WHITE HANGING HEART T-LIGHT HOLDER,6,2011-02-01T10:38:00,2.95,16612,United Kingdom
542790,21742,LARGE ROUND WICKER PLATTER ,2,2011-02-01T10:38:00,5.95,16612,United Kingdom
542790,22690,DOORMAT HOME SWEET HOME BLUE ,2,2011-02-01T10:38:00,7.95,16612,United Kingdom
542791,22692,DOORMAT WELCOME TO OUR HOME,2,2011-02-01T10:47:00,7.95,15039,United Kingdom
542791,22366,DOORMAT AIRMAIL ,1,2011-02-01T10:47:00,7.95,15039,United Kingdom
542791,22365,DOORMAT RESPECTABLE HOUSE,1,2011-02-01T10:47:00,7.95,15039,United Kingdom
542791,47566B,TEA TIME PARTY BUNTING,3,2011-02-01T10:47:00,4.65,15039,United Kingdom
542791,84508A,CAMOUFLAGE DESIGN TEDDY,1,2011-02-01T10:47:00,2.55,15039,United Kingdom
542791,21055,TOOL BOX SOFT TOY ,2,2011-02-01T10:47:00,8.95,15039,United Kingdom
542791,84313B,BLUE TV TRAY TABLE ,3,2011-02-01T10:47:00,4.25,15039,United Kingdom
542791,85099C,JUMBO  BAG BAROQUE BLACK WHITE,10,2011-02-01T10:47:00,1.95,15039,United Kingdom
542791,22385,JUMBO BAG SPACEBOY DESIGN,10,2011-02-01T10:47:00,1.95,15039,United Kingdom
542791,22411,JUMBO SHOPPER VINTAGE RED PAISLEY,10,2011-02-01T10:47:00,1.95,15039,United Kingdom
542791,22624,IVORY KITCHEN SCALES,12,2011-02-01T10:47:00,7.65,15039,United Kingdom
542791,22775,PURPLE DRAWERKNOB ACRYLIC EDWARDIAN,12,2011-02-01T10:47:00,1.25,15039,United Kingdom
542791,22064,PINK DOUGHNUT TRINKET POT ,2,2011-02-01T10:47:00,1.65,15039,United Kingdom
542791,85099B,JUMBO BAG RED RETROSPOT,20,2011-02-01T10:47:00,1.95,15039,United Kingdom
542791,22374,AIRLINE BAG VINTAGE JET SET RED,1,2011-02-01T10:47:00,4.25,15039,United Kingdom
542791,22219,LOVEBIRD HANGING DECORATION WHITE ,4,2011-02-01T10:47:00,0.85,15039,United Kingdom
542791,22079,RIBBON REEL HEARTS DESIGN ,5,2011-02-01T10:47:00,1.65,15039,United Kingdom
542791,85049E,SCANDINAVIAN REDS RIBBONS,1,2011-02-01T10:47:00,1.25,15039,United Kingdom
542791,85049G,CHOCOLATE BOX RIBBONS ,1,2011-02-01T10:47:00,1.25,15039,United Kingdom
542791,85049C,ROMANTIC PINKS RIBBONS ,1,2011-02-01T10:47:00,1.25,15039,United Kingdom
542791,22435,SET OF 9 HEART SHAPED BALLOONS,10,2011-02-01T10:47:00,1.25,15039,United Kingdom
542791,22470,HEART OF WICKER LARGE,2,2011-02-01T10:47:00,2.95,15039,United Kingdom
542791,21535,RED RETROSPOT SMALL MILK JUG,1,2011-02-01T10:47:00,2.55,15039,United Kingdom
542791,22469,HEART OF WICKER SMALL,4,2011-02-01T10:47:00,1.65,15039,United Kingdom
542791,22667,RECIPE BOX RETROSPOT ,1,2011-02-01T10:47:00,2.95,15039,United Kingdom
542791,22665,RECIPE BOX BLUE SKETCHBOOK DESIGN,1,2011-02-01T10:47:00,2.95,15039,United Kingdom
542791,21755,LOVE BUILDING BLOCK WORD,2,2011-02-01T10:47:00,5.95,15039,United Kingdom
542791,22553,PLASTERS IN TIN SKULLS,1,2011-02-01T10:47:00,1.65,15039,United Kingdom
542791,21313,GLASS HEART T-LIGHT HOLDER ,5,2011-02-01T10:47:00,0.85,15039,United Kingdom
542791,21232,STRAWBERRY CERAMIC TRINKET BOX,1,2011-02-01T10:47:00,1.25,15039,United Kingdom
542791,22021,BLUE FELT EASTER EGG BASKET,7,2011-02-01T10:47:00,1.65,15039,United Kingdom
542791,85206A,CREAM FELT EASTER EGG BASKET,4,2011-02-01T10:47:00,1.65,15039,United Kingdom
542791,21231,SWEETHEART CERAMIC TRINKET BOX,1,2011-02-01T10:47:00,1.25,15039,United Kingdom
542791,84988,SET OF 72 PINK HEART PAPER DOILIES,9,2011-02-01T10:47:00,1.45,15039,United Kingdom
542791,22382,LUNCH BAG SPACEBOY DESIGN ,2,2011-02-01T10:47:00,1.65,15039,United Kingdom
542791,22720,SET OF 3 CAKE TINS PANTRY DESIGN ,2,2011-02-01T10:47:00,4.95,15039,United Kingdom
542791,84406B,CREAM CUPID HEARTS COAT HANGER,3,2011-02-01T10:47:00,3.25,15039,United Kingdom
542791,82484,WOOD BLACK BOARD ANT WHITE FINISH,1,2011-02-01T10:47:00,6.45,15039,United Kingdom
542791,71053,WHITE METAL LANTERN,5,2011-02-01T10:47:00,3.75,15039,United Kingdom
C542792,22730,ALARM CLOCK BAKELIKE IVORY,-1,2011-02-01T10:49:00,3.75,14627,United Kingdom
C542792,22505,MEMO BOARD COTTAGE DESIGN,-1,2011-02-01T10:49:00,4.95,14627,United Kingdom
C542792,21259,VICTORIAN SEWING BOX SMALL ,-1,2011-02-01T10:49:00,5.95,14627,United Kingdom
C542792,22891,TEA FOR ONE POLKADOT,-1,2011-02-01T10:49:00,4.25,14627,United Kingdom
C542792,85123A,WHITE HANGING HEART T-LIGHT HOLDER,-1,2011-02-01T10:49:00,2.95,14627,United Kingdom
C542793,22891,TEA FOR ONE POLKADOT,-6,2011-02-01T10:52:00,4.25,14113,United Kingdom
C542793,22111,SCOTTIE DOG HOT WATER BOTTLE,-72,2011-02-01T10:52:00,4.25,14113,United Kingdom
542794,10135,COLOURING PENCILS BROWN TUBE,1,2011-02-01T10:56:00,2.46,,United Kingdom
542794,20662,FIRST CLASS HOLIDAY PURSE ,1,2011-02-01T10:56:00,2.46,,United Kingdom
542794,20685,DOORMAT RED RETROSPOT,1,2011-02-01T10:56:00,14.13,,United Kingdom
542794,20712,JUMBO BAG WOODLAND ANIMALS,1,2011-02-01T10:56:00,4.13,,United Kingdom
542794,20713,JUMBO BAG OWLS,1,2011-02-01T10:56:00,4.13,,United Kingdom
542794,20719,WOODLAND CHARLOTTE BAG,1,2011-02-01T10:56:00,1.63,,United Kingdom
542794,21000,ROSE DU SUD COSMETICS BAG,1,2011-02-01T10:56:00,3.29,,United Kingdom
542794,21001,ROSE DU SUD WASHBAG ,1,2011-02-01T10:56:00,4.13,,United Kingdom
542794,21002,ROSE DU SUD DRAWSTRING BAG,1,2011-02-01T10:56:00,3.29,,United Kingdom
542794,21107,CREAM SLICE FLANNEL PINK SPOT ,1,2011-02-01T10:56:00,5.79,,United Kingdom
542794,21155,RED RETROSPOT PEG BAG,1,2011-02-01T10:56:00,4.13,,United Kingdom
542794,21169,YOU'RE CONFUSING ME METAL SIGN ,1,2011-02-01T10:56:00,4.13,,United Kingdom
542794,21216,"SET 3 RETROSPOT TEA,COFFEE,SUGAR",1,2011-02-01T10:56:00,10.79,,United Kingdom
542794,21231,SWEETHEART CERAMIC TRINKET BOX,1,2011-02-01T10:56:00,2.46,,United Kingdom
542794,21232,STRAWBERRY CERAMIC TRINKET BOX,3,2011-02-01T10:56:00,2.46,,United Kingdom
542794,21259,VICTORIAN SEWING BOX SMALL ,1,2011-02-01T10:56:00,12.46,,United Kingdom
542794,21363,HOME SMALL WOOD LETTERS,1,2011-02-01T10:56:00,10.79,,United Kingdom
542794,21563,RED HEART SHAPE LOVE BUCKET ,1,2011-02-01T10:56:00,5.79,,United Kingdom
542794,21672,WHITE SPOT RED CERAMIC DRAWER KNOB,12,2011-02-01T10:56:00,2.46,,United Kingdom
542794,21717,EASTER TIN BUCKET,1,2011-02-01T10:56:00,4.96,,United Kingdom
542794,21792,CLASSIC FRENCH STYLE BASKET GREEN ,1,2011-02-01T10:56:00,13.29,,United Kingdom
542794,21801,CHRISTMAS TREE DECORATION WITH BELL,6,2011-02-01T10:56:00,0.42,,United Kingdom
542794,21812,GARLAND WITH HEARTS AND BELLS,1,2011-02-01T10:56:00,9.96,,United Kingdom
542794,21815,STAR  T-LIGHT HOLDER ,1,2011-02-01T10:56:00,2.92,,United Kingdom
542794,21873,IF YOU CAN'T STAND THE HEAT MUG,1,2011-02-01T10:56:00,3.29,,United Kingdom
542794,21891,TRADITIONAL WOODEN SKIPPING ROPE,1,2011-02-01T10:56:00,2.46,,United Kingdom
542794,21906,PHARMACIE FIRST AID TIN,1,2011-02-01T10:56:00,13.29,,United Kingdom
542794,21930,JUMBO STORAGE BAG SKULLS,1,2011-02-01T10:56:00,4.13,,United Kingdom
542794,21935,SUKI  SHOULDER BAG,1,2011-02-01T10:56:00,3.29,,United Kingdom
542794,21977,PACK OF 60 PINK PAISLEY CAKE CASES,1,2011-02-01T10:56:00,1.25,,United Kingdom
542794,21990,MODERN FLORAL STATIONERY SET,2,2011-02-01T10:56:00,2.46,,United Kingdom
542794,21991,BOHEMIAN COLLAGE STATIONERY SET,1,2011-02-01T10:56:00,2.46,,United Kingdom
542794,22055,MINI CAKE STAND  HANGING STRAWBERY,1,2011-02-01T10:56:00,3.29,,United Kingdom
542794,22070,SMALL RED RETROSPOT MUG IN BOX ,1,2011-02-01T10:56:00,7.46,,United Kingdom
542794,22135,MINI LADLE LOVE HEART PINK,2,2011-02-01T10:56:00,0.83,,United Kingdom
542794,22147,FELTCRAFT BUTTERFLY HEARTS,3,2011-02-01T10:56:00,3.29,,United Kingdom
542794,22156,HEART DECORATION WITH PEARLS ,1,2011-02-01T10:56:00,1.63,,United Kingdom
542794,22173,METAL 4 HOOK HANGER FRENCH CHATEAU,1,2011-02-01T10:56:00,5.79,,United Kingdom
542794,22182,CAKE STAND VICTORIAN FILIGREE SMALL,1,2011-02-01T10:56:00,4.13,,United Kingdom
542794,22183,CAKE STAND VICTORIAN FILIGREE MED,2,2011-02-01T10:56:00,5.79,,United Kingdom
542794,22196,SMALL HEART MEASURING SPOONS,1,2011-02-01T10:56:00,1.63,,United Kingdom
542794,22248,DECORATION  PINK CHICK MAGIC GARDEN,2,2011-02-01T10:56:00,1.63,,United Kingdom
542794,22281,EASTER TREE YELLOW BIRDS,1,2011-02-01T10:56:00,12.46,,United Kingdom
542794,22301,COFFEE MUG CAT + BIRD DESIGN,1,2011-02-01T10:56:00,4.96,,United Kingdom
542794,22379,RECYCLING BAG RETROSPOT ,1,2011-02-01T10:56:00,4.13,,United Kingdom
542794,22457,NATURAL SLATE HEART CHALKBOARD ,1,2011-02-01T10:56:00,5.79,,United Kingdom
542794,22467,GUMBALL COAT RACK,2,2011-02-01T10:56:00,4.96,,United Kingdom
542794,22489,PACK OF 12 TRADITIONAL CRAYONS,2,2011-02-01T10:56:00,0.83,,United Kingdom
542794,22508,DOORSTOP RETROSPOT HEART,1,2011-02-01T10:56:00,7.46,,United Kingdom
542794,22555,PLASTERS IN TIN STRONGMAN,5,2011-02-01T10:56:00,3.29,,United Kingdom
542794,22558,CLOTHES PEGS RETROSPOT PACK 24 ,2,2011-02-01T10:56:00,2.46,,United Kingdom
542794,22605,WOODEN CROQUET GARDEN SET,1,2011-02-01T10:56:00,24.96,,United Kingdom
542794,22625,RED KITCHEN SCALES,1,2011-02-01T10:56:00,16.63,,United Kingdom
542794,22666,RECIPE BOX PANTRY YELLOW DESIGN,1,2011-02-01T10:56:00,5.79,,United Kingdom
542794,22672,FRENCH BATHROOM SIGN BLUE METAL,1,2011-02-01T10:56:00,3.29,,United Kingdom
542794,22728,ALARM CLOCK BAKELIKE PINK,1,2011-02-01T10:56:00,7.46,,United Kingdom
542794,22772,PINK DRAWER KNOB ACRYLIC EDWARDIAN,10,2011-02-01T10:56:00,2.46,,United Kingdom
542794,22800,ANTIQUE TALL SWIRLGLASS TRINKET POT,1,2011-02-01T10:56:00,7.46,,United Kingdom
542794,22804,CANDLEHOLDER PINK HANGING HEART,1,2011-02-01T10:56:00,3.29,,United Kingdom
542794,22819,"BIRTHDAY CARD, RETRO SPOT",3,2011-02-01T10:56:00,0.83,,United Kingdom
542794,22908,PACK OF 20 NAPKINS RED APPLES,1,2011-02-01T10:56:00,1.63,,United Kingdom
542794,22960,JAM MAKING SET WITH JARS,1,2011-02-01T10:56:00,8.29,,United Kingdom
542794,22971,QUEENS GUARD COFFEE MUG,1,2011-02-01T10:56:00,4.96,,United Kingdom
542794,22973,CHILDREN'S CIRCUS PARADE MUG,1,2011-02-01T10:56:00,3.29,,United Kingdom
542794,22983,CARD BILLBOARD FONT,3,2011-02-01T10:56:00,0.83,,United Kingdom
542794,37448,CERAMIC CAKE DESIGN SPOTTED MUG,2,2011-02-01T10:56:00,3.29,,United Kingdom
542794,37450,CERAMIC CAKE BOWL + HANGING CAKES,1,2011-02-01T10:56:00,5.79,,United Kingdom
542794,82582,AREA PATROLLED METAL SIGN,1,2011-02-01T10:56:00,4.13,,United Kingdom
542794,84006,MAGIC TREE -PAPER FLOWERS,5,2011-02-01T10:56:00,1.63,,United Kingdom
542794,84030E,ENGLISH ROSE HOT WATER BOTTLE,1,2011-02-01T10:56:00,8.29,,United Kingdom
542794,84031A,CHARLIE+LOLA RED HOT WATER BOTTLE ,1,2011-02-01T10:56:00,4.13,,United Kingdom
542794,84086C,PINK/PURPLE RETRO RADIO,1,2011-02-01T10:56:00,4.13,,United Kingdom
542794,84279B,CHERRY BLOSSOM DECORATIVE FLASK,1,2011-02-01T10:56:00,8.29,,United Kingdom
542794,84375,SET OF 20 KIDS COOKIE CUTTERS,2,2011-02-01T10:56:00,4.13,,United Kingdom
542794,84378,SET OF 3 HEART COOKIE CUTTERS,1,2011-02-01T10:56:00,2.46,,United Kingdom
542794,84459A,PINK METAL CHICKEN HEART ,1,2011-02-01T10:56:00,3.29,,United Kingdom
542794,84459B,YELLOW METAL CHICKEN HEART ,2,2011-02-01T10:56:00,3.29,,United Kingdom
542794,84660B,BLACK STITCHED WALL CLOCK,1,2011-02-01T10:56:00,7.46,,United Kingdom
542794,84688,BEACH HUT DESIGN BLACKBOARD,1,2011-02-01T10:56:00,8.29,,United Kingdom
542794,84792,ENCHANTED BIRD COATHANGER 5 HOOK,1,2011-02-01T10:56:00,9.13,,United Kingdom
542794,84968C,SET OF 16 VINTAGE PISTACHIO CUTLERY,1,2011-02-01T10:56:00,24.96,,United Kingdom
542794,84969,BOX OF 6 ASSORTED COLOUR TEASPOONS,1,2011-02-01T10:56:00,3.29,,United Kingdom
542794,85017B,ENVELOPE 50 BLOSSOM IMAGES,1,2011-02-01T10:56:00,0.83,,United Kingdom
542794,85053,FRENCH ENAMEL CANDLEHOLDER,1,2011-02-01T10:56:00,4.13,,United Kingdom
542794,85099C,JUMBO  BAG BAROQUE BLACK WHITE,2,2011-02-01T10:56:00,4.13,,United Kingdom
542794,85131A,BEADED PEARL HEART WHITE ON STICK,2,2011-02-01T10:56:00,0.83,,United Kingdom
542794,85132B,CHARLIE AND LOLA TABLE TINS,1,2011-02-01T10:56:00,8.29,,United Kingdom
542794,DOT,DOTCOM POSTAGE,1,2011-02-01T10:56:00,86.77,,United Kingdom
542795,21485,RETROSPOT HEART HOT WATER BOTTLE,6,2011-02-01T10:59:00,4.95,18055,United Kingdom
542795,22113,GREY HEART HOT WATER BOTTLE,8,2011-02-01T10:59:00,3.75,18055,United Kingdom
542795,22112,CHOCOLATE HOT WATER BOTTLE,6,2011-02-01T10:59:00,4.95,18055,United Kingdom
542795,79000,MOROCCAN TEA GLASS,24,2011-02-01T10:59:00,0.85,18055,United Kingdom
542795,84879,ASSORTED COLOUR BIRD ORNAMENT,24,2011-02-01T10:59:00,1.69,18055,United Kingdom
542795,21586,KINGS CHOICE GIANT TUBE MATCHES,12,2011-02-01T10:59:00,2.55,18055,United Kingdom
542795,21217,RED RETROSPOT ROUND CAKE TINS,2,2011-02-01T10:59:00,9.95,18055,United Kingdom
542795,22720,SET OF 3 CAKE TINS PANTRY DESIGN ,6,2011-02-01T10:59:00,4.95,18055,United Kingdom
542795,22802,FAUX FUR CHOCOLATE THROW,1,2011-02-01T10:59:00,19.95,18055,United Kingdom
542795,22476,EMPIRE UNION JACK TV DINNER TRAY,3,2011-02-01T10:59:00,4.95,18055,United Kingdom
542795,22475,SKULL DESIGN TV DINNER TRAY,3,2011-02-01T10:59:00,4.95,18055,United Kingdom
542795,22138,BAKING SET 9 PIECE RETROSPOT ,3,2011-02-01T10:59:00,4.95,18055,United Kingdom
542795,22617,BAKING SET SPACEBOY DESIGN,3,2011-02-01T10:59:00,4.95,18055,United Kingdom
542795,22795,SWEETHEART RECIPE BOOK STAND,4,2011-02-01T10:59:00,6.75,18055,United Kingdom
542796,22021,BLUE FELT EASTER EGG BASKET,17,2011-02-01T11:07:00,1.65,17356,United Kingdom
542796,85206A,CREAM FELT EASTER EGG BASKET,18,2011-02-01T11:07:00,1.65,17356,United Kingdom
542796,22196,SMALL HEART MEASURING SPOONS,5,2011-02-01T11:07:00,0.85,17356,United Kingdom
542796,20832,RED FLOCK LOVE HEART PHOTO FRAME,6,2011-02-01T11:07:00,0.85,17356,United Kingdom
542796,21355,TOAST ITS - I LOVE YOU ,6,2011-02-01T11:07:00,1.25,17356,United Kingdom
542796,22261,FELT EGG COSY WHITE RABBIT ,10,2011-02-01T11:07:00,0.85,17356,United Kingdom
542796,22260,FELT EGG COSY BLUE RABBIT ,10,2011-02-01T11:07:00,0.85,17356,United Kingdom
542796,22132,RED LOVE HEART SHAPE CUP,4,2011-02-01T11:07:00,0.85,17356,United Kingdom
542796,84050,PINK HEART SHAPE EGG FRYING PAN,6,2011-02-01T11:07:00,1.65,17356,United Kingdom
542796,21354,TOAST ITS - BEST MUM,6,2011-02-01T11:07:00,1.25,17356,United Kingdom
542796,21034,REX CASH+CARRY JUMBO SHOPPER,2,2011-02-01T11:07:00,0.95,17356,United Kingdom
542796,22113,GREY HEART HOT WATER BOTTLE,6,2011-02-01T11:07:00,3.75,17356,United Kingdom
542796,22563,HAPPY STENCIL CRAFT,6,2011-02-01T11:07:00,1.25,17356,United Kingdom
542796,22562,MONSTERS STENCIL CRAFT,6,2011-02-01T11:07:00,1.25,17356,United Kingdom
542796,21980,PACK OF 12 RED RETROSPOT TISSUES ,12,2011-02-01T11:07:00,0.29,17356,United Kingdom
542796,22616,PACK OF 12 LONDON TISSUES ,12,2011-02-01T11:07:00,0.29,17356,United Kingdom
542796,21985,PACK OF 12 HEARTS DESIGN TISSUES ,12,2011-02-01T11:07:00,0.29,17356,United Kingdom
542796,21986,PACK OF 12 PINK POLKADOT TISSUES,12,2011-02-01T11:07:00,0.29,17356,United Kingdom
542796,22435,SET OF 9 HEART SHAPED BALLOONS,10,2011-02-01T11:07:00,1.25,17356,United Kingdom
542797,21124,SET/10 BLUE POLKADOT PARTY CANDLES,2,2011-02-01T11:08:00,1.25,17884,United Kingdom
542797,21122,SET/10 PINK POLKADOT PARTY CANDLES,2,2011-02-01T11:08:00,1.25,17884,United Kingdom
542797,22493,PAINT YOUR OWN CANVAS SET,6,2011-02-01T11:08:00,1.65,17884,United Kingdom
542797,84077,WORLD WAR 2 GLIDERS ASSTD DESIGNS,48,2011-02-01T11:08:00,0.29,17884,United Kingdom
542797,22491,PACK OF 12 COLOURED PENCILS,12,2011-02-01T11:08:00,0.85,17884,United Kingdom
542797,21948,SET OF 6 CAKE CHOPSTICKS,2,2011-02-01T11:08:00,1.25,17884,United Kingdom
542797,22956,36 FOIL HEART CAKE CASES,1,2011-02-01T11:08:00,2.1,17884,United Kingdom
542797,22489,PACK OF 12 TRADITIONAL CRAYONS,24,2011-02-01T11:08:00,0.42,17884,United Kingdom
542797,22491,PACK OF 12 COLOURED PENCILS,12,2011-02-01T11:08:00,0.85,17884,United Kingdom
542797,22564,ALPHABET STENCIL CRAFT,24,2011-02-01T11:08:00,1.25,17884,United Kingdom
542797,21243,PINK  POLKADOT PLATE ,3,2011-02-01T11:08:00,1.69,17884,United Kingdom
542797,21245,GREEN POLKADOT PLATE ,3,2011-02-01T11:08:00,1.69,17884,United Kingdom
542797,21244,BLUE POLKADOT PLATE ,3,2011-02-01T11:08:00,1.69,17884,United Kingdom
542797,22557,PLASTERS IN TIN VINTAGE PAISLEY ,1,2011-02-01T11:08:00,1.65,17884,United Kingdom
542797,20674,GREEN POLKADOT BOWL,3,2011-02-01T11:08:00,1.25,17884,United Kingdom
542797,20677,PINK POLKADOT BOWL,3,2011-02-01T11:08:00,1.25,17884,United Kingdom
542797,20675,BLUE POLKADOT BOWL,3,2011-02-01T11:08:00,1.25,17884,United Kingdom
542797,84997C,BLUE 3 PIECE POLKADOT CUTLERY SET,2,2011-02-01T11:08:00,3.75,17884,United Kingdom
542797,84997D,PINK 3 PIECE POLKADOT CUTLERY SET,1,2011-02-01T11:08:00,3.75,17884,United Kingdom
542797,84997A,GREEN 3 PIECE POLKADOT CUTLERY SET,2,2011-02-01T11:08:00,3.75,17884,United Kingdom
542797,21224,SET/4 SKULL BADGES,20,2011-02-01T11:08:00,1.25,17884,United Kingdom
542797,21221,SET/4 BADGES CUTE CREATURES,20,2011-02-01T11:08:00,1.25,17884,United Kingdom
542797,21544,SKULLS  WATER TRANSFER TATTOOS ,50,2011-02-01T11:08:00,0.85,17884,United Kingdom
542797,21829,DINOSAUR KEYRINGS ASSORTED,36,2011-02-01T11:08:00,0.21,17884,United Kingdom
542797,22553,PLASTERS IN TIN SKULLS,1,2011-02-01T11:08:00,1.65,17884,United Kingdom
542797,22551,PLASTERS IN TIN SPACEBOY,1,2011-02-01T11:08:00,1.65,17884,United Kingdom
542797,20828,GLITTER BUTTERFLY CLIPS,3,2011-02-01T11:08:00,2.55,17884,United Kingdom
542797,20755,BLUE PAISLEY POCKET BOOK,30,2011-02-01T11:08:00,0.85,17884,United Kingdom
542797,21034,REX CASH+CARRY JUMBO SHOPPER,1,2011-02-01T11:08:00,0.95,17884,United Kingdom
C542798,21531,RED RETROSPOT SUGAR JAM BOWL,-1,2011-02-01T11:09:00,2.55,12477,Germany
C542798,21429,RED GINGHAM ROSE JEWELLERY BOX,-1,2011-02-01T11:09:00,1.65,12477,Germany
542800,22156,HEART DECORATION WITH PEARLS ,1,2011-02-01T11:16:00,0.72,14606,United Kingdom
542800,85054,FRENCH ENAMEL POT W LID,1,2011-02-01T11:16:00,2.95,14606,United Kingdom
542806,48194,DOORMAT HEARTS,1,2011-02-01T11:19:00,7.95,12836,United Kingdom
542806,21524,DOORMAT SPOTTY HOME SWEET HOME,1,2011-02-01T11:19:00,7.95,12836,United Kingdom
542806,22365,DOORMAT RESPECTABLE HOUSE,2,2011-02-01T11:19:00,7.95,12836,United Kingdom
542806,48188,DOORMAT WELCOME PUPPIES,2,2011-02-01T11:19:00,7.95,12836,United Kingdom
542806,22692,DOORMAT WELCOME TO OUR HOME,2,2011-02-01T11:20:00,7.95,12836,United Kingdom
542806,22788,BROCANTE COAT RACK,2,2011-02-01T11:20:00,9.95,12836,United Kingdom
542806,22511,RETROSPOT BABUSHKA DOORSTOP,2,2011-02-01T11:20:00,3.75,12836,United Kingdom
542806,22468,BABUSHKA LIGHTS STRING OF 10,5,2011-02-01T11:20:00,6.75,12836,United Kingdom
542806,21733,RED HANGING HEART T-LIGHT HOLDER,6,2011-02-01T11:20:00,2.95,12836,United Kingdom
542806,22510,GINGHAM BABUSHKA DOORSTOP,2,2011-02-01T11:20:00,3.75,12836,United Kingdom
542806,22821,GIFT BAG PSYCHEDELIC APPLES,12,2011-02-01T11:20:00,0.65,12836,United Kingdom
542806,84247G,"DECOUPAGE,GREETING CARD,",24,2011-02-01T11:20:00,0.42,12836,United Kingdom
542806,21735,TWO DOOR CURIO CABINET,2,2011-02-01T11:20:00,12.75,12836,United Kingdom
542806,82484,WOOD BLACK BOARD ANT WHITE FINISH,6,2011-02-01T11:20:00,6.45,12836,United Kingdom
542806,22457,NATURAL SLATE HEART CHALKBOARD ,6,2011-02-01T11:20:00,2.95,12836,United Kingdom
542806,21272,SALLE DE BAIN HOOK,12,2011-02-01T11:20:00,1.25,12836,United Kingdom
542806,22189,CREAM HEART CARD HOLDER,10,2011-02-01T11:20:00,3.95,12836,United Kingdom
542806,22770,MIRROR CORNICE,2,2011-02-01T11:20:00,14.95,12836,United Kingdom
542806,22767,TRIPLE PHOTO FRAME CORNICE ,2,2011-02-01T11:20:00,9.95,12836,United Kingdom
542806,82494L,WOODEN FRAME ANTIQUE WHITE ,12,2011-02-01T11:20:00,2.95,12836,United Kingdom
542806,85066,CREAM SWEETHEART MINI CHEST,4,2011-02-01T11:20:00,12.75,12836,United Kingdom
542806,22456,NATURAL SLATE CHALKBOARD LARGE ,1,2011-02-01T11:20:00,4.95,12836,United Kingdom
542806,22173,METAL 4 HOOK HANGER FRENCH CHATEAU,8,2011-02-01T11:20:00,2.95,12836,United Kingdom
542806,22567,20 DOLLY PEGS RETROSPOT,2,2011-02-01T11:20:00,1.25,12836,United Kingdom
542806,22558,CLOTHES PEGS RETROSPOT PACK 24 ,3,2011-02-01T11:20:00,1.49,12836,United Kingdom
542806,22844,VINTAGE CREAM DOG FOOD CONTAINER,1,2011-02-01T11:20:00,8.5,12836,United Kingdom
542806,85184C,S/4 VALENTINE DECOUPAGE HEART BOX,4,2011-02-01T11:20:00,2.95,12836,United Kingdom
542806,84818,DANISH ROSE PHOTO FRAME,6,2011-02-01T11:20:00,2.55,12836,United Kingdom
542806,22794,SWEETHEART WIRE MAGAZINE RACK,2,2011-02-01T11:20:00,7.95,12836,United Kingdom
542806,22914,BLUE COAT RACK PARIS FASHION,6,2011-02-01T11:20:00,4.95,12836,United Kingdom
542806,22795,SWEETHEART RECIPE BOOK STAND,2,2011-02-01T11:20:00,6.75,12836,United Kingdom
542806,22847,BREAD BIN DINER STYLE IVORY,2,2011-02-01T11:20:00,16.95,12836,United Kingdom
542806,22912,YELLOW COAT RACK PARIS FASHION,6,2011-02-01T11:20:00,4.95,12836,United Kingdom
542806,22295,HEART FILIGREE DOVE LARGE,12,2011-02-01T11:20:00,1.65,12836,United Kingdom
542806,21985,PACK OF 12 HEARTS DESIGN TISSUES ,36,2011-02-01T11:20:00,0.29,12836,United Kingdom
542806,21485,RETROSPOT HEART HOT WATER BOTTLE,4,2011-02-01T11:20:00,4.95,12836,United Kingdom
542806,22113,GREY HEART HOT WATER BOTTLE,5,2011-02-01T11:20:00,3.75,12836,United Kingdom
542806,85123A,WHITE HANGING HEART T-LIGHT HOLDER,33,2011-02-01T11:20:00,2.55,12836,United Kingdom
542806,21755,LOVE BUILDING BLOCK WORD,10,2011-02-01T11:20:00,5.95,12836,United Kingdom
542812,22956,36 FOIL HEART CAKE CASES,1,2011-02-01T11:21:00,2.1,14850,United Kingdom
542812,21355,TOAST ITS - I LOVE YOU ,1,2011-02-01T11:21:00,1.25,14850,United Kingdom
542812,22771,CLEAR DRAWER KNOB ACRYLIC EDWARDIAN,24,2011-02-01T11:21:00,1.25,14850,United Kingdom
542812,21673,WHITE SPOT BLUE CERAMIC DRAWER KNOB,18,2011-02-01T11:21:00,1.25,14850,United Kingdom
542812,72741,GRAND CHOCOLATECANDLE,9,2011-02-01T11:21:00,1.45,14850,United Kingdom
542812,22624,IVORY KITCHEN SCALES,1,2011-02-01T11:21:00,8.5,14850,United Kingdom
542812,22899,CHILDREN'S APRON DOLLY GIRL ,12,2011-02-01T11:21:00,2.1,14850,United Kingdom
542812,21156,RETROSPOT CHILDRENS APRON,16,2011-02-01T11:21:00,1.95,14850,United Kingdom
542812,22661,CHARLOTTE BAG DOLLY GIRL DESIGN,12,2011-02-01T11:21:00,0.85,14850,United Kingdom
542812,22961,JAM MAKING SET PRINTED,4,2011-02-01T11:21:00,1.45,14850,United Kingdom
542812,22951,60 CAKE CASES DOLLY GIRL DESIGN,18,2011-02-01T11:21:00,0.55,14850,United Kingdom
542812,22417,PACK OF 60 SPACEBOY CAKE CASES,12,2011-02-01T11:21:00,0.55,14850,United Kingdom
542812,21977,PACK OF 60 PINK PAISLEY CAKE CASES,12,2011-02-01T11:21:00,0.55,14850,United Kingdom
542812,21212,PACK OF 72 RETROSPOT CAKE CASES,12,2011-02-01T11:21:00,0.55,14850,United Kingdom
542812,21213,PACK OF 72 SKULL CAKE CASES,12,2011-02-01T11:21:00,0.55,14850,United Kingdom
542812,22444,GROW YOUR OWN PLANT IN A CAN ,24,2011-02-01T11:21:00,1.25,14850,United Kingdom
542812,72122,COFFEE SCENT PILLAR CANDLE,12,2011-02-01T11:21:00,0.95,14850,United Kingdom
542812,22524,CHILDRENS GARDEN GLOVES BLUE,24,2011-02-01T11:21:00,1.25,14850,United Kingdom
542812,22525,CHILDRENS GARDEN GLOVES PINK,24,2011-02-01T11:21:00,1.25,14850,United Kingdom
542812,22521,CHILDS GARDEN TROWEL PINK,24,2011-02-01T11:21:00,0.85,14850,United Kingdom
542812,22523,CHILDS GARDEN FORK PINK,21,2011-02-01T11:21:00,0.85,14850,United Kingdom
542835,22470,HEART OF WICKER LARGE,12,2011-02-01T11:30:00,2.95,13939,United Kingdom
542835,22469,HEART OF WICKER SMALL,12,2011-02-01T11:30:00,1.65,13939,United Kingdom
542835,85230G,ORANGE VOTIVE CANDLE,24,2011-02-01T11:30:00,0.29,13939,United Kingdom
542835,85230F,JASMINE VOTIVE CANDLE,24,2011-02-01T11:30:00,0.29,13939,United Kingdom
542835,85230E,STRAWBRY SCENTED VOTIVE CANDLE,24,2011-02-01T11:30:00,0.29,13939,United Kingdom
542835,85230B,CINNAMON SCENTED VOTIVE CANDLE,24,2011-02-01T11:30:00,0.29,13939,United Kingdom
542835,85230A,OPIUM SCENTED VOTIVE CANDLE,24,2011-02-01T11:30:00,0.29,13939,United Kingdom
542835,22284,HEN HOUSE DECORATION,12,2011-02-01T11:30:00,1.65,13939,United Kingdom
542835,22285,HANGING HEN ON NEST DECORATION,12,2011-02-01T11:30:00,1.65,13939,United Kingdom
542835,35915C,PEACH KNITTED HEN ,6,2011-02-01T11:30:00,1.65,13939,United Kingdom
542835,21745,GAOLERS KEYS DECORATIVE GARDEN ,4,2011-02-01T11:30:00,3.75,13939,United Kingdom
542835,22693,GROW A FLYTRAP OR SUNFLOWER IN TIN,24,2011-02-01T11:30:00,1.25,13939,United Kingdom
542836,21930,JUMBO STORAGE BAG SKULLS,5,2011-02-01T11:31:00,1.95,16745,United Kingdom
542836,22384,LUNCH BAG PINK POLKADOT,10,2011-02-01T11:31:00,1.65,16745,United Kingdom
542836,21988,PACK OF 6 SKULL PAPER PLATES,5,2011-02-01T11:31:00,0.85,16745,United Kingdom
542836,21977,PACK OF 60 PINK PAISLEY CAKE CASES,2,2011-02-01T11:31:00,0.55,16745,United Kingdom
542836,21976,PACK OF 60 MUSHROOM CAKE CASES,2,2011-02-01T11:31:00,0.55,16745,United Kingdom
542836,84992,72 SWEETHEART FAIRY CAKE CASES,5,2011-02-01T11:31:00,0.55,16745,United Kingdom
542836,22417,PACK OF 60 SPACEBOY CAKE CASES,4,2011-02-01T11:31:00,0.55,16745,United Kingdom
542836,21213,PACK OF 72 SKULL CAKE CASES,5,2011-02-01T11:31:00,0.55,16745,United Kingdom
542836,21558,SKULL LUNCH BOX WITH CUTLERY ,3,2011-02-01T11:31:00,2.55,16745,United Kingdom
542836,22355,CHARLOTTE BAG SUKI DESIGN,5,2011-02-01T11:31:00,0.85,16745,United Kingdom
542836,84050,PINK HEART SHAPE EGG FRYING PAN,5,2011-02-01T11:31:00,1.65,16745,United Kingdom
542836,22079,RIBBON REEL HEARTS DESIGN ,5,2011-02-01T11:31:00,1.65,16745,United Kingdom
542836,21355,TOAST ITS - I LOVE YOU ,5,2011-02-01T11:31:00,1.25,16745,United Kingdom
542836,20832,RED FLOCK LOVE HEART PHOTO FRAME,1,2011-02-01T11:31:00,0.85,16745,United Kingdom
542836,22197,SMALL POPCORN HOLDER,6,2011-02-01T11:31:00,0.85,16745,United Kingdom
542836,21559,STRAWBERRY LUNCH BOX WITH CUTLERY,1,2011-02-01T11:31:00,2.55,16745,United Kingdom
542836,22629,SPACEBOY LUNCH BOX ,2,2011-02-01T11:31:00,1.95,16745,United Kingdom
542836,84997B,RED 3 PIECE RETROSPOT CUTLERY SET,2,2011-02-01T11:31:00,3.75,16745,United Kingdom
542836,84997C,BLUE 3 PIECE POLKADOT CUTLERY SET,2,2011-02-01T11:31:00,3.75,16745,United Kingdom
542836,21987,PACK OF 6 SKULL PAPER CUPS,1,2011-02-01T11:31:00,0.65,16745,United Kingdom
542836,21100,CHARLIE AND LOLA CHARLOTTE BAG,4,2011-02-01T11:31:00,1.65,16745,United Kingdom
542836,22899,CHILDREN'S APRON DOLLY GIRL ,2,2011-02-01T11:31:00,2.1,16745,United Kingdom
542836,22898,CHILDRENS APRON APPLES DESIGN,2,2011-02-01T11:31:00,1.95,16745,United Kingdom
542836,22385,JUMBO BAG SPACEBOY DESIGN,5,2011-02-01T11:31:00,1.95,16745,United Kingdom
542836,85099B,JUMBO BAG RED RETROSPOT,6,2011-02-01T11:31:00,1.95,16745,United Kingdom
542836,20724,RED RETROSPOT CHARLOTTE BAG,10,2011-02-01T11:31:00,0.85,16745,United Kingdom
542836,22383,LUNCH BAG SUKI  DESIGN ,2,2011-02-01T11:31:00,1.65,16745,United Kingdom
542836,21078,SET/20 STRAWBERRY PAPER NAPKINS ,1,2011-02-01T11:31:00,0.85,16745,United Kingdom
542836,21544,SKULLS  WATER TRANSFER TATTOOS ,10,2011-02-01T11:31:00,0.85,16745,United Kingdom
542836,21166,COOK WITH WINE METAL SIGN ,1,2011-02-01T11:31:00,1.95,16745,United Kingdom
542836,21179,NO JUNK MAIL METAL SIGN,4,2011-02-01T11:31:00,1.25,16745,United Kingdom
542836,22948,METAL DECORATION NAUGHTY CHILDREN ,4,2011-02-01T11:31:00,0.85,16745,United Kingdom
542836,85214,TUB 24 PINK FLOWER PEGS,1,2011-02-01T11:31:00,1.65,16745,United Kingdom
542836,21559,STRAWBERRY LUNCH BOX WITH CUTLERY,2,2011-02-01T11:31:00,2.55,16745,United Kingdom
542836,21989,PACK OF 20 SKULL PAPER NAPKINS,5,2011-02-01T11:31:00,0.85,16745,United Kingdom
542836,21987,PACK OF 6 SKULL PAPER CUPS,4,2011-02-01T11:31:00,0.65,16745,United Kingdom
542836,20832,RED FLOCK LOVE HEART PHOTO FRAME,2,2011-02-01T11:31:00,0.85,16745,United Kingdom
542836,21061,PARTY INVITES FOOTBALL,3,2011-02-01T11:31:00,0.85,16745,United Kingdom
542836,21059,PARTY INVITES DINOSAURS,3,2011-02-01T11:31:00,0.85,16745,United Kingdom
542836,22243,5 HOOK HANGER RED MAGIC TOADSTOOL,4,2011-02-01T11:31:00,1.65,16745,United Kingdom
542836,22242,5 HOOK HANGER MAGIC TOADSTOOL,5,2011-02-01T11:31:00,1.65,16745,United Kingdom
542836,22758,LARGE PURPLE BABUSHKA NOTEBOOK  ,1,2011-02-01T11:31:00,1.25,16745,United Kingdom
542836,22757,LARGE RED BABUSHKA NOTEBOOK ,1,2011-02-01T11:31:00,1.25,16745,United Kingdom
542836,22756,LARGE YELLOW BABUSHKA NOTEBOOK ,1,2011-02-01T11:31:00,1.25,16745,United Kingdom
542836,85135C,RED DRAGONFLY HELICOPTER,1,2011-02-01T11:31:00,7.95,16745,United Kingdom
542836,20727,LUNCH BAG  BLACK SKULL.,10,2011-02-01T11:31:00,1.65,16745,United Kingdom
542836,21561,DINOSAUR LUNCH BOX WITH CUTLERY,2,2011-02-01T11:31:00,2.55,16745,United Kingdom
542849,22844,VINTAGE CREAM DOG FOOD CONTAINER,1,2011-02-01T11:35:00,8.5,,United Kingdom
542849,22852,DOG BOWL VINTAGE CREAM,3,2011-02-01T11:35:00,4.25,,United Kingdom
542849,22457,NATURAL SLATE HEART CHALKBOARD ,12,2011-02-01T11:35:00,2.95,,United Kingdom
542849,22456,NATURAL SLATE CHALKBOARD LARGE ,2,2011-02-01T11:35:00,4.95,,United Kingdom
542849,85127,SMALL SQUARE CUT GLASS CANDLESTICK,2,2011-02-01T11:35:00,4.95,,United Kingdom
542858,22616,PACK OF 12 LONDON TISSUES ,24,2011-02-01T11:40:00,0.29,17228,United Kingdom
542858,21094,SET/6 RED SPOTTY PAPER PLATES,6,2011-02-01T11:40:00,0.85,17228,United Kingdom
542858,21080,SET/20 RED RETROSPOT PAPER NAPKINS ,10,2011-02-01T11:40:00,0.85,17228,United Kingdom
542858,20727,LUNCH BAG  BLACK SKULL.,2,2011-02-01T11:40:00,1.65,17228,United Kingdom
542858,20725,LUNCH BAG RED RETROSPOT,4,2011-02-01T11:40:00,1.65,17228,United Kingdom
542858,22662,LUNCH BAG DOLLY GIRL DESIGN,4,2011-02-01T11:40:00,1.65,17228,United Kingdom
542858,17084R,ASSORTED INCENSE PACK,72,2011-02-01T11:40:00,0.21,17228,United Kingdom
542858,22951,60 CAKE CASES DOLLY GIRL DESIGN,4,2011-02-01T11:40:00,0.55,17228,United Kingdom
542858,21977,PACK OF 60 PINK PAISLEY CAKE CASES,4,2011-02-01T11:40:00,0.55,17228,United Kingdom
542858,21213,PACK OF 72 SKULL CAKE CASES,4,2011-02-01T11:40:00,0.55,17228,United Kingdom
542858,21212,PACK OF 72 RETROSPOT CAKE CASES,4,2011-02-01T11:40:00,0.55,17228,United Kingdom
542858,84991,60 TEATIME FAIRY CAKE CASES,4,2011-02-01T11:40:00,0.55,17228,United Kingdom
542858,22470,HEART OF WICKER LARGE,1,2011-02-01T11:40:00,2.95,17228,United Kingdom
542858,22469,HEART OF WICKER SMALL,2,2011-02-01T11:40:00,1.65,17228,United Kingdom
542858,84050,PINK HEART SHAPE EGG FRYING PAN,6,2011-02-01T11:40:00,1.65,17228,United Kingdom
542858,15036,ASSORTED COLOURS SILK FAN,12,2011-02-01T11:40:00,0.75,17228,United Kingdom
542858,84997D,PINK 3 PIECE POLKADOT CUTLERY SET,6,2011-02-01T11:40:00,3.75,17228,United Kingdom
542858,22834,HAND WARMER BABUSHKA DESIGN,6,2011-02-01T11:40:00,2.1,17228,United Kingdom
545220,21955,DOORMAT UNION JACK GUNS AND ROSES,2,2011-03-01T08:30:00,7.95,14620,United Kingdom
545220,48194,DOORMAT HEARTS,2,2011-03-01T08:30:00,7.95,14620,United Kingdom
545220,22556,PLASTERS IN TIN CIRCUS PARADE ,12,2011-03-01T08:30:00,1.65,14620,United Kingdom
545220,22139,RETROSPOT TEA SET CERAMIC 11 PC ,3,2011-03-01T08:30:00,4.95,14620,United Kingdom
545220,84029G,KNITTED UNION FLAG HOT WATER BOTTLE,4,2011-03-01T08:30:00,3.75,14620,United Kingdom
545220,21485,RETROSPOT HEART HOT WATER BOTTLE,3,2011-03-01T08:30:00,4.95,14620,United Kingdom
545220,17091J,VANILLA INCENSE IN TIN,6,2011-03-01T08:30:00,1.25,14620,United Kingdom
545220,84678,CLASSICAL ROSE SMALL VASE,6,2011-03-01T08:30:00,2.55,14620,United Kingdom
545220,21700,BIG DOUGHNUT FRIDGE MAGNETS,12,2011-03-01T08:30:00,0.85,14620,United Kingdom
545220,22191,IVORY DINER WALL CLOCK,2,2011-03-01T08:30:00,8.5,14620,United Kingdom
545220,22192,BLUE DINER WALL CLOCK,2,2011-03-01T08:30:00,8.5,14620,United Kingdom
545220,21624,VINTAGE UNION JACK DOORSTOP,3,2011-03-01T08:30:00,5.95,14620,United Kingdom
545220,20829,GLITTER HANGING BUTTERFLY STRING,8,2011-03-01T08:30:00,2.1,14620,United Kingdom
545220,22960,JAM MAKING SET WITH JARS,6,2011-03-01T08:30:00,4.25,14620,United Kingdom
545220,21259,VICTORIAN SEWING BOX SMALL ,2,2011-03-01T08:30:00,5.95,14620,United Kingdom
545221,22021,BLUE FELT EASTER EGG BASKET,6,2011-03-01T08:35:00,1.65,14740,United Kingdom
545221,85206A,CREAM FELT EASTER EGG BASKET,6,2011-03-01T08:35:00,1.65,14740,United Kingdom
545221,22967,SET 3 SONG BIRD PAPER EGGS ASSORTED,6,2011-03-01T08:35:00,2.95,14740,United Kingdom
545221,22925,BLUE GIANT GARDEN THERMOMETER,2,2011-03-01T08:35:00,5.95,14740,United Kingdom
545221,21896,POTTING SHED TWINE,6,2011-03-01T08:35:00,2.1,14740,United Kingdom
545221,22960,JAM MAKING SET WITH JARS,6,2011-03-01T08:35:00,4.25,14740,United Kingdom
545221,20969,RED FLORAL FELTCRAFT SHOULDER BAG,4,2011-03-01T08:35:00,3.75,14740,United Kingdom
545221,22568,FELTCRAFT CUSHION OWL,4,2011-03-01T08:35:00,3.75,14740,United Kingdom
545221,22749,FELTCRAFT PRINCESS CHARLOTTE DOLL,4,2011-03-01T08:35:00,3.75,14740,United Kingdom
545221,22751,FELTCRAFT PRINCESS OLIVIA DOLL,4,2011-03-01T08:35:00,3.75,14740,United Kingdom
545221,22587,FELTCRAFT HAIRBAND RED AND BLUE,12,2011-03-01T08:35:00,0.85,14740,United Kingdom
545221,22565,FELTCRAFT HAIRBANDS PINK AND WHITE ,12,2011-03-01T08:35:00,0.85,14740,United Kingdom
545221,84279B,CHERRY BLOSSOM DECORATIVE FLASK,8,2011-03-01T08:35:00,3.75,14740,United Kingdom
545221,21422,PORCELAIN ROSE SMALL,16,2011-03-01T08:35:00,0.85,14740,United Kingdom
545221,20979,36 PENCILS TUBE RED RETROSPOT,16,2011-03-01T08:35:00,1.25,14740,United Kingdom
545221,20978,36 PENCILS TUBE SKULLS,16,2011-03-01T08:35:00,1.25,14740,United Kingdom
545221,46000S,POLYESTER FILLER PAD 40x40cm,10,2011-03-01T08:35:00,1.45,14740,United Kingdom
545221,22585,PACK OF 6 BIRDY GIFT TAGS,12,2011-03-01T08:35:00,1.25,14740,United Kingdom
545221,20967,GREY FLORAL FELTCRAFT SHOULDER BAG,4,2011-03-01T08:35:00,3.75,14740,United Kingdom
545221,85040A,S/4 PINK FLOWER CANDLES IN BOWL,12,2011-03-01T08:35:00,1.65,14740,United Kingdom
545221,22969,HOMEMADE JAM SCENTED CANDLES,12,2011-03-01T08:35:00,1.45,14740,United Kingdom
545221,22926,IVORY GIANT GARDEN THERMOMETER,2,2011-03-01T08:35:00,5.95,14740,United Kingdom
545221,22783,SET 3 WICKER OVAL BASKETS W LIDS,4,2011-03-01T08:35:00,16.95,14740,United Kingdom
545221,21114,LAVENDER SCENTED FABRIC HEART,10,2011-03-01T08:35:00,1.25,14740,United Kingdom
545221,21391,FRENCH LAVENDER SCENT HEART,12,2011-03-01T08:35:00,2.1,14740,United Kingdom
545221,22961,JAM MAKING SET PRINTED,12,2011-03-01T08:35:00,1.45,14740,United Kingdom
545221,22962,JAM JAR WITH PINK LID,12,2011-03-01T08:35:00,0.85,14740,United Kingdom
545221,22963,JAM JAR WITH GREEN LID,12,2011-03-01T08:35:00,0.85,14740,United Kingdom
545221,22993,SET OF 4 PANTRY JELLY MOULDS,12,2011-03-01T08:35:00,1.25,14740,United Kingdom
545221,22957,SET 3 PAPER VINTAGE CHICK PAPER EGG,6,2011-03-01T08:35:00,2.95,14740,United Kingdom
545222,22957,SET 3 PAPER VINTAGE CHICK PAPER EGG,6,2011-03-01T08:49:00,2.95,13880,United Kingdom
545222,22967,SET 3 SONG BIRD PAPER EGGS ASSORTED,6,2011-03-01T08:49:00,2.95,13880,United Kingdom
545222,20971,PINK BLUE FELT CRAFT TRINKET BOX,12,2011-03-01T08:49:00,1.25,13880,United Kingdom
545222,22147,FELTCRAFT BUTTERFLY HEARTS,12,2011-03-01T08:49:00,1.45,13880,United Kingdom
545222,22854,CREAM SWEETHEART EGG HOLDER,4,2011-03-01T08:49:00,4.95,13880,United Kingdom
545222,22457,NATURAL SLATE HEART CHALKBOARD ,6,2011-03-01T08:49:00,2.95,13880,United Kingdom
545222,21891,TRADITIONAL WOODEN SKIPPING ROPE,12,2011-03-01T08:49:00,1.25,13880,United Kingdom
545222,22857,ASSORTED EASTER GIFT TAGS,24,2011-03-01T08:49:00,0.85,13880,United Kingdom
545222,22720,SET OF 3 CAKE TINS PANTRY DESIGN ,12,2011-03-01T08:49:00,4.95,13880,United Kingdom
545223,22487,WHITE WOOD GARDEN PLANT LADDER,4,2011-03-01T08:58:00,8.5,16462,United Kingdom
545224,22664,TOY TIDY DOLLY GIRL DESIGN,5,2011-03-01T09:03:00,2.1,17068,United Kingdom
545224,20727,LUNCH BAG  BLACK SKULL.,10,2011-03-01T09:03:00,1.65,17068,United Kingdom
545224,22377,BOTTLE BAG RETROSPOT ,5,2011-03-01T09:03:00,2.1,17068,United Kingdom
545224,22379,RECYCLING BAG RETROSPOT ,5,2011-03-01T09:03:00,2.1,17068,United Kingdom
545224,22381,TOY TIDY PINK POLKADOT,5,2011-03-01T09:03:00,2.1,17068,United Kingdom
545224,22386,JUMBO BAG PINK POLKADOT,20,2011-03-01T09:03:00,1.95,17068,United Kingdom
545224,20726,LUNCH BAG WOODLAND,10,2011-03-01T09:03:00,1.65,17068,United Kingdom
545224,47590A,BLUE HAPPY BIRTHDAY BUNTING,3,2011-03-01T09:03:00,5.45,17068,United Kingdom
545224,47590B,PINK HAPPY BIRTHDAY BUNTING,3,2011-03-01T09:03:00,5.45,17068,United Kingdom
545224,22383,LUNCH BAG SUKI DESIGN ,10,2011-03-01T09:03:00,1.65,17068,United Kingdom
545224,85099F,JUMBO BAG STRAWBERRY,10,2011-03-01T09:03:00,1.95,17068,United Kingdom
545225,22219,LOVEBIRD HANGING DECORATION WHITE ,24,2011-03-01T09:22:00,0.85,12971,United Kingdom
545225,22807,SET OF 6 T-LIGHTS TOADSTOOLS,12,2011-03-01T09:22:00,2.95,12971,United Kingdom
545225,22053,EMPIRE DESIGN ROSETTE,100,2011-03-01T09:22:00,1.06,12971,United Kingdom
545226,21578,WOODLAND DESIGN  COTTON TOTE BAG,6,2011-03-01T09:33:00,2.25,12428,Finland
545226,21002,ROSE DU SUD DRAWSTRING BAG,3,2011-03-01T09:33:00,4.25,12428,Finland
545226,47599B,BLUE PARTY BAGS ,12,2011-03-01T09:33:00,2.1,12428,Finland
545226,22279,POCKET BAG BLUE PAISLEY RED SPOT,12,2011-03-01T09:33:00,1.25,12428,Finland
545226,21039,RED RETROSPOT SHOPPING BAG,6,2011-03-01T09:33:00,2.55,12428,Finland
545226,21928,JUMBO BAG SCANDINAVIAN BLUE PAISLEY,10,2011-03-01T09:33:00,1.95,12428,Finland
545226,21929,JUMBO BAG PINK VINTAGE PAISLEY,10,2011-03-01T09:33:00,1.95,12428,Finland
545226,22386,JUMBO BAG PINK POLKADOT,10,2011-03-01T09:33:00,1.95,12428,Finland
545226,85099B,JUMBO BAG RED RETROSPOT,10,2011-03-01T09:33:00,1.95,12428,Finland
545226,20750,RED RETROSPOT MINI CASES,6,2011-03-01T09:33:00,7.95,12428,Finland
545226,21710,FOLDING UMBRELLA PINKWHITE POLKADOT,4,2011-03-01T09:33:00,4.95,12428,Finland
545226,85014B,RED RETROSPOT UMBRELLA,6,2011-03-01T09:33:00,5.95,12428,Finland
545226,22276,WASH BAG VINTAGE ROSE PAISLEY,6,2011-03-01T09:33:00,2.55,12428,Finland
545226,84030E,ENGLISH ROSE HOT WATER BOTTLE,8,2011-03-01T09:33:00,4.25,12428,Finland
545226,84849B,FAIRY SOAP SOAP HOLDER,12,2011-03-01T09:33:00,1.69,12428,Finland
545226,84916,HAND TOWEL PALE BLUE W FLOWERS,10,2011-03-01T09:33:00,5.95,12428,Finland
545226,84913A,SOFT PINK ROSE TOWEL ,8,2011-03-01T09:33:00,4.65,12428,Finland
545226,85053,FRENCH ENAMEL CANDLEHOLDER,6,2011-03-01T09:33:00,2.1,12428,Finland
545226,22804,CANDLEHOLDER PINK HANGING HEART,6,2011-03-01T09:33:00,2.95,12428,Finland
545226,85123A,WHITE HANGING HEART T-LIGHT HOLDER,6,2011-03-01T09:33:00,2.95,12428,Finland
545226,21121,SET/10 RED POLKADOT PARTY CANDLES,24,2011-03-01T09:33:00,1.25,12428,Finland
545226,21122,SET/10 PINK POLKADOT PARTY CANDLES,24,2011-03-01T09:33:00,1.25,12428,Finland
545226,21124,SET/10 BLUE POLKADOT PARTY CANDLES,24,2011-03-01T09:33:00,1.25,12428,Finland
545226,85034A,3 GARDENIA MORRIS BOXED CANDLES,4,2011-03-01T09:33:00,4.25,12428,Finland
545226,72801C,4 ROSE PINK DINNER CANDLES,12,2011-03-01T09:33:00,1.25,12428,Finland
545226,72801D,4 SKY BLUE DINNER CANDLES,12,2011-03-01T09:33:00,1.25,12428,Finland
545226,21285,RETROSPOT CANDLE  MEDIUM,12,2011-03-01T09:33:00,2.1,12428,Finland
545226,84569D,PACK 6 HEART/ICE-CREAM PATCHES,12,2011-03-01T09:33:00,1.25,12428,Finland
545226,84569B,PACK 3 FIRE ENGINE/CAR PATCHES,12,2011-03-01T09:33:00,1.25,12428,Finland
545226,22623,BOX OF VINTAGE JIGSAW BLOCKS ,3,2011-03-01T09:33:00,4.95,12428,Finland
545226,22637,PIGGY BANK RETROSPOT ,4,2011-03-01T09:33:00,2.55,12428,Finland
545226,22175,PINK OWL SOFT TOY,6,2011-03-01T09:33:00,2.95,12428,Finland
545226,22176,BLUE OWL SOFT TOY,6,2011-03-01T09:33:00,2.95,12428,Finland
545226,22483,RED GINGHAM TEDDY BEAR ,6,2011-03-01T09:33:00,2.95,12428,Finland
545226,84584,PINK GINGHAM CAT WITH SCARF,6,2011-03-01T09:33:00,2.55,12428,Finland
545226,22139,RETROSPOT TEA SET CERAMIC 11 PC ,3,2011-03-01T09:33:00,4.95,12428,Finland
545226,22957,SET 3 PAPER VINTAGE CHICK PAPER EGG,6,2011-03-01T09:33:00,2.95,12428,Finland
545226,22860,EASTER TIN CHICKS PINK DAISY,6,2011-03-01T09:33:00,1.65,12428,Finland
545226,85213,MINI  ZINC GARDEN DECORATIONS ,24,2011-03-01T09:33:00,0.85,12428,Finland
545226,22256,FELT FARM ANIMAL CHICKEN,12,2011-03-01T09:33:00,1.25,12428,Finland
545226,35916C,PINK FELT HANGING HEART W FLOWER,12,2011-03-01T09:33:00,0.85,12428,Finland
545226,22321,BIRD DECORATION RED RETROSPOT,12,2011-03-01T09:33:00,0.85,12428,Finland
545226,35915B,BLUE KNITTED HEN ,6,2011-03-01T09:33:00,1.65,12428,Finland
545226,22270,HAPPY EASTER HANGING DECORATION,4,2011-03-01T09:33:00,3.75,12428,Finland
545226,22168,ORGANISER WOOD ANTIQUE WHITE ,2,2011-03-01T09:33:00,8.5,12428,Finland
545226,21524,DOORMAT SPOTTY HOME SWEET HOME,6,2011-03-01T09:33:00,7.95,12428,Finland
545226,48187,DOORMAT NEW ENGLAND,20,2011-03-01T09:33:00,6.75,12428,Finland
545226,22690,DOORMAT HOME SWEET HOME BLUE ,2,2011-03-01T09:33:00,7.95,12428,Finland
545226,20685,DOORMAT RED RETROSPOT,2,2011-03-01T09:33:00,7.95,12428,Finland
545226,15058B,PINK POLKADOT GARDEN PARASOL,4,2011-03-01T09:33:00,7.95,12428,Finland
545226,15058A,BLUE POLKADOT GARDEN PARASOL,4,2011-03-01T09:33:00,7.95,12428,Finland
545226,22916,HERB MARKER THYME,12,2011-03-01T09:33:00,0.65,12428,Finland
545226,22917,HERB MARKER ROSEMARY,12,2011-03-01T09:33:00,0.65,12428,Finland
545226,22918,HERB MARKER PARSLEY,12,2011-03-01T09:33:00,0.65,12428,Finland
545226,22919,HERB MARKER MINT,12,2011-03-01T09:33:00,0.65,12428,Finland
545226,22920,HERB MARKER BASIL,12,2011-03-01T09:33:00,0.65,12428,Finland
545226,22921,HERB MARKER CHIVES ,12,2011-03-01T09:33:00,0.65,12428,Finland
545226,22960,JAM MAKING SET WITH JARS,6,2011-03-01T09:33:00,4.25,12428,Finland
545226,22961,JAM MAKING SET PRINTED,12,2011-03-01T09:33:00,1.45,12428,Finland
545226,22962,JAM JAR WITH PINK LID,12,2011-03-01T09:33:00,0.85,12428,Finland
545226,85049C,ROMANTIC PINKS RIBBONS ,12,2011-03-01T09:33:00,1.25,12428,Finland
545226,85049D,BRIGHT BLUES RIBBONS ,12,2011-03-01T09:33:00,1.25,12428,Finland
545226,85049F,BABY BOOM RIBBONS ,12,2011-03-01T09:33:00,1.25,12428,Finland
545226,84819,DANISH ROSE ROUND SEWING BOX,8,2011-03-01T09:33:00,3.39,12428,Finland
545226,47566,PARTY BUNTING,4,2011-03-01T09:33:00,4.95,12428,Finland
545226,47590A,BLUE HAPPY BIRTHDAY BUNTING,3,2011-03-01T09:33:00,5.45,12428,Finland
545226,22498,WOODEN REGATTA BUNTING,3,2011-03-01T09:33:00,5.95,12428,Finland
545226,22669,RED BABY BUNTING ,5,2011-03-01T09:33:00,2.95,12428,Finland
545226,47590B,PINK HAPPY BIRTHDAY BUNTING,3,2011-03-01T09:33:00,5.45,12428,Finland
545226,22192,BLUE DINER WALL CLOCK,2,2011-03-01T09:33:00,8.5,12428,Finland
545226,21115,ROSE CARAVAN DOORSTOP,4,2011-03-01T09:33:00,6.75,12428,Finland
545226,21669,BLUE STRIPE CERAMIC DRAWER KNOB,24,2011-03-01T09:33:00,1.25,12428,Finland
545226,21668,RED STRIPE CERAMIC DRAWER KNOB,24,2011-03-01T09:33:00,1.25,12428,Finland
545226,21441,BLUE BIRDHOUSE DECORATION,12,2011-03-01T09:33:00,0.85,12428,Finland
545226,21442,GREEN BIRDHOUSE DECORATION,12,2011-03-01T09:33:00,0.85,12428,Finland
545226,22296,HEART IVORY TRELLIS LARGE,12,2011-03-01T09:33:00,1.65,12428,Finland
545226,22595,GINGHAM HEART DECORATION,12,2011-03-01T09:33:00,0.85,12428,Finland
545226,22868,NUMBER TILE COTTAGE GARDEN 0 ,8,2011-03-01T09:33:00,1.95,12428,Finland
545226,22869,NUMBER TILE COTTAGE GARDEN 1,8,2011-03-01T09:33:00,1.95,12428,Finland
545226,22870,NUMBER TILE COTTAGE GARDEN 2,8,2011-03-01T09:33:00,1.95,12428,Finland
545226,22871,NUMBER TILE COTTAGE GARDEN 3 ,8,2011-03-01T09:33:00,1.95,12428,Finland
545226,22872,NUMBER TILE COTTAGE GARDEN 4,8,2011-03-01T09:33:00,1.95,12428,Finland
545226,22873,NUMBER TILE COTTAGE GARDEN 5,8,2011-03-01T09:33:00,1.95,12428,Finland
545226,22874,NUMBER TILE COTTAGE GARDEN 6,8,2011-03-01T09:33:00,1.95,12428,Finland
545226,22875,NUMBER TILE COTTAGE GARDEN 7,8,2011-03-01T09:33:00,1.95,12428,Finland
545226,22876,NUMBER TILE COTTAGE GARDEN 8,8,2011-03-01T09:33:00,1.95,12428,Finland
545226,22877,NUMBER TILE COTTAGE GARDEN 9,8,2011-03-01T09:33:00,1.95,12428,Finland
545226,22317,FIVE CATS HANGING DECORATION,12,2011-03-01T09:33:00,2.95,12428,Finland
545226,22318,FIVE HEART HANGING DECORATION,6,2011-03-01T09:33:00,2.95,12428,Finland
545226,21164,HOME SWEET HOME METAL SIGN ,12,2011-03-01T09:33:00,2.95,12428,Finland
545226,82552,WASHROOM METAL SIGN,12,2011-03-01T09:33:00,1.45,12428,Finland
545226,21249,WOODLAND  HEIGHT CHART STICKERS ,6,2011-03-01T09:33:00,2.95,12428,Finland
545226,21462,"NURSERY A,B,C PAINTED LETTERS",2,2011-03-01T09:33:00,6.75,12428,Finland
545226,22796,PHOTO FRAME 3 CLASSIC HANGING,4,2011-03-01T09:33:00,9.95,12428,Finland
545226,84637,KITCHEN FLOWER POTS WALL PLAQUE,3,2011-03-01T09:33:00,5.95,12428,Finland
545227,22445,PENCIL CASE LIFE IS BEAUTIFUL,6,2011-03-01T09:35:00,2.95,12428,Finland
545227,20979,36 PENCILS TUBE RED RETROSPOT,16,2011-03-01T09:35:00,1.25,12428,Finland
545227,22489,PACK OF 12 TRADITIONAL CRAYONS,24,2011-03-01T09:35:00,0.42,12428,Finland
545227,22507,MEMO BOARD RETROSPOT  DESIGN,8,2011-03-01T09:35:00,4.95,12428,Finland
545227,16156S,WRAP PINK FAIRY CAKES ,25,2011-03-01T09:35:00,0.42,12428,Finland
545227,16161P,WRAP ENGLISH ROSE ,25,2011-03-01T09:35:00,0.42,12428,Finland
545227,21499,BLUE POLKADOT WRAP,25,2011-03-01T09:35:00,0.42,12428,Finland
545227,21500,PINK POLKADOT WRAP ,25,2011-03-01T09:35:00,0.42,12428,Finland
545227,22706,WRAP COWBOYS  ,25,2011-03-01T09:35:00,0.42,12428,Finland
545227,22052,VINTAGE CARAVAN GIFT WRAP,25,2011-03-01T09:35:00,0.42,12428,Finland
545227,22986,GINGHAM ROSE WRAP,25,2011-03-01T09:35:00,0.42,12428,Finland
545227,23230,WRAP ALPHABET DESIGN,25,2011-03-01T09:35:00,0.42,12428,Finland
545227,21880,RED RETROSPOT TAPE,24,2011-03-01T09:35:00,0.65,12428,Finland
545227,22714,CARD BIRTHDAY COWBOY,12,2011-03-01T09:35:00,0.42,12428,Finland
545227,22037,ROBOT BIRTHDAY CARD,12,2011-03-01T09:35:00,0.42,12428,Finland
545227,21918,SET 12 KIDS COLOUR  CHALK STICKS,24,2011-03-01T09:35:00,0.42,12428,Finland
545227,84744,S/6 SEW ON CROCHET FLOWERS,24,2011-03-01T09:35:00,1.25,12428,Finland
545227,84673B,BLUE FLY SWAT,24,2011-03-01T09:35:00,0.65,12428,Finland
545227,22922,FRIDGE MAGNETS US DINER ASSORTED,24,2011-03-01T09:35:00,0.85,12428,Finland
545227,22915,ASSORTED BOTTLE TOP  MAGNETS ,24,2011-03-01T09:35:00,0.42,12428,Finland
545227,22395,PAPERWEIGHT VINTAGE PAISLEY,6,2011-03-01T09:35:00,2.55,12428,Finland
545227,47367B,PAIR PADDED HANGERS PINK CHECK,8,2011-03-01T09:35:00,3.75,12428,Finland
545227,21199,PINK  HEART CONFETTI IN TUBE,12,2011-03-01T09:35:00,1.65,12428,Finland
545227,22846,BREAD BIN DINER STYLE RED ,2,2011-03-01T09:35:00,16.95,12428,Finland
545227,35241,ENAMEL BLUE RIM BISCUIT BIN,3,2011-03-01T09:35:00,4.95,12428,Finland
545227,21217,RED RETROSPOT ROUND CAKE TINS,5,2011-03-01T09:35:00,9.95,12428,Finland
545227,21212,PACK OF 72 RETROSPOT CAKE CASES,24,2011-03-01T09:35:00,0.55,12428,Finland
545227,22201,FRYING PAN BLUE POLKADOT,8,2011-03-01T09:35:00,4.25,12428,Finland
545227,22558,CLOTHES PEGS RETROSPOT PACK 24 ,24,2011-03-01T09:35:00,1.49,12428,Finland
545227,22204,MILK PAN BLUE POLKADOT,8,2011-03-01T09:35:00,3.75,12428,Finland
545227,22203,MILK PAN RED RETROSPOT,4,2011-03-01T09:35:00,3.75,12428,Finland
545227,20998,ROSE DU SUD OVEN GLOVE,12,2011-03-01T09:35:00,2.95,12428,Finland
545227,21154,RED RETROSPOT OVEN GLOVE ,10,2011-03-01T09:35:00,1.25,12428,Finland
545227,22073,RED RETROSPOT STORAGE JAR,32,2011-03-01T09:35:00,3.39,12428,Finland
545227,35809A,ENAMEL PINK TEA CONTAINER,6,2011-03-01T09:35:00,2.1,12428,Finland
545227,35810A,ENAMEL PINK COFFEE CONTAINER,6,2011-03-01T09:35:00,2.1,12428,Finland
545227,21216,"SET 3 RETROSPOT TEA,COFFEE,SUGAR",4,2011-03-01T09:35:00,4.95,12428,Finland
545227,21035,SET/2 RED RETROSPOT TEA TOWELS ,6,2011-03-01T09:35:00,3.25,12428,Finland
545227,20752,BLUE POLKADOT WASHING UP GLOVES,6,2011-03-01T09:35:00,2.1,12428,Finland
545227,20754,RETROSPOT RED WASHING UP GLOVES,6,2011-03-01T09:35:00,2.1,12428,Finland
545227,21559,STRAWBERRY LUNCH BOX WITH CUTLERY,6,2011-03-01T09:35:00,2.55,12428,Finland
545227,22329,ROUND CONTAINER SET OF 5 RETROSPOT,12,2011-03-01T09:35:00,1.65,12428,Finland
545227,22628,PICNIC BOXES SET OF 3 RETROSPOT ,12,2011-03-01T09:35:00,4.95,12428,Finland
545227,22328,ROUND SNACK BOXES SET OF 4 FRUITS ,6,2011-03-01T09:35:00,2.95,12428,Finland
545227,21394,RED POLKADOT BEAKER ,18,2011-03-01T09:35:00,1.95,12428,Finland
545227,21086,SET/6 RED SPOTTY PAPER CUPS,24,2011-03-01T09:35:00,0.65,12428,Finland
545227,21078,SET/20 STRAWBERRY PAPER NAPKINS ,24,2011-03-01T09:35:00,0.85,12428,Finland
545227,21080,SET/20 RED RETROSPOT PAPER NAPKINS ,24,2011-03-01T09:35:00,0.85,12428,Finland
545227,21932,SCANDINAVIAN PAISLEY PICNIC BAG,5,2011-03-01T09:35:00,2.95,12428,Finland
545227,21937,STRAWBERRY   PICNIC BAG,5,2011-03-01T09:35:00,2.95,12428,Finland
545227,21936,RED RETROSPOT PICNIC BAG,5,2011-03-01T09:35:00,2.95,12428,Finland
545227,21094,SET/6 RED SPOTTY PAPER PLATES,24,2011-03-01T09:35:00,0.85,12428,Finland
545227,21095,SET/6 POSIES PAPER PLATES,12,2011-03-01T09:35:00,0.85,12428,Finland
545227,21087,SET/6 POSIES PAPER CUPS,12,2011-03-01T09:35:00,0.65,12428,Finland
545227,21533,RETROSPOT LARGE MILK JUG,6,2011-03-01T09:35:00,4.95,12428,Finland
545227,22221,CAKE STAND LOVEBIRD 2 TIER PINK,4,2011-03-01T09:35:00,9.95,12428,Finland
545227,22223,CAKE PLATE LOVEBIRD PINK,6,2011-03-01T09:35:00,4.95,12428,Finland
545227,72760B,VINTAGE CREAM 3 BASKET CAKE STAND,4,2011-03-01T09:35:00,9.95,12428,Finland
545227,21537,RED RETROSPOT PUDDING BOWL,12,2011-03-01T09:35:00,4.25,12428,Finland
545227,84821,DANISH ROSE DELUXE COASTER,24,2011-03-01T09:35:00,0.85,12428,Finland
545227,84510A,SET OF 4 ENGLISH ROSE COASTERS,10,2011-03-01T09:35:00,1.25,12428,Finland
545227,84968F,SET OF 16 VINTAGE SKY BLUE CUTLERY,8,2011-03-01T09:35:00,12.75,12428,Finland
545227,84968D,SET OF 16 VINTAGE RED CUTLERY,8,2011-03-01T09:35:00,12.75,12428,Finland
545227,84968A,SET OF 16 VINTAGE ROSE CUTLERY,6,2011-03-01T09:35:00,12.75,12428,Finland
545227,21401,BLUE PUDDING SPOON,12,2011-03-01T09:35:00,0.42,12428,Finland
545227,84969,BOX OF 6 ASSORTED COLOUR TEASPOONS,12,2011-03-01T09:35:00,4.25,12428,Finland
545227,84968C,SET OF 16 VINTAGE PISTACHIO CUTLERY,2,2011-03-01T09:35:00,12.75,12428,Finland
545227,84279B,CHERRY BLOSSOM DECORATIVE FLASK,4,2011-03-01T09:35:00,3.75,12428,Finland
545227,21210,SET OF 72 RETROSPOT PAPER  DOILIES,12,2011-03-01T09:35:00,1.45,12428,Finland
545227,84531B,BLUE KNITTED EGG COSY,6,2011-03-01T09:35:00,1.95,12428,Finland
545227,21246,RED RETROSPOT BIG BOWL,6,2011-03-01T09:35:00,4.95,12428,Finland
545227,84509A,SET OF 4 ENGLISH ROSE PLACEMATS,12,2011-03-01T09:35:00,3.75,12428,Finland
545227,22851,SET 20 NAPKINS FAIRY CAKES DESIGN ,12,2011-03-01T09:35:00,0.85,12428,Finland
545227,21877,HOME SWEET HOME MUG,12,2011-03-01T09:35:00,1.25,12428,Finland
545227,21527,RED RETROSPOT TRADITIONAL TEAPOT ,4,2011-03-01T09:35:00,7.95,12428,Finland
545227,22720,SET OF 3 CAKE TINS PANTRY DESIGN ,9,2011-03-01T09:35:00,4.95,12428,Finland
545227,22722,SET OF 6 SPICE TINS PANTRY DESIGN,8,2011-03-01T09:35:00,3.95,12428,Finland
545227,22723,SET OF 6 HERB TINS SKETCHBOOK,8,2011-03-01T09:35:00,3.95,12428,Finland
545227,23231,WRAP DOILEY DESIGN,25,2011-03-01T09:35:00,0.42,12428,Finland
545227,22989,SET 2 PANTRY DESIGN TEA TOWELS,6,2011-03-01T09:35:00,3.25,12428,Finland
545227,22978,PANTRY ROLLING PIN,6,2011-03-01T09:35:00,3.75,12428,Finland
545227,85015,SET OF 12  VINTAGE POSTCARD SET,12,2011-03-01T09:35:00,2.55,12428,Finland
545227,84919,BLUE CUSHION COVER WITH FLOWER,10,2011-03-01T09:35:00,6.95,12428,Finland
545227,47585A,PINK FAIRY CAKE CUSHION COVER,12,2011-03-01T09:35:00,3.75,12428,Finland
545227,85087,CANDY SPOT CUSHION COVER,12,2011-03-01T09:35:00,2.95,12428,Finland
545227,21622,VINTAGE UNION JACK CUSHION COVER,4,2011-03-01T09:35:00,4.95,12428,Finland
545227,22354,RETROSPOT PADDED SEAT CUSHION,30,2011-03-01T09:35:00,3.39,12428,Finland
545227,84687,BEACH HUT SHELF W 3 DRAWERS,2,2011-03-01T09:35:00,5.95,12428,Finland
545227,21430,SET/3 RED GINGHAM ROSE STORAGE BOX,8,2011-03-01T09:35:00,3.75,12428,Finland
545227,21428,SET3 BOOK BOX GREEN GINGHAM FLOWER ,8,2011-03-01T09:35:00,4.25,12428,Finland
545227,22983,CARD BILLBOARD FONT,12,2011-03-01T09:35:00,0.42,12428,Finland
545227,22819,"BIRTHDAY CARD, RETRO SPOT",12,2011-03-01T09:35:00,0.42,12428,Finland
545227,22715,CARD WEDDING DAY,12,2011-03-01T09:35:00,0.42,12428,Finland
545227,22032,BOTANICAL LILY GREETING CARD,12,2011-03-01T09:35:00,0.42,12428,Finland
545227,22984,CARD GINGHAM ROSE ,36,2011-03-01T09:35:00,0.42,12428,Finland
545227,84536A,ENGLISH ROSE NOTEBOOK A7 SIZE,16,2011-03-01T09:35:00,0.42,12428,Finland
545227,22759,SET OF 3 NOTEBOOKS IN PARCEL,12,2011-03-01T09:35:00,1.65,12428,Finland
545227,84536B,FAIRY CAKES NOTEBOOK A7 SIZE,16,2011-03-01T09:35:00,0.42,12428,Finland
545228,22502,PICNIC BASKET WICKER SMALL,16,2011-03-01T09:47:00,4.95,16078,United Kingdom
545229,20829,GLITTER HANGING BUTTERFLY STRING,8,2011-03-01T09:52:00,2.1,16915,United Kingdom
545229,47566,PARTY BUNTING,4,2011-03-01T09:52:00,4.95,16915,United Kingdom
545229,22088,PAPER BUNTING COLOURED LACE,6,2011-03-01T09:52:00,2.95,16915,United Kingdom
545230,20960,WATERMELON BATH SPONGE,1,2011-03-01T09:55:00,2.46,,United Kingdom
545230,21082,SET/20 FRUIT SALAD PAPER NAPKINS ,1,2011-03-01T09:55:00,1.63,,United Kingdom
545230,21488,RED WHITE SCARF  HOT WATER BOTTLE,1,2011-03-01T09:55:00,8.29,,United Kingdom
545230,35970,ZINC FOLKART SLEIGH BELLS,1,2011-03-01T09:55:00,4.13,,United Kingdom
545230,82583,HOT BATHS METAL SIGN,1,2011-03-01T09:55:00,4.13,,United Kingdom
545230,82583,HOT BATHS METAL SIGN,7,2011-03-01T09:55:00,4.96,,United Kingdom
545231,22993,SET OF 4 PANTRY JELLY MOULDS,12,2011-03-01T10:08:00,1.25,15194,United Kingdom
545231,21499,BLUE POLKADOT WRAP,25,2011-03-01T10:08:00,0.42,15194,United Kingdom
545231,22457,NATURAL SLATE HEART CHALKBOARD ,6,2011-03-01T10:08:00,2.95,15194,United Kingdom
545231,22156,HEART DECORATION WITH PEARLS ,24,2011-03-01T10:08:00,0.85,15194,United Kingdom
545231,20711,JUMBO BAG TOYS ,10,2011-03-01T10:08:00,1.95,15194,United Kingdom
545231,22666,RECIPE BOX PANTRY YELLOW DESIGN,6,2011-03-01T10:08:00,2.95,15194,United Kingdom
545231,22149,FELTCRAFT 6 FLOWER FRIENDS,6,2011-03-01T10:08:00,2.1,15194,United Kingdom
545231,22178,VICTORIAN GLASS HANGING T-LIGHT,96,2011-03-01T10:08:00,1.06,15194,United Kingdom
545231,21929,JUMBO BAG PINK VINTAGE PAISLEY,10,2011-03-01T10:08:00,1.95,15194,United Kingdom
545231,84978,HANGING HEART JAR T-LIGHT HOLDER,36,2011-03-01T10:08:00,1.06,15194,United Kingdom
545231,22969,HOMEMADE JAM SCENTED CANDLES,12,2011-03-01T10:08:00,1.45,15194,United Kingdom
545231,22961,JAM MAKING SET PRINTED,12,2011-03-01T10:08:00,1.45,15194,United Kingdom
545232,10133,COLOURING PENCILS BROWN TUBE,10,2011-03-01T10:19:00,0.85,15676,United Kingdom
545232,10135,COLOURING PENCILS BROWN TUBE,10,2011-03-01T10:19:00,1.25,15676,United Kingdom
545232,20705,MRS ROBOT SOFT TOY,2,2011-03-01T10:19:00,6.95,15676,United Kingdom
545232,85123A,WHITE HANGING HEART T-LIGHT HOLDER,12,2011-03-01T10:19:00,2.95,15676,United Kingdom
545232,22277,COSMETIC BAG VINTAGE ROSE PAISLEY,6,2011-03-01T10:19:00,2.1,15676,United Kingdom
545232,21577,SAVE THE PLANET COTTON TOTE BAG,6,2011-03-01T10:19:00,2.25,15676,United Kingdom
545232,21578,WOODLAND DESIGN  COTTON TOTE BAG,6,2011-03-01T10:19:00,2.25,15676,United Kingdom
545232,22611,VINTAGE UNION JACK SHOPPING BAG,3,2011-03-01T10:19:00,4.95,15676,United Kingdom
545232,22276,WASH BAG VINTAGE ROSE PAISLEY,6,2011-03-01T10:19:00,2.55,15676,United Kingdom
545232,22278,OVERNIGHT BAG VINTAGE ROSE PAISLEY,3,2011-03-01T10:19:00,4.95,15676,United Kingdom
545232,71053,WHITE METAL LANTERN,4,2011-03-01T10:19:00,3.75,15676,United Kingdom
545232,21733,RED HANGING HEART T-LIGHT HOLDER,6,2011-03-01T10:19:00,2.95,15676,United Kingdom
545232,84945,MULTI COLOUR SILVER T-LIGHT HOLDER,12,2011-03-01T10:19:00,0.85,15676,United Kingdom
545232,85206A,CREAM FELT EASTER EGG BASKET,6,2011-03-01T10:19:00,1.65,15676,United Kingdom
545232,22228,BUNNY WOODEN PAINTED WITH BIRD ,12,2011-03-01T10:19:00,0.85,15676,United Kingdom
545232,22229,BUNNY WOODEN PAINTED WITH FLOWER ,12,2011-03-01T10:19:00,0.85,15676,United Kingdom
545232,22286,"DECORATION , WOBBLY RABBIT , METAL ",12,2011-03-01T10:19:00,1.65,15676,United Kingdom
545232,22267,EASTER DECORATION EGG BUNNY ,12,2011-03-01T10:19:00,1.25,15676,United Kingdom
545232,84741C,CITRUS GARLAND FELT FLOWERS ,6,2011-03-01T10:19:00,1.95,15676,United Kingdom
545232,22606,WOODEN SKITTLES GARDEN SET,1,2011-03-01T10:19:00,15.95,15676,United Kingdom
545232,22607,WOODEN ROUNDERS GARDEN SET ,2,2011-03-01T10:19:00,9.95,15676,United Kingdom
545232,22605,WOODEN CROQUET GARDEN SET,1,2011-03-01T10:19:00,14.95,15676,United Kingdom
545232,22479,DAISY GARDEN MARKER,10,2011-03-01T10:19:00,1.25,15676,United Kingdom
545232,20967,GREY FLORAL FELTCRAFT SHOULDER BAG,4,2011-03-01T10:19:00,3.75,15676,United Kingdom
545232,22149,FELTCRAFT 6 FLOWER FRIENDS,6,2011-03-01T10:19:00,2.1,15676,United Kingdom
545232,22568,FELTCRAFT CUSHION OWL,4,2011-03-01T10:19:00,3.75,15676,United Kingdom
545232,22570,FELTCRAFT CUSHION RABBIT,4,2011-03-01T10:19:00,3.75,15676,United Kingdom
545232,22441,GROW YOUR OWN BASIL IN ENAMEL MUG,8,2011-03-01T10:19:00,2.1,15676,United Kingdom
545232,22652,TRAVEL SEWING KIT,10,2011-03-01T10:19:00,1.65,15676,United Kingdom
545232,22457,NATURAL SLATE HEART CHALKBOARD ,6,2011-03-01T10:19:00,2.95,15676,United Kingdom
545232,21380,WOODEN HAPPY BIRTHDAY GARLAND,6,2011-03-01T10:19:00,2.95,15676,United Kingdom
545232,21381,MINI WOODEN HAPPY BIRTHDAY GARLAND,12,2011-03-01T10:19:00,1.69,15676,United Kingdom
545232,21621,VINTAGE UNION JACK BUNTING,2,2011-03-01T10:19:00,8.5,15676,United Kingdom
545232,20829,GLITTER HANGING BUTTERFLY STRING,8,2011-03-01T10:19:00,2.1,15676,United Kingdom
545232,84836,ZINC METAL HEART DECORATION,12,2011-03-01T10:19:00,1.25,15676,United Kingdom
545232,22296,HEART IVORY TRELLIS LARGE,12,2011-03-01T10:19:00,1.65,15676,United Kingdom
545232,22766,PHOTO FRAME CORNICE,8,2011-03-01T10:19:00,2.95,15676,United Kingdom
545232,22768,FAMILY PHOTO FRAME CORNICE,2,2011-03-01T10:19:00,9.95,15676,United Kingdom
545232,22195,LARGE HEART MEASURING SPOONS,12,2011-03-01T10:19:00,1.65,15676,United Kingdom
545232,22196,SMALL HEART MEASURING SPOONS,12,2011-03-01T10:19:00,0.85,15676,United Kingdom
545232,84378,SET OF 3 HEART COOKIE CUTTERS,12,2011-03-01T10:19:00,1.25,15676,United Kingdom
545232,84380,SET OF 3 BUTTERFLY COOKIE CUTTERS,12,2011-03-01T10:19:00,1.25,15676,United Kingdom
545232,22352,LUNCH BOX WITH CUTLERY RETROSPOT ,6,2011-03-01T10:19:00,2.55,15676,United Kingdom
545232,22384,LUNCH BAG PINK POLKADOT,10,2011-03-01T10:19:00,1.65,15676,United Kingdom
545232,21463,MIRRORED DISCO BALL ,2,2011-03-01T10:19:00,5.95,15676,United Kingdom
545232,21464,DISCO BALL ROTATOR BATTERY OPERATED,2,2011-03-01T10:19:00,4.25,15676,United Kingdom
545232,22029,SPACEBOY BIRTHDAY CARD,12,2011-03-01T10:19:00,0.42,15676,United Kingdom
545232,22716,CARD CIRCUS PARADE,12,2011-03-01T10:19:00,0.42,15676,United Kingdom
545232,20985,HEART CALCULATOR,12,2011-03-01T10:19:00,1.25,15676,United Kingdom
545232,22030,SWALLOWS GREETING CARD,12,2011-03-01T10:19:00,0.42,15676,United Kingdom
545232,20828,GLITTER BUTTERFLY CLIPS,6,2011-03-01T10:19:00,2.55,15676,United Kingdom
545232,47481,50CM METAL STRING WITH  7 CLIPS,12,2011-03-01T10:19:00,0.85,15676,United Kingdom
545232,20973,12 PENCIL SMALL TUBE WOODLAND,24,2011-03-01T10:19:00,0.65,15676,United Kingdom
545232,20977,36 PENCILS TUBE WOODLAND,16,2011-03-01T10:19:00,1.25,15676,United Kingdom
545232,20984,12 PENCILS TALL TUBE POSY,12,2011-03-01T10:19:00,0.85,15676,United Kingdom
545232,21623,VINTAGE UNION JACK MEMOBOARD,2,2011-03-01T10:19:00,9.95,15676,United Kingdom
545232,22189,CREAM HEART CARD HOLDER,4,2011-03-01T10:19:00,3.95,15676,United Kingdom
545232,21499,BLUE POLKADOT WRAP,25,2011-03-01T10:19:00,0.42,15676,United Kingdom
545232,21500,PINK POLKADOT WRAP ,25,2011-03-01T10:19:00,0.42,15676,United Kingdom
545232,22045,SPACEBOY GIFT WRAP,25,2011-03-01T10:19:00,0.42,15676,United Kingdom
545232,71459,HANGING JAM JAR T-LIGHT HOLDER,24,2011-03-01T10:19:00,0.85,15676,United Kingdom
545233,22660,DOORMAT I LOVE LONDON,2,2011-03-01T10:25:00,7.95,18044,United Kingdom
545233,48138,DOORMAT UNION FLAG,2,2011-03-01T10:25:00,7.95,18044,United Kingdom
545233,22819,"BIRTHDAY CARD, RETRO SPOT",12,2011-03-01T10:25:00,0.42,18044,United Kingdom
545233,22983,CARD BILLBOARD FONT,12,2011-03-01T10:25:00,0.42,18044,United Kingdom
545233,22026,BANQUET BIRTHDAY  CARD  ,12,2011-03-01T10:25:00,0.42,18044,United Kingdom
545233,21506,"FANCY FONT BIRTHDAY CARD, ",12,2011-03-01T10:25:00,0.42,18044,United Kingdom
545233,22817,CARD SUKI BIRTHDAY,12,2011-03-01T10:25:00,0.42,18044,United Kingdom
545233,22033,BOTANICAL ROSE GREETING CARD,12,2011-03-01T10:25:00,0.42,18044,United Kingdom
545233,22032,BOTANICAL LILY GREETING CARD,12,2011-03-01T10:25:00,0.42,18044,United Kingdom
545233,22031,BOTANICAL LAVENDER BIRTHDAY CARD,12,2011-03-01T10:25:00,0.42,18044,United Kingdom
545234,85123A,WHITE HANGING HEART T-LIGHT HOLDER,12,2011-03-01T10:26:00,2.95,18075,United Kingdom
545234,22720,SET OF 3 CAKE TINS PANTRY DESIGN ,3,2011-03-01T10:26:00,4.95,18075,United Kingdom
545234,22469,HEART OF WICKER SMALL,12,2011-03-01T10:26:00,1.65,18075,United Kingdom
545234,22470,HEART OF WICKER LARGE,12,2011-03-01T10:26:00,2.95,18075,United Kingdom
545234,35961,FOLKART ZINC HEART CHRISTMAS DEC,12,2011-03-01T10:26:00,0.85,18075,United Kingdom
545234,84978,HANGING HEART JAR T-LIGHT HOLDER,12,2011-03-01T10:26:00,1.25,18075,United Kingdom
545234,22171,3 HOOK PHOTO SHELF ANTIQUE WHITE,2,2011-03-01T10:26:00,8.5,18075,United Kingdom
545234,22169,FAMILY ALBUM WHITE PICTURE FRAME,4,2011-03-01T10:26:00,8.5,18075,United Kingdom
545234,22768,FAMILY PHOTO FRAME CORNICE,2,2011-03-01T10:26:00,9.95,18075,United Kingdom
545234,22796,PHOTO FRAME 3 CLASSIC HANGING,2,2011-03-01T10:26:00,9.95,18075,United Kingdom
545234,21385,IVORY HANGING DECORATION  HEART,24,2011-03-01T10:26:00,0.85,18075,United Kingdom
545234,22791,T-LIGHT GLASS FLUTED ANTIQUE,12,2011-03-01T10:26:00,1.25,18075,United Kingdom
545235,21559,STRAWBERRY LUNCH BOX WITH CUTLERY,6,2011-03-01T10:31:00,2.55,12683,France
545235,21207,SKULL AND CROSSBONES  GARLAND ,24,2011-03-01T10:31:00,1.65,12683,France
545235,22129,PARTY CONES CANDY TREE DECORATION,24,2011-03-01T10:31:00,0.85,12683,France
545235,22328,ROUND SNACK BOXES SET OF 4 FRUITS ,6,2011-03-01T10:31:00,2.95,12683,France
545235,21212,PACK OF 72 RETROSPOT CAKE CASES,24,2011-03-01T10:31:00,0.55,12683,France
545235,84988,SET OF 72 PINK HEART PAPER DOILIES,12,2011-03-01T10:31:00,1.45,12683,France
545235,84828,JUNGLE POPSICLES ICE LOLLY HOLDERS,12,2011-03-01T10:31:00,1.25,12683,France
545235,22890,NOVELTY BISCUITS CAKE STAND 3 TIER,2,2011-03-01T10:31:00,9.95,12683,France
545235,84375,SET OF 20 KIDS COOKIE CUTTERS,12,2011-03-01T10:31:00,2.1,12683,France
545235,84692,BOX OF 24 COCKTAIL PARASOLS,25,2011-03-01T10:31:00,0.42,12683,France
545235,22077,6 RIBBONS RUSTIC CHARM,24,2011-03-01T10:31:00,1.65,12683,France
545235,21544,SKULLS  WATER TRANSFER TATTOOS ,24,2011-03-01T10:31:00,0.85,12683,France
545235,22748,POPPY'S PLAYHOUSE KITCHEN,6,2011-03-01T10:31:00,2.1,12683,France
545235,22437,SET OF 9 BLACK SKULL BALLOONS,20,2011-03-01T10:31:00,0.85,12683,France
545235,22620,4 TRADITIONAL SPINNING TOPS,12,2011-03-01T10:31:00,1.25,12683,France
545235,22549,PICTURE DOMINOES,12,2011-03-01T10:31:00,1.45,12683,France
545235,POST,POSTAGE,2,2011-03-01T10:31:00,18,12683,France
545236,22797,damages,-15,2011-03-01T10:32:00,0,,United Kingdom
545237,84978,HANGING HEART JAR T-LIGHT HOLDER,36,2011-03-01T10:38:00,1.06,15709,United Kingdom
545237,79051A,SMOKEY GREY COLOUR D.O.F. GLASS,48,2011-03-01T10:38:00,0.53,15709,United Kingdom
545237,47590A,BLUE HAPPY BIRTHDAY BUNTING,3,2011-03-01T10:38:00,5.45,15709,United Kingdom
545237,47566,PARTY BUNTING,4,2011-03-01T10:38:00,4.95,15709,United Kingdom
545237,10133,COLOURING PENCILS BROWN TUBE,20,2011-03-01T10:38:00,0.85,15709,United Kingdom
545237,22082,RIBBON REEL STRIPES DESIGN ,10,2011-03-01T10:38:00,1.65,15709,United Kingdom
545238,22045,SPACEBOY GIFT WRAP,25,2011-03-01T11:02:00,0.42,15241,United Kingdom
545238,22711,WRAP CIRCUS PARADE,25,2011-03-01T11:02:00,0.42,15241,United Kingdom
545238,21495,SKULLS AND CROSSBONES WRAP,25,2011-03-01T11:02:00,0.42,15241,United Kingdom
545238,22708,WRAP DOLLY GIRL,25,2011-03-01T11:02:00,0.42,15241,United Kingdom
545238,21500,PINK POLKADOT WRAP ,25,2011-03-01T11:02:00,0.42,15241,United Kingdom
545238,21498,RED RETROSPOT WRAP ,25,2011-03-01T11:02:00,0.42,15241,United Kingdom
545238,22651,GENTLEMAN SHIRT REPAIR KIT ,12,2011-03-01T11:02:00,0.85,15241,United Kingdom
545238,21213,PACK OF 72 SKULL CAKE CASES,24,2011-03-01T11:02:00,0.55,15241,United Kingdom
545238,21212,PACK OF 72 RETROSPOT CAKE CASES,24,2011-03-01T11:02:00,0.55,15241,United Kingdom
545238,21122,SET/10 PINK POLKADOT PARTY CANDLES,24,2011-03-01T11:02:00,1.25,15241,United Kingdom
545238,22262,FELT EGG COSY CHICKEN,12,2011-03-01T11:02:00,0.85,15241,United Kingdom
545238,22261,FELT EGG COSY WHITE RABBIT ,12,2011-03-01T11:02:00,0.85,15241,United Kingdom
545238,21126,SET OF 6 GIRLS CELEBRATION CANDLES,12,2011-03-01T11:02:00,1.25,15241,United Kingdom
545238,21125,SET 6 FOOTBALL CELEBRATION CANDLES,12,2011-03-01T11:02:00,1.25,15241,United Kingdom
545238,21791,VINTAGE HEADS AND TAILS CARD GAME ,12,2011-03-01T11:02:00,1.25,15241,United Kingdom
545238,22147,FELTCRAFT BUTTERFLY HEARTS,12,2011-03-01T11:02:00,1.45,15241,United Kingdom
545238,85178,VICTORIAN SEWING KIT,12,2011-03-01T11:02:00,1.25,15241,United Kingdom
545238,22654,DELUXE SEWING KIT ,3,2011-03-01T11:02:00,5.95,15241,United Kingdom
545238,22716,CARD CIRCUS PARADE,12,2011-03-01T11:02:00,0.42,15241,United Kingdom
545238,22029,SPACEBOY BIRTHDAY CARD,12,2011-03-01T11:02:00,0.42,15241,United Kingdom
545238,21915,RED  HARMONICA IN BOX ,12,2011-03-01T11:02:00,1.25,15241,United Kingdom
545238,22271,FELTCRAFT DOLL ROSIE,6,2011-03-01T11:02:00,2.95,15241,United Kingdom
545238,22750,FELTCRAFT PRINCESS LOLA DOLL,4,2011-03-01T11:02:00,3.75,15241,United Kingdom
545238,22749,FELTCRAFT PRINCESS CHARLOTTE DOLL,4,2011-03-01T11:02:00,3.75,15241,United Kingdom
545238,20972,PINK CREAM FELT CRAFT TRINKET BOX ,24,2011-03-01T11:02:00,1.25,15241,United Kingdom
545238,22561,WOODEN SCHOOL COLOURING SET,12,2011-03-01T11:02:00,1.65,15241,United Kingdom
545238,22752,SET 7 BABUSHKA NESTING BOXES,2,2011-03-01T11:02:00,8.5,15241,United Kingdom
545238,16156S,WRAP PINK FAIRY CAKES ,25,2011-03-01T11:02:00,0.42,15241,United Kingdom
545276,84947,ANTIQUE SILVER TEA GLASS ENGRAVED,42,2011-03-01T11:30:00,1.25,12933,United Kingdom
545276,21068,VINTAGE BILLBOARD LOVE/HATE MUG,1,2011-03-01T11:30:00,1.25,12933,United Kingdom
545276,84952C,MIRROR LOVE BIRD T-LIGHT HOLDER,6,2011-03-01T11:30:00,3.75,12933,United Kingdom
545276,22992,REVOLVER WOODEN RULER ,4,2011-03-01T11:30:00,1.95,12933,United Kingdom
545276,21171,BATHROOM METAL SIGN ,3,2011-03-01T11:30:00,1.45,12933,United Kingdom
545276,84952C,MIRROR LOVE BIRD T-LIGHT HOLDER,2,2011-03-01T11:30:00,3.75,12933,United Kingdom
545276,22861,EASTER TIN CHICKS IN GARDEN,6,2011-03-01T11:30:00,1.65,12933,United Kingdom
545276,21709,FOLDING UMBRELLA CHOCOLATE POLKADOT,1,2011-03-01T11:30:00,4.95,12933,United Kingdom
C545277,35471D,SET OF 3 BIRD LIGHT PINK FEATHER ,-1,2011-03-01T11:31:00,1.25,12933,United Kingdom
545279,21239,PINK  POLKADOT CUP,16,2011-03-01T11:36:00,0.85,17811,United Kingdom
545279,21240,BLUE POLKADOT CUP,12,2011-03-01T11:36:00,0.85,17811,United Kingdom
545279,21238,RED RETROSPOT CUP,6,2011-03-01T11:36:00,0.85,17811,United Kingdom
545279,22845,VINTAGE CREAM CAT FOOD CONTAINER,12,2011-03-01T11:36:00,5.55,17811,United Kingdom
545279,21731,RED TOADSTOOL LED NIGHT LIGHT,4,2011-03-01T11:36:00,1.65,17811,United Kingdom
545279,22925,BLUE GIANT GARDEN THERMOMETER,2,2011-03-01T11:36:00,5.95,17811,United Kingdom
545279,22844,VINTAGE CREAM DOG FOOD CONTAINER,1,2011-03-01T11:36:00,8.5,17811,United Kingdom
545287,85099B,JUMBO BAG RED RETROSPOT,60,2011-03-01T11:42:00,1.95,15971,United Kingdom
545288,15056N,EDWARDIAN PARASOL NATURAL,2,2011-03-01T11:48:00,5.95,15311,United Kingdom
545288,22241,GARLAND WOODEN HAPPY EASTER,12,2011-03-01T11:48:00,1.25,15311,United Kingdom
545288,21755,LOVE BUILDING BLOCK WORD,2,2011-03-01T11:48:00,5.95,15311,United Kingdom
545288,84865,NEW BAROQUE BLACK PHOTO ALBUM,1,2011-03-01T11:48:00,8.5,15311,United Kingdom
545288,21329,DINOSAURS  WRITING SET ,2,2011-03-01T11:48:00,1.65,15311,United Kingdom
545288,21169,YOU'RE CONFUSING ME METAL SIGN ,3,2011-03-01T11:48:00,1.69,15311,United Kingdom
545288,85071D,CHARLIE+LOLA MY ROOM DOOR SIGN,3,2011-03-01T11:48:00,2.55,15311,United Kingdom
545288,82567,"AIRLINE LOUNGE,METAL SIGN",2,2011-03-01T11:48:00,2.1,15311,United Kingdom
545288,21470,FLOWER VINE RAFFIA FOOD COVER,2,2011-03-01T11:48:00,3.75,15311,United Kingdom
545288,22086,PAPER CHAIN KIT 50'S CHRISTMAS ,4,2011-03-01T11:48:00,2.95,15311,United Kingdom
545288,21121,SET/10 RED POLKADOT PARTY CANDLES,4,2011-03-01T11:48:00,1.25,15311,United Kingdom
545288,21947,SET OF 6 HEART CHOPSTICKS,6,2011-03-01T11:48:00,1.25,15311,United Kingdom
545288,21883,STARS GIFT TAPE ,12,2011-03-01T11:48:00,0.65,15311,United Kingdom
545288,20655,QUEEN OF SKIES LUGGAGE TAG,2,2011-03-01T11:48:00,1.25,15311,United Kingdom
545288,21380,WOODEN HAPPY BIRTHDAY GARLAND,3,2011-03-01T11:48:00,2.95,15311,United Kingdom
545288,22262,FELT EGG COSY CHICKEN,7,2011-03-01T11:48:00,0.85,15311,United Kingdom
545288,20665,RED RETROSPOT PURSE ,2,2011-03-01T11:48:00,2.95,15311,United Kingdom
545288,21035,SET/2 RED RETROSPOT TEA TOWELS ,2,2011-03-01T11:48:00,3.25,15311,United Kingdom
545288,21929,JUMBO BAG PINK VINTAGE PAISLEY,2,2011-03-01T11:48:00,1.95,15311,United Kingdom
545288,21928,JUMBO BAG SCANDINAVIAN BLUE PAISLEY,2,2011-03-01T11:48:00,1.95,15311,United Kingdom
545288,22411,JUMBO SHOPPER VINTAGE RED PAISLEY,2,2011-03-01T11:48:00,1.95,15311,United Kingdom
545288,21668,RED STRIPE CERAMIC DRAWER KNOB,96,2011-03-01T11:48:00,1.06,15311,United Kingdom
545288,21754,HOME BUILDING BLOCK WORD,18,2011-03-01T11:48:00,5.45,15311,United Kingdom
545288,40001,WHITE BAMBOO RIBS LAMPSHADE,144,2011-03-01T11:48:00,0.64,15311,United Kingdom
545288,20719,WOODLAND CHARLOTTE BAG,100,2011-03-01T11:48:00,0.72,15311,United Kingdom
545288,22719,GUMBALL MONOCHROME COAT RACK,36,2011-03-01T11:48:00,1.06,15311,United Kingdom
545288,22844,VINTAGE CREAM DOG FOOD CONTAINER,12,2011-03-01T11:48:00,7.65,15311,United Kingdom
545288,20724,RED RETROSPOT CHARLOTTE BAG,100,2011-03-01T11:48:00,0.72,15311,United Kingdom
545288,79321,CHILLI LIGHTS,24,2011-03-01T11:48:00,4.95,15311,United Kingdom
545288,21669,BLUE STRIPE CERAMIC DRAWER KNOB,96,2011-03-01T11:48:00,1.06,15311,United Kingdom
545288,20725,LUNCH BAG RED RETROSPOT,100,2011-03-01T11:48:00,1.45,15311,United Kingdom
545288,85099B,JUMBO BAG RED RETROSPOT,100,2011-03-01T11:48:00,1.65,15311,United Kingdom
545288,20727,LUNCH BAG  BLACK SKULL.,100,2011-03-01T11:48:00,1.45,15311,United Kingdom
545289,22989,SET 2 PANTRY DESIGN TEA TOWELS,6,2011-03-01T11:55:00,3.25,14732,United Kingdom
545289,22990,COTTON APRON PANTRY DESIGN,2,2011-03-01T11:55:00,4.95,14732,United Kingdom
545289,22993,SET OF 4 PANTRY JELLY MOULDS,12,2011-03-01T11:55:00,1.25,14732,United Kingdom
545289,22980,PANTRY SCRUBBING BRUSH,12,2011-03-01T11:55:00,1.65,14732,United Kingdom
545289,23004,TRAVEL CARD WALLET PANTRY,24,2011-03-01T11:55:00,0.42,14732,United Kingdom
545289,21577,SAVE THE PLANET COTTON TOTE BAG,6,2011-03-01T11:55:00,2.25,14732,United Kingdom
545289,21578,WOODLAND DESIGN  COTTON TOTE BAG,6,2011-03-01T11:55:00,2.25,14732,United Kingdom
545289,21039,RED RETROSPOT SHOPPING BAG,6,2011-03-01T11:55:00,2.55,14732,United Kingdom
545289,22386,JUMBO BAG PINK POLKADOT,10,2011-03-01T11:55:00,1.95,14732,United Kingdom
545289,22957,SET 3 PAPER VINTAGE CHICK PAPER EGG,6,2011-03-01T11:55:00,2.95,14732,United Kingdom
545289,22857,ASSORTED EASTER GIFT TAGS,12,2011-03-01T11:55:00,0.85,14732,United Kingdom
545289,22858,EASTER TIN KEEPSAKE,6,2011-03-01T11:55:00,1.65,14732,United Kingdom
545289,22860,EASTER TIN CHICKS PINK DAISY,6,2011-03-01T11:55:00,1.65,14732,United Kingdom
545289,84231,EASTER BUNNY WITH BASKET ON BACK,12,2011-03-01T11:55:00,0.65,14732,United Kingdom
545289,22171,3 HOOK PHOTO SHELF ANTIQUE WHITE,2,2011-03-01T11:55:00,8.5,14732,United Kingdom
545289,22692,DOORMAT WELCOME TO OUR HOME,2,2011-03-01T11:55:00,7.95,14732,United Kingdom
545289,48187,DOORMAT NEW ENGLAND,2,2011-03-01T11:55:00,7.95,14732,United Kingdom
545289,21524,DOORMAT SPOTTY HOME SWEET HOME,2,2011-03-01T11:55:00,7.95,14732,United Kingdom
545289,22078,RIBBON REEL LACE DESIGN ,10,2011-03-01T11:55:00,2.1,14732,United Kingdom
545289,22077,6 RIBBONS RUSTIC CHARM,12,2011-03-01T11:55:00,1.65,14732,United Kingdom
545289,22962,JAM JAR WITH PINK LID,12,2011-03-01T11:55:00,0.85,14732,United Kingdom
545289,22961,JAM MAKING SET PRINTED,12,2011-03-01T11:55:00,1.45,14732,United Kingdom
545289,22652,TRAVEL SEWING KIT,10,2011-03-01T11:55:00,1.65,14732,United Kingdom
545289,22169,FAMILY ALBUM WHITE PICTURE FRAME,2,2011-03-01T11:55:00,8.5,14732,United Kingdom
545289,22771,CLEAR DRAWER KNOB ACRYLIC EDWARDIAN,24,2011-03-01T11:55:00,1.25,14732,United Kingdom
545289,22855,FINE WICKER HEART ,12,2011-03-01T11:55:00,1.25,14732,United Kingdom
545289,21754,HOME BUILDING BLOCK WORD,3,2011-03-01T11:55:00,5.95,14732,United Kingdom
545289,21755,LOVE BUILDING BLOCK WORD,3,2011-03-01T11:55:00,5.95,14732,United Kingdom
545289,22429,ENAMEL MEASURING JUG CREAM,4,2011-03-01T11:55:00,4.25,14732,United Kingdom
545289,21430,SET/3 RED GINGHAM ROSE STORAGE BOX,4,2011-03-01T11:55:00,3.75,14732,United Kingdom
545290,46118,FUNKY MONKEY CUSHION COVER,6,2011-03-01T12:01:00,0.85,14688,United Kingdom
545290,21932,SCANDINAVIAN PAISLEY PICNIC BAG,3,2011-03-01T12:01:00,2.95,14688,United Kingdom
545290,21937,STRAWBERRY   PICNIC BAG,3,2011-03-01T12:01:00,2.95,14688,United Kingdom
545290,20675,BLUE POLKADOT BOWL,4,2011-03-01T12:01:00,1.25,14688,United Kingdom
545290,20676,RED RETROSPOT BOWL,5,2011-03-01T12:01:00,1.25,14688,United Kingdom
545290,21901,"KEY FOB , BACK DOOR ",4,2011-03-01T12:01:00,0.65,14688,United Kingdom
545290,21925,UNION STRIPE CUSHION COVER ,6,2011-03-01T12:01:00,1.25,14688,United Kingdom
545290,21934,SKULL SHOULDER BAG,10,2011-03-01T12:01:00,1.65,14688,United Kingdom
545290,21935,SUKI  SHOULDER BAG,30,2011-03-01T12:01:00,1.65,14688,United Kingdom
545290,21621,VINTAGE UNION JACK BUNTING,4,2011-03-01T12:01:00,8.5,14688,United Kingdom
545290,22053,EMPIRE DESIGN ROSETTE,3,2011-03-01T12:01:00,1.25,14688,United Kingdom
545290,48111,DOORMAT 3 SMILEY CATS,2,2011-03-01T12:01:00,7.95,14688,United Kingdom
545290,22386,JUMBO BAG PINK POLKADOT,10,2011-03-01T12:01:00,1.95,14688,United Kingdom
545290,20723,STRAWBERRY CHARLOTTE BAG,10,2011-03-01T12:01:00,0.85,14688,United Kingdom
545290,77101A,UNION FLAG WINDSOCK,1,2011-03-01T12:01:00,1.25,14688,United Kingdom
545290,22356,CHARLOTTE BAG PINK POLKADOT,10,2011-03-01T12:01:00,0.85,14688,United Kingdom
545290,77101A,UNION FLAG WINDSOCK,1,2011-03-01T12:01:00,1.25,14688,United Kingdom
545290,21430,SET/3 RED GINGHAM ROSE STORAGE BOX,2,2011-03-01T12:01:00,3.75,14688,United Kingdom
C545307,22414,DOORMAT NEIGHBOURHOOD WITCH ,-1,2011-03-01T13:05:00,7.95,17027,United Kingdom
C545307,20793,BLUE TILED TRAY,-5,2011-03-01T13:05:00,6.75,17027,United Kingdom
C545329,M,Manual,-1,2011-03-01T15:47:00,280.05,12352,Norway
C545329,M,Manual,-1,2011-03-01T15:47:00,183.75,12352,Norway
C545330,M,Manual,-1,2011-03-01T15:49:00,376.5,12352,Norway
C545421,22684,FRENCH BLUE METAL DOOR SIGN 9,-2,2011-03-02T14:28:00,1.25,13166,United Kingdom
548550,22662,LUNCH BAG DOLLY GIRL DESIGN,10,2011-04-01T08:22:00,1.65,18161,United Kingdom
548550,22296,HEART IVORY TRELLIS LARGE,12,2011-04-01T08:22:00,1.65,18161,United Kingdom
548550,21790,VINTAGE SNAP CARDS,12,2011-04-01T08:22:00,0.85,18161,United Kingdom
548550,22622,BOX OF VINTAGE ALPHABET BLOCKS,2,2011-04-01T08:22:00,9.95,18161,United Kingdom
548550,22393,PAPERWEIGHT VINTAGE COLLAGE,6,2011-04-01T08:22:00,2.55,18161,United Kingdom
548550,85061W,WHITE JEWELLED HEART DECORATION,24,2011-04-01T08:22:00,0.85,18161,United Kingdom
548550,22720,SET OF 3 CAKE TINS PANTRY DESIGN ,6,2011-04-01T08:22:00,4.95,18161,United Kingdom
548550,22423,REGENCY CAKESTAND 3 TIER,3,2011-04-01T08:22:00,12.75,18161,United Kingdom
548550,85123A,WHITE HANGING HEART T-LIGHT HOLDER,6,2011-04-01T08:22:00,2.95,18161,United Kingdom
548550,21794,CLASSIC FRENCH STYLE BASKET NATURAL,2,2011-04-01T08:22:00,6.75,18161,United Kingdom
548550,84879,ASSORTED COLOUR BIRD ORNAMENT,16,2011-04-01T08:22:00,1.69,18161,United Kingdom
548550,20728,LUNCH BAG CARS BLUE,10,2011-04-01T08:22:00,1.65,18161,United Kingdom
548551,22622,BOX OF VINTAGE ALPHABET BLOCKS,4,2011-04-01T08:56:00,9.95,14886,United Kingdom
548551,22623,BOX OF VINTAGE JIGSAW BLOCKS ,6,2011-04-01T08:56:00,4.95,14886,United Kingdom
548551,22561,WOODEN SCHOOL COLOURING SET,12,2011-04-01T08:56:00,1.65,14886,United Kingdom
548551,20726,LUNCH BAG WOODLAND,10,2011-04-01T08:56:00,1.65,14886,United Kingdom
548551,20728,LUNCH BAG CARS BLUE,10,2011-04-01T08:56:00,1.65,14886,United Kingdom
548551,22662,LUNCH BAG DOLLY GIRL DESIGN,10,2011-04-01T08:56:00,1.65,14886,United Kingdom
548551,22382,LUNCH BAG SPACEBOY DESIGN ,10,2011-04-01T08:56:00,1.65,14886,United Kingdom
548551,23127,DOLLCRAFT GIRL NICOLE,4,2011-04-01T08:56:00,4.95,14886,United Kingdom
548551,23126,DOLLCRAFT GIRL AMELIE,4,2011-04-01T08:56:00,4.95,14886,United Kingdom
548551,22961,JAM MAKING SET PRINTED,12,2011-04-01T08:56:00,1.45,14886,United Kingdom
548551,22722,SET OF 6 SPICE TINS PANTRY DESIGN,4,2011-04-01T08:56:00,3.95,14886,United Kingdom
548551,22904,CALENDAR PAPER CUT DESIGN,6,2011-04-01T08:56:00,2.95,14886,United Kingdom
548551,22666,RECIPE BOX PANTRY YELLOW DESIGN,6,2011-04-01T08:56:00,2.95,14886,United Kingdom
548551,22287,"DECORATION , WOBBLY CHICKEN, METAL ",12,2011-04-01T08:56:00,1.65,14886,United Kingdom
548551,22286,"DECORATION , WOBBLY RABBIT , METAL ",12,2011-04-01T08:56:00,1.65,14886,United Kingdom
548551,22291,HANGING CHICK CREAM DECORATION,24,2011-04-01T08:56:00,1.45,14886,United Kingdom
548551,22267,EASTER DECORATION EGG BUNNY ,12,2011-04-01T08:56:00,1.25,14886,United Kingdom
548551,22281,EASTER TREE YELLOW BIRDS,2,2011-04-01T08:56:00,5.95,14886,United Kingdom
548552,22607,WOODEN ROUNDERS GARDEN SET ,8,2011-04-01T09:06:00,8.5,17613,United Kingdom
548552,85123A,WHITE HANGING HEART T-LIGHT HOLDER,12,2011-04-01T09:06:00,2.95,17613,United Kingdom
548552,21931,JUMBO STORAGE BAG SUKI,10,2011-04-01T09:06:00,1.95,17613,United Kingdom
548552,22385,JUMBO BAG SPACEBOY DESIGN,10,2011-04-01T09:06:00,1.95,17613,United Kingdom
548552,21714,CITRONELLA CANDLE GARDEN POT,12,2011-04-01T09:06:00,1.25,17613,United Kingdom
548552,21936,RED RETROSPOT PICNIC BAG,5,2011-04-01T09:06:00,2.95,17613,United Kingdom
548552,22224,WHITE LOVEBIRD LANTERN,6,2011-04-01T09:06:00,2.95,17613,United Kingdom
548552,72807C,SET/3 VANILLA SCENTED CANDLE IN BOX,4,2011-04-01T09:06:00,4.25,17613,United Kingdom
548552,48194,DOORMAT HEARTS,2,2011-04-01T09:06:00,7.95,17613,United Kingdom
548552,22168,ORGANISER WOOD ANTIQUE WHITE ,2,2011-04-01T09:06:00,8.5,17613,United Kingdom
548553,21472,LADYBIRD + BEE RAFFIA FOOD COVER,6,2011-04-01T09:19:00,3.75,12523,France
548553,22262,FELT EGG COSY CHICKEN,12,2011-04-01T09:19:00,0.85,12523,France
548553,23231,WRAP DOILEY DESIGN,25,2011-04-01T09:19:00,0.42,12523,France
548553,21844,RED RETROSPOT MUG,6,2011-04-01T09:19:00,2.95,12523,France
548553,22957,SET 3 PAPER VINTAGE CHICK PAPER EGG,6,2011-04-01T09:19:00,2.95,12523,France
548553,21533,RETROSPOT LARGE MILK JUG,3,2011-04-01T09:19:00,4.95,12523,France
548553,21535,RED RETROSPOT SMALL MILK JUG,6,2011-04-01T09:19:00,2.55,12523,France
548553,22285,HANGING HEN ON NEST DECORATION,12,2011-04-01T09:19:00,1.65,12523,France
548553,35911A,MULTICOLOUR RABBIT EGG WARMER,12,2011-04-01T09:19:00,0.85,12523,France
548554,21043,APRON MODERN VINTAGE COTTON,60,2011-04-01T09:19:00,1.95,13694,United Kingdom
548554,21096,SET/6 FRUIT SALAD  PAPER PLATES,192,2011-04-01T09:19:00,0.39,13694,United Kingdom
548554,21287,SCENTED VELVET LOUNGE CANDLE ,288,2011-04-01T09:19:00,0.38,13694,United Kingdom
548554,21319,GLASS CHALICE GREEN  SMALL ,72,2011-04-01T09:19:00,0.39,13694,United Kingdom
548554,21318,GLASS CHALICE BLUE SMALL ,72,2011-04-01T09:19:00,0.39,13694,United Kingdom
548554,21654,RIDGED GLASS FINGER BOWL,144,2011-04-01T09:19:00,0.39,13694,United Kingdom
548554,22060,LARGE CAKE STAND HANGING HEARTS,24,2011-04-01T09:19:00,3.95,13694,United Kingdom
548554,79030D,"TUMBLER, BAROQUE",24,2011-04-01T09:19:00,0.39,13694,United Kingdom
548554,79030G,"TUMBLER, NEW ENGLAND",24,2011-04-01T09:19:00,0.39,13694,United Kingdom
548554,84596B,SMALL DOLLY MIX DESIGN ORANGE BOWL,144,2011-04-01T09:19:00,0.42,13694,United Kingdom
548554,84596F,SMALL MARSHMALLOWS PINK BOWL,72,2011-04-01T09:19:00,0.42,13694,United Kingdom
548554,84596G,SMALL CHOCOLATES PINK BOWL,72,2011-04-01T09:19:00,0.42,13694,United Kingdom
548554,84596J,MIXED NUTS LIGHT GREEN BOWL,72,2011-04-01T09:19:00,0.42,13694,United Kingdom
548554,84596L,BISCUITS SMALL BOWL LIGHT BLUE,72,2011-04-01T09:19:00,0.42,13694,United Kingdom
548554,85132A,CHARLIE + LOLA BISCUITS TINS,48,2011-04-01T09:19:00,1.95,13694,United Kingdom
548554,85132B,CHARLIE AND LOLA TABLE TINS,12,2011-04-01T09:19:00,1.95,13694,United Kingdom
548554,85132C,CHARLIE AND LOLA FIGURES TINS,12,2011-04-01T09:19:00,1.95,13694,United Kingdom
548554,85144,JARDIN ETCHED GLASS CHEESE DISH,12,2011-04-01T09:19:00,1.95,13694,United Kingdom
548554,85145,JARDIN ETCHED GLASS LARGE BELL JAR,4,2011-04-01T09:19:00,3.95,13694,United Kingdom
548555,22148,EASTER CRAFT 4 CHICKS ,12,2011-04-01T09:21:00,1.95,13758,United Kingdom
548555,22281,EASTER TREE YELLOW BIRDS,2,2011-04-01T09:21:00,5.95,13758,United Kingdom
548555,20725,LUNCH BAG RED RETROSPOT,10,2011-04-01T09:21:00,1.65,13758,United Kingdom
548555,20728,LUNCH BAG CARS BLUE,10,2011-04-01T09:21:00,1.65,13758,United Kingdom
548555,22383,LUNCH BAG SUKI DESIGN ,10,2011-04-01T09:21:00,1.65,13758,United Kingdom
548555,22384,LUNCH BAG PINK POLKADOT,10,2011-04-01T09:21:00,1.65,13758,United Kingdom
548555,22088,PAPER BUNTING COLOURED LACE,12,2011-04-01T09:21:00,2.95,13758,United Kingdom
548555,22090,PAPER BUNTING RETROSPOT,12,2011-04-01T09:21:00,2.95,13758,United Kingdom
548555,21735,TWO DOOR CURIO CABINET,2,2011-04-01T09:21:00,12.75,13758,United Kingdom
548555,85066,CREAM SWEETHEART MINI CHEST,2,2011-04-01T09:21:00,12.75,13758,United Kingdom
548555,22168,ORGANISER WOOD ANTIQUE WHITE ,2,2011-04-01T09:21:00,8.5,13758,United Kingdom
548555,22979,PANTRY WASHING UP BRUSH,12,2011-04-01T09:21:00,1.45,13758,United Kingdom
548555,22138,BAKING SET 9 PIECE RETROSPOT ,3,2011-04-01T09:21:00,4.95,13758,United Kingdom
548555,22139,RETROSPOT TEA SET CERAMIC 11 PC ,3,2011-04-01T09:21:00,4.95,13758,United Kingdom
548555,22784,LANTERN CREAM GAZEBO ,6,2011-04-01T09:21:00,4.95,13758,United Kingdom
548556,84313B,BLUE TV TRAY TABLE ,26,2011-04-01T09:25:00,1.95,13694,United Kingdom
548556,84313C,ORANGE TV TRAY TABLE ,96,2011-04-01T09:25:00,1.95,13694,United Kingdom
548557,85179A,GREEN BITTY LIGHT CHAIN,3,2011-04-01T09:56:00,4.65,15018,United Kingdom
548557,20829,GLITTER HANGING BUTTERFLY STRING,8,2011-04-01T09:56:00,2.1,15018,United Kingdom
548557,21534,DAIRY MAID LARGE MILK JUG,3,2011-04-01T09:56:00,4.95,15018,United Kingdom
548557,84968F,SET OF 16 VINTAGE SKY BLUE CUTLERY,1,2011-04-01T09:56:00,12.75,15018,United Kingdom
548557,84968A,SET OF 16 VINTAGE ROSE CUTLERY,1,2011-04-01T09:56:00,12.75,15018,United Kingdom
548557,22132,RED LOVE HEART SHAPE CUP,12,2011-04-01T09:56:00,0.85,15018,United Kingdom
548557,21240,BLUE POLKADOT CUP,8,2011-04-01T09:56:00,0.85,15018,United Kingdom
548557,21245,GREEN POLKADOT PLATE ,8,2011-04-01T09:56:00,1.69,15018,United Kingdom
548557,21243,PINK  POLKADOT PLATE ,8,2011-04-01T09:56:00,1.69,15018,United Kingdom
548557,20675,BLUE POLKADOT BOWL,8,2011-04-01T09:56:00,1.25,15018,United Kingdom
548557,84978,HANGING HEART JAR T-LIGHT HOLDER,12,2011-04-01T09:56:00,1.25,15018,United Kingdom
548557,84816,DANISH ROSE BEDSIDE CABINET,1,2011-04-01T09:56:00,39.95,15018,United Kingdom
548558,22231,JIGSAW TREE WITH BIRDHOUSE,12,2011-04-01T10:05:00,1.45,13626,United Kingdom
548558,22230,JIGSAW TREE WITH WATERING CAN,12,2011-04-01T10:05:00,0.85,13626,United Kingdom
548558,22957,SET 3 PAPER VINTAGE CHICK PAPER EGG,6,2011-04-01T10:05:00,2.95,13626,United Kingdom
548558,22241,GARLAND WOODEN HAPPY EASTER,12,2011-04-01T10:05:00,1.25,13626,United Kingdom
548558,20749,ASSORTED COLOUR MINI CASES,2,2011-04-01T10:05:00,7.95,13626,United Kingdom
548558,21986,PACK OF 12 PINK POLKADOT TISSUES,24,2011-04-01T10:05:00,0.29,13626,United Kingdom
548558,21984,PACK OF 12 PINK PAISLEY TISSUES ,24,2011-04-01T10:05:00,0.29,13626,United Kingdom
548558,21980,PACK OF 12 RED RETROSPOT TISSUES ,24,2011-04-01T10:05:00,0.29,13626,United Kingdom
548558,22557,PLASTERS IN TIN VINTAGE PAISLEY ,12,2011-04-01T10:05:00,1.65,13626,United Kingdom
548558,22961,JAM MAKING SET PRINTED,12,2011-04-01T10:05:00,1.45,13626,United Kingdom
548558,21428,SET3 BOOK BOX GREEN GINGHAM FLOWER ,4,2011-04-01T10:05:00,4.25,13626,United Kingdom
548558,21430,SET/3 RED GINGHAM ROSE STORAGE BOX,4,2011-04-01T10:05:00,3.75,13626,United Kingdom
548558,21992,VINTAGE PAISLEY STATIONERY SET,6,2011-04-01T10:05:00,2.95,13626,United Kingdom
548558,85015,SET OF 12  VINTAGE POSTCARD SET,6,2011-04-01T10:05:00,2.55,13626,United Kingdom
548558,22907,PACK OF 20 NAPKINS PANTRY DESIGN,12,2011-04-01T10:05:00,0.85,13626,United Kingdom
548558,22524,CHILDRENS GARDEN GLOVES BLUE,10,2011-04-01T10:05:00,1.25,13626,United Kingdom
548558,22520,CHILDS GARDEN TROWEL BLUE ,12,2011-04-01T10:05:00,0.85,13626,United Kingdom
548558,22522,CHILDS GARDEN FORK BLUE ,12,2011-04-01T10:05:00,0.85,13626,United Kingdom
548558,22138,BAKING SET 9 PIECE RETROSPOT ,3,2011-04-01T10:05:00,4.95,13626,United Kingdom
548559,22848,BREAD BIN DINER STYLE PINK,2,2011-04-01T10:08:00,16.95,16214,United Kingdom
548559,22699,ROSES REGENCY TEACUP AND SAUCER ,8,2011-04-01T10:08:00,2.95,16214,United Kingdom
548559,22698,PINK REGENCY TEACUP AND SAUCER,8,2011-04-01T10:08:00,2.95,16214,United Kingdom
548559,22697,GREEN REGENCY TEACUP AND SAUCER,8,2011-04-01T10:08:00,2.95,16214,United Kingdom
548559,22423,REGENCY CAKESTAND 3 TIER,8,2011-04-01T10:08:00,12.75,16214,United Kingdom
548560,84970L,SINGLE HEART ZINC T-LIGHT HOLDER,24,2011-04-01T10:10:00,0.95,13468,United Kingdom
548560,22178,VICTORIAN GLASS HANGING T-LIGHT,24,2011-04-01T10:10:00,1.25,13468,United Kingdom
548560,84949,SILVER HANGING T-LIGHT HOLDER,36,2011-04-01T10:10:00,1.65,13468,United Kingdom
548560,37342,POLKADOT COFFEE CUP & SAUCER PINK,48,2011-04-01T10:10:00,0.79,13468,United Kingdom
548560,85123A,WHITE HANGING HEART T-LIGHT HOLDER,32,2011-04-01T10:10:00,2.55,13468,United Kingdom
548560,84970S,HANGING HEART ZINC T-LIGHT HOLDER,24,2011-04-01T10:10:00,0.85,13468,United Kingdom
548560,21533,RETROSPOT LARGE MILK JUG,6,2011-04-01T10:10:00,4.95,13468,United Kingdom
548560,21535,RED RETROSPOT SMALL MILK JUG,6,2011-04-01T10:10:00,2.55,13468,United Kingdom
548561,22555,PLASTERS IN TIN STRONGMAN,12,2011-04-01T10:11:00,1.65,16609,United Kingdom
548561,22179,SET 10 LIGHTS NIGHT OWL,2,2011-04-01T10:11:00,6.75,16609,United Kingdom
548561,22382,LUNCH BAG SPACEBOY DESIGN ,10,2011-04-01T10:11:00,1.65,16609,United Kingdom
548561,22383,LUNCH BAG SUKI DESIGN ,10,2011-04-01T10:11:00,1.65,16609,United Kingdom
548561,20711,JUMBO BAG TOYS ,10,2011-04-01T10:11:00,1.95,16609,United Kingdom
548561,22457,NATURAL SLATE HEART CHALKBOARD ,6,2011-04-01T10:11:00,2.95,16609,United Kingdom
548561,84997A,CHILDRENS CUTLERY POLKADOT GREEN ,4,2011-04-01T10:11:00,4.15,16609,United Kingdom
548561,21754,HOME BUILDING BLOCK WORD,3,2011-04-01T10:11:00,5.95,16609,United Kingdom
548561,22120,WELCOME  WOODEN BLOCK LETTERS,3,2011-04-01T10:11:00,9.95,16609,United Kingdom
548561,21755,LOVE BUILDING BLOCK WORD,3,2011-04-01T10:11:00,5.95,16609,United Kingdom
548561,21756,BATH BUILDING BLOCK WORD,3,2011-04-01T10:11:00,5.95,16609,United Kingdom
548561,22784,LANTERN CREAM GAZEBO ,3,2011-04-01T10:11:00,4.95,16609,United Kingdom
548561,22796,PHOTO FRAME 3 CLASSIC HANGING,2,2011-04-01T10:11:00,9.95,16609,United Kingdom
548561,22427,ENAMEL FLOWER JUG CREAM,3,2011-04-01T10:11:00,5.95,16609,United Kingdom
548561,22487,WHITE WOOD GARDEN PLANT LADDER,1,2011-04-01T10:11:00,9.95,16609,United Kingdom
548561,48194,DOORMAT HEARTS,2,2011-04-01T10:11:00,7.95,16609,United Kingdom
548561,21523,DOORMAT FANCY FONT HOME SWEET HOME,2,2011-04-01T10:11:00,7.95,16609,United Kingdom
548561,48187,DOORMAT NEW ENGLAND,2,2011-04-01T10:11:00,7.95,16609,United Kingdom
548561,84949,SILVER HANGING T-LIGHT HOLDER,6,2011-04-01T10:11:00,1.65,16609,United Kingdom
548561,22464,HANGING METAL HEART LANTERN,12,2011-04-01T10:11:00,1.65,16609,United Kingdom
548561,85123A,WHITE HANGING HEART T-LIGHT HOLDER,6,2011-04-01T10:11:00,2.95,16609,United Kingdom
548561,84970L,SINGLE HEART ZINC T-LIGHT HOLDER,12,2011-04-01T10:11:00,0.95,16609,United Kingdom
548561,22666,RECIPE BOX PANTRY YELLOW DESIGN,6,2011-04-01T10:11:00,2.95,16609,United Kingdom
548561,84997D,CHILDRENS CUTLERY POLKADOT PINK,4,2011-04-01T10:11:00,4.15,16609,United Kingdom
548561,22423,REGENCY CAKESTAND 3 TIER,1,2011-04-01T10:11:00,12.75,16609,United Kingdom
548561,22969,HOMEMADE JAM SCENTED CANDLES,12,2011-04-01T10:11:00,1.45,16609,United Kingdom
548561,22654,DELUXE SEWING KIT ,3,2011-04-01T10:11:00,5.95,16609,United Kingdom
548561,22614,PACK OF 12 SPACEBOY TISSUES,24,2011-04-01T10:11:00,0.29,16609,United Kingdom
548561,21981,PACK OF 12 WOODLAND TISSUES ,24,2011-04-01T10:11:00,0.29,16609,United Kingdom
548561,21982,PACK OF 12 SUKI TISSUES ,24,2011-04-01T10:11:00,0.29,16609,United Kingdom
548561,10135,COLOURING PENCILS BROWN TUBE,10,2011-04-01T10:11:00,1.25,16609,United Kingdom
548561,22617,BAKING SET SPACEBOY DESIGN,3,2011-04-01T10:11:00,4.95,16609,United Kingdom
548561,22138,BAKING SET 9 PIECE RETROSPOT ,3,2011-04-01T10:11:00,4.95,16609,United Kingdom
548561,22551,PLASTERS IN TIN SPACEBOY,12,2011-04-01T10:11:00,1.65,16609,United Kingdom
548561,22554,PLASTERS IN TIN WOODLAND ANIMALS,12,2011-04-01T10:11:00,1.65,16609,United Kingdom
548562,22191,IVORY DINER WALL CLOCK,2,2011-04-01T10:18:00,8.5,,Israel
548562,23052,RECYCLED ACAPULCO MAT TURQUOISE,2,2011-04-01T10:18:00,8.25,,Israel
548562,23049,RECYCLED ACAPULCO MAT RED,2,2011-04-01T10:18:00,8.25,,Israel
548562,22494,EMERGENCY FIRST AID TIN ,12,2011-04-01T10:18:00,1.25,,Israel
548562,21260,FIRST AID TIN,6,2011-04-01T10:18:00,3.25,,Israel
548562,22960,JAM MAKING SET WITH JARS,6,2011-04-01T10:18:00,4.25,,Israel
548563,85099C,JUMBO  BAG BAROQUE BLACK WHITE,4,2011-04-01T10:21:00,2.08,18118,United Kingdom
548563,22272,FELTCRAFT DOLL MARIA,1,2011-04-01T10:21:00,2.95,18118,United Kingdom
548563,22751,FELTCRAFT PRINCESS OLIVIA DOLL,1,2011-04-01T10:21:00,3.75,18118,United Kingdom
548563,22271,FELTCRAFT DOLL ROSIE,1,2011-04-01T10:21:00,2.95,18118,United Kingdom
548563,22750,FELTCRAFT PRINCESS LOLA DOLL,2,2011-04-01T10:21:00,3.75,18118,United Kingdom
548563,22570,FELTCRAFT CUSHION RABBIT,1,2011-04-01T10:21:00,3.75,18118,United Kingdom
548563,22569,FELTCRAFT CUSHION BUTTERFLY,3,2011-04-01T10:21:00,3.75,18118,United Kingdom
548563,21166,COOK WITH WINE METAL SIGN ,4,2011-04-01T10:21:00,2.08,18118,United Kingdom
548563,21561,DINOSAUR LUNCH BOX WITH CUTLERY,1,2011-04-01T10:21:00,2.55,18118,United Kingdom
548563,21242,RED RETROSPOT PLATE ,1,2011-04-01T10:21:00,1.69,18118,United Kingdom
548563,21238,RED RETROSPOT CUP,1,2011-04-01T10:21:00,0.85,18118,United Kingdom
548563,84789,ENCHANTED BIRD PLANT CAGE,2,2011-04-01T10:21:00,3.75,18118,United Kingdom
548563,22993,SET OF 4 PANTRY JELLY MOULDS,9,2011-04-01T10:21:00,1.25,18118,United Kingdom
548563,20845,ZINC HEART LATTICE 2 WALL PLANTER,2,2011-04-01T10:21:00,6.35,18118,United Kingdom
548563,22501,PICNIC BASKET WICKER LARGE,1,2011-04-01T10:21:00,9.95,18118,United Kingdom
548563,22525,CHILDRENS GARDEN GLOVES PINK,10,2011-04-01T10:21:00,1.25,18118,United Kingdom
548563,22926,IVORY GIANT GARDEN THERMOMETER,3,2011-04-01T10:21:00,5.95,18118,United Kingdom
C548564,20750,RED RETROSPOT MINI CASES,-1,2011-04-01T10:22:00,7.95,12616,France
548565,47566,PARTY BUNTING,12,2011-04-01T10:23:00,4.95,16180,United Kingdom
548565,22649,STRAWBERRY FAIRY CAKE TEAPOT,8,2011-04-01T10:23:00,4.95,16180,United Kingdom
548565,22059,CERAMIC STRAWBERRY DESIGN MUG,12,2011-04-01T10:23:00,1.49,16180,United Kingdom
548565,21931,JUMBO STORAGE BAG SUKI,10,2011-04-01T10:23:00,1.95,16180,United Kingdom
548565,85099F,JUMBO BAG STRAWBERRY,10,2011-04-01T10:23:00,1.95,16180,United Kingdom
548565,20712,JUMBO BAG WOODLAND ANIMALS,10,2011-04-01T10:23:00,1.95,16180,United Kingdom
548565,23078,ICE CREAM PEN LIP GLOSS ,48,2011-04-01T10:23:00,1.25,16180,United Kingdom
548565,23076,ICE CREAM SUNDAE LIP GLOSS,48,2011-04-01T10:23:00,1.25,16180,United Kingdom
548565,23077,DOUGHNUT LIP GLOSS ,40,2011-04-01T10:23:00,1.25,16180,United Kingdom
548565,85099B,JUMBO BAG RED RETROSPOT,10,2011-04-01T10:23:00,1.95,16180,United Kingdom
548565,21937,STRAWBERRY   PICNIC BAG,5,2011-04-01T10:23:00,2.95,16180,United Kingdom
548565,21936,RED RETROSPOT PICNIC BAG,5,2011-04-01T10:23:00,2.95,16180,United Kingdom
548565,22386,JUMBO BAG PINK POLKADOT,10,2011-04-01T10:23:00,1.95,16180,United Kingdom
548566,22693,GROW A FLYTRAP OR SUNFLOWER IN TIN,24,2011-04-01T10:27:00,1.25,17288,United Kingdom
548566,22258,FELT FARM ANIMAL RABBIT,24,2011-04-01T10:27:00,1.25,17288,United Kingdom
548566,21915,RED  HARMONICA IN BOX ,12,2011-04-01T10:27:00,1.25,17288,United Kingdom
548566,21914,BLUE HARMONICA IN BOX ,12,2011-04-01T10:27:00,1.25,17288,United Kingdom
548566,21128,GOLD FISHING GNOME,2,2011-04-01T10:27:00,6.95,17288,United Kingdom
548566,22492,MINI PAINT SET VINTAGE ,36,2011-04-01T10:27:00,0.65,17288,United Kingdom
548567,48138,DOORMAT UNION FLAG,4,2011-04-01T10:34:00,7.95,17965,United Kingdom
548567,23078,ICE CREAM PEN LIP GLOSS ,24,2011-04-01T10:34:00,1.25,17965,United Kingdom
548567,21411,GINGHAM HEART  DOORSTOP RED,1,2011-04-01T10:34:00,4.25,17965,United Kingdom
548567,22082,RIBBON REEL STRIPES DESIGN ,5,2011-04-01T10:34:00,1.65,17965,United Kingdom
548567,22508,DOORSTOP RETROSPOT HEART,1,2011-04-01T10:34:00,3.75,17965,United Kingdom
548567,22076,6 RIBBONS EMPIRE  ,6,2011-04-01T10:34:00,1.65,17965,United Kingdom
548567,22084,PAPER CHAIN KIT EMPIRE,5,2011-04-01T10:34:00,2.95,17965,United Kingdom
548567,22091,EMPIRE TISSUE BOX,6,2011-04-01T10:34:00,1.25,17965,United Kingdom
548567,22461,SAVOY ART DECO CLOCK,1,2011-04-01T10:34:00,12.75,17965,United Kingdom
548567,82001S,VINYL RECORD FRAME SILVER,3,2011-04-01T10:34:00,3.75,17965,United Kingdom
548567,22193,RED DINER WALL CLOCK,1,2011-04-01T10:34:00,8.5,17965,United Kingdom
548567,22191,IVORY DINER WALL CLOCK,1,2011-04-01T10:34:00,8.5,17965,United Kingdom
548567,23193,BUFFALO BILL TREASURE BOOK BOX,6,2011-04-01T10:34:00,2.25,17965,United Kingdom
548567,23177,TREASURE ISLAND BOOK BOX,6,2011-04-01T10:34:00,2.25,17965,United Kingdom
548567,23181,BULL DOG BOTTLE TOP WALL CLOCK,2,2011-04-01T10:34:00,8.25,17965,United Kingdom
548567,22890,NOVELTY BISCUITS CAKE STAND 3 TIER,1,2011-04-01T10:34:00,9.95,17965,United Kingdom
548567,22964,3 PIECE SPACEBOY COOKIE CUTTER SET,1,2011-04-01T10:34:00,2.1,17965,United Kingdom
548567,22966,GINGERBREAD MAN COOKIE CUTTER,1,2011-04-01T10:34:00,1.25,17965,United Kingdom
548567,22965,3 TRADITIONAl BISCUIT CUTTERS  SET,2,2011-04-01T10:34:00,2.1,17965,United Kingdom
548567,84375,SET OF 20 KIDS COOKIE CUTTERS,4,2011-04-01T10:34:00,2.1,17965,United Kingdom
548567,23053,RECYCLED ACAPULCO MAT PINK,1,2011-04-01T10:34:00,8.25,17965,United Kingdom
548567,23049,RECYCLED ACAPULCO MAT RED,1,2011-04-01T10:34:00,8.25,17965,United Kingdom
548567,23052,RECYCLED ACAPULCO MAT TURQUOISE,1,2011-04-01T10:34:00,8.25,17965,United Kingdom
548567,23050,RECYCLED ACAPULCO MAT GREEN,1,2011-04-01T10:34:00,8.25,17965,United Kingdom
548567,23054,RECYCLED ACAPULCO MAT LAVENDER,1,2011-04-01T10:34:00,8.25,17965,United Kingdom
548567,23051,RECYCLED ACAPULCO MAT BLUE,1,2011-04-01T10:34:00,8.25,17965,United Kingdom
548568,M,Manual,1,2011-04-01T10:43:00,12.75,14543,United Kingdom
548568,M,Manual,2,2011-04-01T10:43:00,10.95,14543,United Kingdom
548568,22627,MINT KITCHEN SCALES,1,2011-04-01T10:43:00,0.76,14543,United Kingdom
548568,22625,RED KITCHEN SCALES,2,2011-04-01T10:43:00,7.65,14543,United Kingdom
548568,22624,IVORY KITCHEN SCALES,4,2011-04-01T10:43:00,7.65,14543,United Kingdom
548568,22624,IVORY KITCHEN SCALES,4,2011-04-01T10:43:00,7.65,14543,United Kingdom
548568,22207,FRYING PAN UNION FLAG,1,2011-04-01T10:43:00,4.25,14543,United Kingdom
548568,21843,RED RETROSPOT CAKE STAND,1,2011-04-01T10:43:00,9.95,14543,United Kingdom
548568,21781,MA CAMPAGNE CUTLERY BOX,7,2011-04-01T10:43:00,12.75,14543,United Kingdom
548568,21534,DAIRY MAID LARGE MILK JUG,1,2011-04-01T10:43:00,4.95,14543,United Kingdom
548568,21528,DAIRY MAID TRADITIONAL TEAPOT ,2,2011-04-01T10:43:00,5.95,14543,United Kingdom
548568,21258,VICTORIAN SEWING BOX LARGE,4,2011-04-01T10:43:00,12.75,14543,United Kingdom
C548573,22762,CUPBOARD 3 DRAWER MA CAMPAGNE,-8,2011-04-01T10:45:00,12.75,15045,United Kingdom
C548576,84632,DECORATIVE HANGING SHELVING UNIT,-1,2011-04-01T10:46:00,59.95,15696,United Kingdom
C548576,22487,WHITE WOOD GARDEN PLANT LADDER,-1,2011-04-01T10:46:00,9.95,15696,United Kingdom
C548576,84969,BOX OF 6 ASSORTED COLOUR TEASPOONS,-1,2011-04-01T10:46:00,4.25,15696,United Kingdom
C548577,21154,RED RETROSPOT OVEN GLOVE ,-200,2011-04-01T10:46:00,1.06,13694,United Kingdom
C548577,21873,IF YOU CAN'T STAND THE HEAT MUG,-72,2011-04-01T10:46:00,1.06,13694,United Kingdom
C548577,22659,LUNCH BOX I LOVE LONDON,-64,2011-04-01T10:46:00,1.65,13694,United Kingdom
C548577,21155,RED RETROSPOT PEG BAG,-200,2011-04-01T10:46:00,2.1,13694,United Kingdom
C548577,21210,SET OF 72 RETROSPOT PAPER  DOILIES,-96,2011-04-01T10:46:00,1.25,13694,United Kingdom
548604,22318,FIVE HEART HANGING DECORATION,1,2011-04-01T10:58:00,2.95,,United Kingdom
548604,22781,GUMBALL MAGAZINE RACK,1,2011-04-01T10:58:00,7.65,,United Kingdom
548604,20749,ASSORTED COLOUR MINI CASES,1,2011-04-01T10:58:00,7.95,,United Kingdom
548604,84692,BOX OF 24 COCKTAIL PARASOLS,1,2011-04-01T10:58:00,0.42,,United Kingdom
548604,47566,PARTY BUNTING,1,2011-04-01T10:58:00,4.95,,United Kingdom
548604,22273,FELTCRAFT DOLL MOLLY,1,2011-04-01T10:58:00,2.95,,United Kingdom
548604,22274,FELTCRAFT DOLL EMILY,1,2011-04-01T10:58:00,2.95,,United Kingdom
548604,22453,MEASURING TAPE BABUSHKA BLUE,1,2011-04-01T10:58:00,2.95,,United Kingdom
548604,22453,MEASURING TAPE BABUSHKA BLUE,1,2011-04-01T10:58:00,2.95,,United Kingdom
548604,22722,SET OF 6 SPICE TINS PANTRY DESIGN,1,2011-04-01T10:58:00,3.95,,United Kingdom
548604,22811,SET OF 6 T-LIGHTS CACTI ,1,2011-04-01T10:58:00,2.95,,United Kingdom
548604,21902,"KEY FOB , FRONT  DOOR ",1,2011-04-01T10:58:00,0.65,,United Kingdom
548604,21901,"KEY FOB , BACK DOOR ",1,2011-04-01T10:58:00,0.65,,United Kingdom
548604,21900,"KEY FOB , SHED",1,2011-04-01T10:58:00,0.65,,United Kingdom
548604,21899,"KEY FOB , GARAGE DESIGN",1,2011-04-01T10:58:00,0.65,,United Kingdom
548604,22844,VINTAGE CREAM DOG FOOD CONTAINER,1,2011-04-01T10:58:00,8.5,,United Kingdom
C548605,22453,MEASURING TAPE BABUSHKA BLUE,-1,2011-04-01T11:03:00,2.95,,United Kingdom
548606,10002,INFLATABLE POLITICAL GLOBE ,120,2011-04-01T11:10:00,0.85,12731,France
548606,22398,MAGNETS PACK OF 4 SWALLOWS,60,2011-04-01T11:10:00,1.25,12731,France
548606,22402,MAGNETS PACK OF 4 VINTAGE COLLAGE,60,2011-04-01T11:10:00,1.25,12731,France
548608,23126,FELTCRAFT GIRL AMELIE KIT,4,2011-04-01T11:20:00,4.95,13462,United Kingdom
548608,23176,ABC TREASURE BOOK BOX ,8,2011-04-01T11:20:00,2.25,13462,United Kingdom
548608,23184,BULL DOG BOTTLE OPENER,4,2011-04-01T11:20:00,4.95,13462,United Kingdom
548608,22224,WHITE LOVEBIRD LANTERN,6,2011-04-01T11:20:00,2.95,13462,United Kingdom
548608,21389,IVORY HANGING DECORATION  BIRD,12,2011-04-01T11:20:00,0.85,13462,United Kingdom
548608,22441,GROW YOUR OWN BASIL IN ENAMEL MUG,8,2011-04-01T11:20:00,2.1,13462,United Kingdom
548608,21714,CITRONELLA CANDLE GARDEN POT,12,2011-04-01T11:20:00,1.25,13462,United Kingdom
548608,22084,PAPER CHAIN KIT EMPIRE,6,2011-04-01T11:20:00,2.95,13462,United Kingdom
548608,23181,BULL DOG BOTTLE TOP WALL CLOCK,2,2011-04-01T11:20:00,8.25,13462,United Kingdom
548610,22752,SET 7 BABUSHKA NESTING BOXES,1,2011-04-01T11:28:00,8.5,15860,United Kingdom
548610,21398,RED POLKADOT COFFEE  MUG,12,2011-04-01T11:28:00,0.39,15860,United Kingdom
548610,21399,BLUE POLKADOT COFFEE MUG,6,2011-04-01T11:28:00,0.39,15860,United Kingdom
548610,21394,RED POLKADOT BEAKER ,6,2011-04-01T11:28:00,0.39,15860,United Kingdom
548610,21395,BLUE POLKADOT BEAKER ,4,2011-04-01T11:28:00,0.39,15860,United Kingdom
548610,22766,PHOTO FRAME CORNICE,4,2011-04-01T11:28:00,2.95,15860,United Kingdom
548610,21754,HOME BUILDING BLOCK WORD,1,2011-04-01T11:28:00,5.95,15860,United Kingdom
548610,21397,BLUE POLKADOT EGG CUP ,12,2011-04-01T11:28:00,0.39,15860,United Kingdom
548610,21733,RED HANGING HEART T-LIGHT HOLDER,1,2011-04-01T11:28:00,2.95,15860,United Kingdom
548610,85123A,WHITE HANGING HEART T-LIGHT HOLDER,1,2011-04-01T11:28:00,2.95,15860,United Kingdom
548610,84926A,WAKE UP COCKEREL TILE COASTER,4,2011-04-01T11:28:00,1.25,15860,United Kingdom
548610,84926E,FLOWERS TILE COASTER,4,2011-04-01T11:28:00,1.25,15860,United Kingdom
548610,84926D,LA PALMIERA TILE COASTER,4,2011-04-01T11:28:00,1.25,15860,United Kingdom
548610,23177,TREASURE ISLAND BOOK BOX,1,2011-04-01T11:28:00,2.25,15860,United Kingdom
548610,23194,GYMKHANA TREASURE BOOK BOX,2,2011-04-01T11:28:00,2.25,15860,United Kingdom
548610,23176,ABC TREASURE BOOK BOX ,3,2011-04-01T11:28:00,2.25,15860,United Kingdom
548610,21257,VICTORIAN SEWING BOX MEDIUM,1,2011-04-01T11:28:00,7.95,15860,United Kingdom
548610,21755,LOVE BUILDING BLOCK WORD,2,2011-04-01T11:28:00,5.95,15860,United Kingdom
548610,22120,WELCOME  WOODEN BLOCK LETTERS,1,2011-04-01T11:28:00,9.95,15860,United Kingdom
548610,20679,EDWARDIAN PARASOL RED,1,2011-04-01T11:28:00,5.95,15860,United Kingdom
548610,15056BL,EDWARDIAN PARASOL BLACK,1,2011-04-01T11:28:00,5.95,15860,United Kingdom
548610,85014B,RED RETROSPOT UMBRELLA,1,2011-04-01T11:28:00,5.95,15860,United Kingdom
548610,15056N,EDWARDIAN PARASOL NATURAL,1,2011-04-01T11:28:00,5.95,15860,United Kingdom
548610,85014A,BLACK/BLUE POLKADOT UMBRELLA,1,2011-04-01T11:28:00,5.95,15860,United Kingdom
548610,22411,JUMBO SHOPPER VINTAGE RED PAISLEY,5,2011-04-01T11:28:00,2.08,15860,United Kingdom
548610,23010,CIRCUS PARADE BABY GIFT SET,2,2011-04-01T11:28:00,16.95,15860,United Kingdom
548610,23009,I LOVE LONDON BABY GIFT SET,1,2011-04-01T11:28:00,16.95,15860,United Kingdom
548610,23008,DOLLY GIRL BABY GIFT SET,2,2011-04-01T11:28:00,16.95,15860,United Kingdom
548610,22507,MEMO BOARD RETROSPOT  DESIGN,1,2011-04-01T11:28:00,4.95,15860,United Kingdom
548610,22505,MEMO BOARD COTTAGE DESIGN,1,2011-04-01T11:28:00,4.95,15860,United Kingdom
548610,22993,SET OF 4 PANTRY JELLY MOULDS,3,2011-04-01T11:28:00,1.25,15860,United Kingdom
548610,21623,VINTAGE UNION JACK MEMOBOARD,2,2011-04-01T11:28:00,9.95,15860,United Kingdom
548610,22796,PHOTO FRAME 3 CLASSIC HANGING,2,2011-04-01T11:28:00,9.95,15860,United Kingdom
548610,21714,CITRONELLA CANDLE GARDEN POT,6,2011-04-01T11:28:00,1.25,15860,United Kingdom
548610,21034,REX CASH+CARRY JUMBO SHOPPER,1,2011-04-01T11:28:00,0.95,15860,United Kingdom
548611,21181,PLEASE ONE PERSON METAL SIGN,24,2011-04-01T11:31:00,2.1,18230,United Kingdom
548611,82001S,VINYL RECORD FRAME SILVER,12,2011-04-01T11:31:00,3.75,18230,United Kingdom
548611,82581,TOILET METAL SIGN,12,2011-04-01T11:31:00,0.55,18230,United Kingdom
548611,21864,UNION JACK FLAG PASSPORT COVER ,12,2011-04-01T11:31:00,2.1,18230,United Kingdom
548611,21790,VINTAGE SNAP CARDS,24,2011-04-01T11:31:00,0.85,18230,United Kingdom
548611,21175,GIN + TONIC DIET METAL SIGN,12,2011-04-01T11:31:00,2.55,18230,United Kingdom
548611,21904,HOUSE WRECKING METAL SIGN ,12,2011-04-01T11:31:00,2.1,18230,United Kingdom
548611,21907,I'M ON HOLIDAY METAL SIGN,12,2011-04-01T11:31:00,2.1,18230,United Kingdom
548611,85152,HAND OVER THE CHOCOLATE   SIGN ,12,2011-04-01T11:31:00,2.1,18230,United Kingdom
548611,21163,DO NOT TOUCH MY STUFF DOOR HANGER ,12,2011-04-01T11:31:00,1.45,18230,United Kingdom
548611,21165,BEWARE OF THE CAT METAL SIGN ,12,2011-04-01T11:31:00,1.69,18230,United Kingdom
548611,21169,YOU'RE CONFUSING ME METAL SIGN ,12,2011-04-01T11:31:00,1.69,18230,United Kingdom
548611,22413,METAL SIGN TAKE IT OR LEAVE IT ,6,2011-04-01T11:31:00,2.95,18230,United Kingdom
548611,82582,AREA PATROLLED METAL SIGN,12,2011-04-01T11:31:00,2.1,18230,United Kingdom
548611,82580,BATHROOM METAL SIGN,12,2011-04-01T11:31:00,0.55,18230,United Kingdom
548611,21174,POTTERING IN THE SHED METAL SIGN,12,2011-04-01T11:31:00,2.08,18230,United Kingdom
548612,20685,DOORMAT RED RETROSPOT,1,2011-04-01T11:34:00,7.95,13137,United Kingdom
548612,20727,LUNCH BAG  BLACK SKULL.,1,2011-04-01T11:34:00,1.65,13137,United Kingdom
548612,21626,VINTAGE UNION JACK PENNANT,1,2011-04-01T11:34:00,1.95,13137,United Kingdom
548612,22427,ENAMEL FLOWER JUG CREAM,1,2011-04-01T11:34:00,5.95,13137,United Kingdom
548612,22499,WOODEN UNION JACK BUNTING,1,2011-04-01T11:34:00,5.95,13137,United Kingdom
548612,22851,SET 20 NAPKINS FAIRY CAKES DESIGN ,1,2011-04-01T11:34:00,0.85,13137,United Kingdom
548612,22148,EASTER CRAFT 4 CHICKS ,2,2011-04-01T11:34:00,1.95,13137,United Kingdom
548612,22327,ROUND SNACK BOXES SET OF 4 SKULLS,1,2011-04-01T11:34:00,2.95,13137,United Kingdom
548612,22855,FINE WICKER HEART ,2,2011-04-01T11:34:00,1.25,13137,United Kingdom
548612,22251,BIRDHOUSE DECORATION MAGIC GARDEN,1,2011-04-01T11:34:00,1.25,13137,United Kingdom
548612,22694,WICKER STAR ,1,2011-04-01T11:34:00,2.1,13137,United Kingdom
548612,22695,WICKER WREATH SMALL,2,2011-04-01T11:34:00,1.45,13137,United Kingdom
548612,85199L,LARGE HANGING IVORY & RED WOOD BIRD,1,2011-04-01T11:34:00,0.65,13137,United Kingdom
548612,85152,HAND OVER THE CHOCOLATE   SIGN ,1,2011-04-01T11:34:00,2.1,13137,United Kingdom
548612,21903,MAN FLU METAL SIGN,1,2011-04-01T11:34:00,2.1,13137,United Kingdom
548612,20674,GREEN POLKADOT BOWL,1,2011-04-01T11:34:00,1.25,13137,United Kingdom
548612,20675,BLUE POLKADOT BOWL,1,2011-04-01T11:34:00,1.25,13137,United Kingdom
548612,20676,RED RETROSPOT BOWL,1,2011-04-01T11:34:00,1.25,13137,United Kingdom
548612,20677,PINK POLKADOT BOWL,1,2011-04-01T11:34:00,1.25,13137,United Kingdom
548612,21976,PACK OF 60 MUSHROOM CAKE CASES,1,2011-04-01T11:34:00,0.55,13137,United Kingdom
548612,21975,PACK OF 60 DINOSAUR CAKE CASES,1,2011-04-01T11:34:00,0.55,13137,United Kingdom
548612,21212,PACK OF 72 RETROSPOT CAKE CASES,1,2011-04-01T11:34:00,0.55,13137,United Kingdom
548612,84879,ASSORTED COLOUR BIRD ORNAMENT,1,2011-04-01T11:34:00,1.69,13137,United Kingdom
548612,21385,IVORY HANGING DECORATION  HEART,1,2011-04-01T11:34:00,0.85,13137,United Kingdom
548612,21448,12 DAISY PEGS IN WOOD BOX,3,2011-04-01T11:34:00,1.65,13137,United Kingdom
548612,22993,SET OF 4 PANTRY JELLY MOULDS,1,2011-04-01T11:34:00,1.25,13137,United Kingdom
548612,22082,RIBBON REEL STRIPES DESIGN ,1,2011-04-01T11:34:00,1.65,13137,United Kingdom
548612,22981,PANTRY APPLE CORER,1,2011-04-01T11:34:00,1.45,13137,United Kingdom
548612,22577,WOODEN HEART CHRISTMAS SCANDINAVIAN,1,2011-04-01T11:34:00,0.85,13137,United Kingdom
548612,22295,HEART FILIGREE DOVE LARGE,1,2011-04-01T11:34:00,1.65,13137,United Kingdom
548612,21213,PACK OF 72 SKULL CAKE CASES,1,2011-04-01T11:34:00,0.55,13137,United Kingdom
548612,84997A,CHILDRENS CUTLERY POLKADOT GREEN ,2,2011-04-01T11:34:00,4.15,13137,United Kingdom
548612,84997B,CHILDRENS CUTLERY RETROSPOT RED ,1,2011-04-01T11:34:00,4.15,13137,United Kingdom
548612,84997D,CHILDRENS CUTLERY POLKADOT PINK,1,2011-04-01T11:34:00,4.15,13137,United Kingdom
548612,35001G,HAND OPEN SHAPE GOLD,1,2011-04-01T11:34:00,4.25,13137,United Kingdom
548612,22149,FELTCRAFT 6 FLOWER FRIENDS,1,2011-04-01T11:34:00,2.1,13137,United Kingdom
548612,22150,3 STRIPEY MICE FELTCRAFT,1,2011-04-01T11:34:00,1.95,13137,United Kingdom
548612,22548,HEADS AND TAILS SPORTING FUN,1,2011-04-01T11:34:00,1.25,13137,United Kingdom
548612,22804,CANDLEHOLDER PINK HANGING HEART,1,2011-04-01T11:34:00,2.95,13137,United Kingdom
548612,22613,PACK OF 20 SPACEBOY NAPKINS,1,2011-04-01T11:34:00,0.85,13137,United Kingdom
548612,21790,VINTAGE SNAP CARDS,1,2011-04-01T11:34:00,0.85,13137,United Kingdom
548612,22748,POPPY'S PLAYHOUSE KITCHEN,1,2011-04-01T11:34:00,2.1,13137,United Kingdom
548612,22480,RED TEA TOWEL CLASSIC DESIGN,1,2011-04-01T11:34:00,1.25,13137,United Kingdom
548612,22482,BLUE TEA TOWEL CLASSIC DESIGN,1,2011-04-01T11:34:00,1.25,13137,United Kingdom
548612,22522,CHILDS GARDEN FORK BLUE ,1,2011-04-01T11:34:00,0.85,13137,United Kingdom
548612,22521,CHILDS GARDEN TROWEL PINK,1,2011-04-01T11:34:00,0.85,13137,United Kingdom
548612,22523,CHILDS GARDEN FORK PINK,1,2011-04-01T11:34:00,0.85,13137,United Kingdom
548612,22520,CHILDS GARDEN TROWEL BLUE ,1,2011-04-01T11:34:00,0.85,13137,United Kingdom
548612,22728,ALARM CLOCK BAKELIKE PINK,1,2011-04-01T11:34:00,3.75,13137,United Kingdom
548612,21671,RED SPOT CERAMIC DRAWER KNOB,8,2011-04-01T11:34:00,1.25,13137,United Kingdom
548612,21669,BLUE STRIPE CERAMIC DRAWER KNOB,4,2011-04-01T11:34:00,1.25,13137,United Kingdom
548612,21672,WHITE SPOT RED CERAMIC DRAWER KNOB,4,2011-04-01T11:34:00,1.25,13137,United Kingdom
548612,21668,RED STRIPE CERAMIC DRAWER KNOB,4,2011-04-01T11:34:00,1.25,13137,United Kingdom
548612,22771,CLEAR DRAWER KNOB ACRYLIC EDWARDIAN,4,2011-04-01T11:34:00,1.25,13137,United Kingdom
548612,22774,RED DRAWER KNOB ACRYLIC EDWARDIAN,4,2011-04-01T11:34:00,1.25,13137,United Kingdom
548612,22772,PINK DRAWER KNOB ACRYLIC EDWARDIAN,4,2011-04-01T11:34:00,1.25,13137,United Kingdom
548612,21535,RED RETROSPOT SMALL MILK JUG,2,2011-04-01T11:34:00,2.55,13137,United Kingdom
548612,22919,HERB MARKER MINT,6,2011-04-01T11:34:00,0.65,13137,United Kingdom
548612,22916,HERB MARKER THYME,6,2011-04-01T11:34:00,0.65,13137,United Kingdom
548612,22918,HERB MARKER PARSLEY,6,2011-04-01T11:34:00,0.65,13137,United Kingdom
548612,22920,HERB MARKER BASIL,6,2011-04-01T11:34:00,0.65,13137,United Kingdom
548612,22921,HERB MARKER CHIVES ,6,2011-04-01T11:34:00,0.65,13137,United Kingdom
548612,22917,HERB MARKER ROSEMARY,6,2011-04-01T11:34:00,0.65,13137,United Kingdom
548612,21456,2 PICTURE BOOK EGGS EASTER CHICKS,3,2011-04-01T11:34:00,1.25,13137,United Kingdom
548612,21457,2 PICTURE BOOK EGGS EASTER DUCKS,3,2011-04-01T11:34:00,1.25,13137,United Kingdom
548612,21458,2 PICTURE BOOK EGGS EASTER BUNNY,3,2011-04-01T11:34:00,1.25,13137,United Kingdom
548612,21035,SET/2 RED RETROSPOT TEA TOWELS ,4,2011-04-01T11:34:00,3.25,13137,United Kingdom
548612,22270,HAPPY EASTER HANGING DECORATION,10,2011-04-01T11:34:00,3.75,13137,United Kingdom
548612,22285,HANGING HEN ON NEST DECORATION,10,2011-04-01T11:34:00,1.65,13137,United Kingdom
548612,21383,PACK OF 12 STICKY BUNNIES,5,2011-04-01T11:34:00,0.65,13137,United Kingdom
548612,20973,12 PENCIL SMALL TUBE WOODLAND,4,2011-04-01T11:34:00,0.65,13137,United Kingdom
548612,20975,12 PENCILS SMALL TUBE RED RETROSPOT,4,2011-04-01T11:34:00,0.65,13137,United Kingdom
548612,20974,12 PENCILS SMALL TUBE SKULL,4,2011-04-01T11:34:00,0.65,13137,United Kingdom
548612,22417,PACK OF 60 SPACEBOY CAKE CASES,5,2011-04-01T11:34:00,0.55,13137,United Kingdom
548612,22951,60 CAKE CASES DOLLY GIRL DESIGN,5,2011-04-01T11:34:00,0.55,13137,United Kingdom
548612,21976,PACK OF 60 MUSHROOM CAKE CASES,3,2011-04-01T11:34:00,0.55,13137,United Kingdom
548612,21212,PACK OF 72 RETROSPOT CAKE CASES,5,2011-04-01T11:34:00,0.55,13137,United Kingdom
548612,21975,PACK OF 60 DINOSAUR CAKE CASES,5,2011-04-01T11:34:00,0.55,13137,United Kingdom
548612,21213,PACK OF 72 SKULL CAKE CASES,6,2011-04-01T11:34:00,0.55,13137,United Kingdom
548612,22966,GINGERBREAD MAN COOKIE CUTTER,3,2011-04-01T11:34:00,1.25,13137,United Kingdom
548612,22964,3 PIECE SPACEBOY COOKIE CUTTER SET,3,2011-04-01T11:34:00,2.1,13137,United Kingdom
548612,84380,SET OF 3 BUTTERFLY COOKIE CUTTERS,3,2011-04-01T11:34:00,1.25,13137,United Kingdom
548612,22241,GARLAND WOODEN HAPPY EASTER,4,2011-04-01T11:34:00,1.25,13137,United Kingdom
548612,22613,PACK OF 20 SPACEBOY NAPKINS,3,2011-04-01T11:34:00,0.85,13137,United Kingdom
548612,21989,PACK OF 20 SKULL PAPER NAPKINS,3,2011-04-01T11:34:00,0.85,13137,United Kingdom
548612,21080,SET/20 RED RETROSPOT PAPER NAPKINS ,3,2011-04-01T11:34:00,0.85,13137,United Kingdom
548612,21972,SET OF 36 DINOSAUR PAPER DOILIES,2,2011-04-01T11:34:00,1.45,13137,United Kingdom
548612,21211,SET OF 72 SKULL PAPER  DOILIES,2,2011-04-01T11:34:00,1.45,13137,United Kingdom
548612,22949,36 DOILIES DOLLY GIRL,2,2011-04-01T11:34:00,1.45,13137,United Kingdom
548612,22416,SET OF 36 DOILIES SPACEBOY DESIGN ,2,2011-04-01T11:34:00,1.45,13137,United Kingdom
548612,22564,ALPHABET STENCIL CRAFT,2,2011-04-01T11:34:00,1.25,13137,United Kingdom
548612,22562,MONSTERS STENCIL CRAFT,2,2011-04-01T11:34:00,1.25,13137,United Kingdom
548612,22563,HAPPY STENCIL CRAFT,2,2011-04-01T11:34:00,1.25,13137,United Kingdom
548612,21916,SET 12 RETRO WHITE CHALK STICKS,4,2011-04-01T11:34:00,0.42,13137,United Kingdom
548612,22084,PAPER CHAIN KIT EMPIRE,4,2011-04-01T11:34:00,2.95,13137,United Kingdom
548612,22083,PAPER CHAIN KIT RETROSPOT,2,2011-04-01T11:34:00,2.95,13137,United Kingdom
548612,22911,PAPER CHAIN KIT LONDON,2,2011-04-01T11:34:00,2.95,13137,United Kingdom
548612,22085,PAPER CHAIN KIT SKULLS ,2,2011-04-01T11:34:00,2.95,13137,United Kingdom
548612,21535,RED RETROSPOT SMALL MILK JUG,2,2011-04-01T11:34:00,2.55,13137,United Kingdom
548612,22148,EASTER CRAFT 4 CHICKS ,5,2011-04-01T11:34:00,1.95,13137,United Kingdom
548612,21448,12 DAISY PEGS IN WOOD BOX,10,2011-04-01T11:34:00,1.65,13137,United Kingdom
548612,22993,SET OF 4 PANTRY JELLY MOULDS,4,2011-04-01T11:34:00,1.25,13137,United Kingdom
548612,21770,OPEN CLOSED METAL SIGN,3,2011-04-01T11:34:00,4.95,13137,United Kingdom
548612,21912,VINTAGE SNAKES & LADDERS,2,2011-04-01T11:34:00,3.75,13137,United Kingdom
548612,22499,WOODEN UNION JACK BUNTING,3,2011-04-01T11:34:00,5.95,13137,United Kingdom
548612,21533,RETROSPOT LARGE MILK JUG,2,2011-04-01T11:34:00,4.95,13137,United Kingdom
548612,84879,ASSORTED COLOUR BIRD ORNAMENT,8,2011-04-01T11:34:00,1.69,13137,United Kingdom
548612,21136,PAINTED METAL PEARS ASSORTED,8,2011-04-01T11:34:00,1.69,13137,United Kingdom
548612,22662,LUNCH BAG DOLLY GIRL DESIGN,10,2011-04-01T11:34:00,1.65,13137,United Kingdom
548612,20727,LUNCH BAG  BLACK SKULL.,3,2011-04-01T11:34:00,1.65,13137,United Kingdom
548612,22382,LUNCH BAG SPACEBOY DESIGN ,4,2011-04-01T11:34:00,1.65,13137,United Kingdom
548612,20725,LUNCH BAG RED RETROSPOT,10,2011-04-01T11:34:00,1.65,13137,United Kingdom
548612,20726,LUNCH BAG WOODLAND,10,2011-04-01T11:34:00,1.65,13137,United Kingdom
548612,21937,STRAWBERRY   PICNIC BAG,2,2011-04-01T11:34:00,2.95,13137,United Kingdom
548612,22386,JUMBO BAG PINK POLKADOT,6,2011-04-01T11:34:00,2.08,13137,United Kingdom
548612,22385,JUMBO BAG SPACEBOY DESIGN,4,2011-04-01T11:34:00,2.08,13137,United Kingdom
548612,21930,JUMBO STORAGE BAG SKULLS,4,2011-04-01T11:34:00,2.08,13137,United Kingdom
548612,21931,JUMBO STORAGE BAG SUKI,5,2011-04-01T11:34:00,2.08,13137,United Kingdom
548612,22384,LUNCH BAG PINK POLKADOT,9,2011-04-01T11:34:00,1.65,13137,United Kingdom
548612,85099B,JUMBO BAG RED RETROSPOT,6,2011-04-01T11:34:00,2.08,13137,United Kingdom
548612,21936,RED RETROSPOT PICNIC BAG,2,2011-04-01T11:34:00,2.95,13137,United Kingdom
548612,22379,RECYCLING BAG RETROSPOT ,3,2011-04-01T11:34:00,2.1,13137,United Kingdom
548612,22380,TOY TIDY SPACEBOY  ,3,2011-04-01T11:34:00,2.1,13137,United Kingdom
548612,21928,JUMBO BAG SCANDINAVIAN BLUE PAISLEY,3,2011-04-01T11:34:00,2.08,13137,United Kingdom
548612,21929,JUMBO BAG PINK VINTAGE PAISLEY,3,2011-04-01T11:34:00,2.08,13137,United Kingdom
548612,21928,JUMBO BAG SCANDINAVIAN BLUE PAISLEY,2,2011-04-01T11:34:00,2.08,13137,United Kingdom
548612,22411,JUMBO SHOPPER VINTAGE RED PAISLEY,2,2011-04-01T11:34:00,2.08,13137,United Kingdom
548613,84596E,SMALL LICORICE DES PINK BOWL,84,2011-04-01T11:46:00,0.42,13694,United Kingdom
551515,21731,RED TOADSTOOL LED NIGHT LIGHT,12,2011-05-01T10:51:00,1.65,15606,United Kingdom
551515,20749,ASSORTED COLOUR MINI CASES,12,2011-05-01T10:51:00,6.35,15606,United Kingdom
551515,22729,ALARM CLOCK BAKELIKE ORANGE,8,2011-05-01T10:51:00,3.75,15606,United Kingdom
551515,22998,TRAVEL CARD WALLET KEEP CALM,24,2011-05-01T10:51:00,0.42,15606,United Kingdom
551515,22665,RECIPE BOX BLUE SKETCHBOOK DESIGN,24,2011-05-01T10:51:00,2.55,15606,United Kingdom
551515,22371,AIRLINE BAG VINTAGE TOKYO 78,12,2011-05-01T10:51:00,3.95,15606,United Kingdom
551515,20750,RED RETROSPOT MINI CASES,12,2011-05-01T10:51:00,6.35,15606,United Kingdom
551516,21067,VINTAGE RED TEATIME MUG,1,2011-05-01T11:10:00,1.25,14800,United Kingdom
551516,21845,DAIRY MAID STRIPE MUG,1,2011-05-01T11:10:00,0.79,14800,United Kingdom
551516,21868,POTTING SHED TEA MUG,1,2011-05-01T11:10:00,1.25,14800,United Kingdom
551516,22884,NUMBER TILE VINTAGE FONT 5,1,2011-05-01T11:10:00,1.95,14800,United Kingdom
551516,23065,LARGE DECO JEWELLERY STAND,1,2011-05-01T11:10:00,12.5,14800,United Kingdom
551516,21912,VINTAGE SNAKES & LADDERS,1,2011-05-01T11:10:00,3.75,14800,United Kingdom
551516,21179,NO JUNK MAIL METAL SIGN,1,2011-05-01T11:10:00,1.25,14800,United Kingdom
551516,23205,CHARLOTTE BAG VINTAGE ALPHABET ,1,2011-05-01T11:10:00,0.85,14800,United Kingdom
551516,23208,LUNCH BAG VINTAGE LEAF DESIGN,1,2011-05-01T11:10:00,1.65,14800,United Kingdom
551516,22352,LUNCH BOX WITH CUTLERY RETROSPOT ,1,2011-05-01T11:10:00,2.55,14800,United Kingdom
551516,22139,RETROSPOT TEA SET CERAMIC 11 PC ,24,2011-05-01T11:10:00,4.25,14800,United Kingdom
551516,23077,DOUGHNUT LIP GLOSS ,20,2011-05-01T11:10:00,1.25,14800,United Kingdom
551516,23158,SET OF 5 LUCKY CAT MAGNETS ,12,2011-05-01T11:10:00,2.08,14800,United Kingdom
551516,23159,SET OF 5 PANCAKE DAY MAGNETS,12,2011-05-01T11:10:00,2.08,14800,United Kingdom
551516,23156,SET OF 5 MINI GROCERY MAGNETS,12,2011-05-01T11:10:00,2.08,14800,United Kingdom
551516,22431,WATERING CAN BLUE ELEPHANT,3,2011-05-01T11:10:00,1.95,14800,United Kingdom
551516,22433,WATERING CAN GREEN DINOSAUR,3,2011-05-01T11:10:00,1.95,14800,United Kingdom
551516,21790,VINTAGE SNAP CARDS,1,2011-05-01T11:10:00,0.85,14800,United Kingdom
551516,23154,SET OF 4 JAM JAR MAGNETS,12,2011-05-01T11:10:00,2.08,14800,United Kingdom
551516,23254,CHILDRENS CUTLERY DOLLY GIRL ,5,2011-05-01T11:10:00,4.15,14800,United Kingdom
551516,23256,CHILDRENS CUTLERY SPACEBOY ,5,2011-05-01T11:10:00,4.15,14800,United Kingdom
551516,22432,WATERING CAN PINK BUNNY,3,2011-05-01T11:10:00,1.95,14800,United Kingdom
551516,22941,CHRISTMAS LIGHTS 10 REINDEER,12,2011-05-01T11:10:00,8.5,14800,United Kingdom
551516,22560,TRADITIONAL MODELLING CLAY,24,2011-05-01T11:10:00,1.25,14800,United Kingdom
551516,22526,WHEELBARROW FOR CHILDREN ,1,2011-05-01T11:10:00,12.75,14800,United Kingdom
551516,20992,JAZZ HEARTS PURSE NOTEBOOK,24,2011-05-01T11:10:00,0.85,14800,United Kingdom
551516,22474,SPACEBOY TV DINNER TRAY,1,2011-05-01T11:10:00,4.95,14800,United Kingdom
551516,22472,TV DINNER TRAY DOLLY GIRL,1,2011-05-01T11:10:00,4.95,14800,United Kingdom
551516,22487,WHITE WOOD GARDEN PLANT LADDER,1,2011-05-01T11:10:00,9.95,14800,United Kingdom
551516,21716,BOYS VINTAGE TIN SEASIDE BUCKET,10,2011-05-01T11:10:00,2.55,14800,United Kingdom
551516,20727,LUNCH BAG  BLACK SKULL.,10,2011-05-01T11:10:00,1.65,14800,United Kingdom
551516,21981,PACK OF 12 WOODLAND TISSUES ,12,2011-05-01T11:10:00,0.29,14800,United Kingdom
551516,21985,PACK OF 12 HEARTS DESIGN TISSUES ,12,2011-05-01T11:10:00,0.29,14800,United Kingdom
551516,21982,PACK OF 12 SUKI TISSUES ,12,2011-05-01T11:10:00,0.29,14800,United Kingdom
551516,22751,FELTCRAFT PRINCESS OLIVIA DOLL,5,2011-05-01T11:10:00,3.75,14800,United Kingdom
551516,20970,PINK FLORAL FELTCRAFT SHOULDER BAG,4,2011-05-01T11:10:00,3.75,14800,United Kingdom
551516,22520,CHILDS GARDEN TROWEL BLUE ,6,2011-05-01T11:10:00,0.85,14800,United Kingdom
551516,22521,CHILDS GARDEN TROWEL PINK,3,2011-05-01T11:10:00,0.85,14800,United Kingdom
551516,21718,RED METAL BEACH SPADE ,10,2011-05-01T11:10:00,1.25,14800,United Kingdom
551516,22750,FELTCRAFT PRINCESS LOLA DOLL,4,2011-05-01T11:10:00,3.75,14800,United Kingdom
551516,23207,LUNCH BAG ALPHABET DESIGN,6,2011-05-01T11:10:00,1.65,14800,United Kingdom
551516,23208,LUNCH BAG VINTAGE LEAF DESIGN,5,2011-05-01T11:10:00,1.65,14800,United Kingdom
551516,23205,CHARLOTTE BAG VINTAGE ALPHABET ,10,2011-05-01T11:10:00,0.85,14800,United Kingdom
551516,22437,SET OF 9 BLACK SKULL BALLOONS,5,2011-05-01T11:10:00,0.85,14800,United Kingdom
551516,22752,SET 7 BABUSHKA NESTING BOXES,2,2011-05-01T11:10:00,8.5,14800,United Kingdom
551516,22436,12 COLOURED PARTY BALLOONS,10,2011-05-01T11:10:00,0.65,14800,United Kingdom
551516,23176,ABC TREASURE BOOK BOX ,1,2011-05-01T11:10:00,2.25,14800,United Kingdom
551516,23194,GYMKHANA TREASURE BOOK BOX,1,2011-05-01T11:10:00,2.25,14800,United Kingdom
551516,23177,TREASURE ISLAND BOOK BOX,1,2011-05-01T11:10:00,2.25,14800,United Kingdom
551516,20972,PINK CREAM FELT CRAFT TRINKET BOX ,3,2011-05-01T11:10:00,1.25,14800,United Kingdom
551516,20971,PINK BLUE FELT CRAFT TRINKET BOX,2,2011-05-01T11:10:00,1.25,14800,United Kingdom
551516,22128,PARTY CONES CANDY ASSORTED,6,2011-05-01T11:10:00,1.25,14800,United Kingdom
551516,22029,SPACEBOY BIRTHDAY CARD,12,2011-05-01T11:10:00,0.42,14800,United Kingdom
551516,22712,CARD DOLLY GIRL ,24,2011-05-01T11:10:00,0.42,14800,United Kingdom
551516,22998,TRAVEL CARD WALLET KEEP CALM,24,2011-05-01T11:10:00,0.42,14800,United Kingdom
551516,22385,JUMBO BAG SPACEBOY DESIGN,2,2011-05-01T11:10:00,2.08,14800,United Kingdom
551516,22663,JUMBO BAG DOLLY GIRL DESIGN,2,2011-05-01T11:10:00,2.08,14800,United Kingdom
551516,23201,JUMBO BAG ALPHABET,2,2011-05-01T11:10:00,2.08,14800,United Kingdom
551516,22411,JUMBO SHOPPER VINTAGE RED PAISLEY,2,2011-05-01T11:10:00,2.08,14800,United Kingdom
551516,21251,DINOSAUR HEIGHT CHART STICKER SET,5,2011-05-01T11:10:00,2.95,14800,United Kingdom
551516,21912,VINTAGE SNAKES & LADDERS,1,2011-05-01T11:10:00,3.75,14800,United Kingdom
551516,20969,RED FLORAL FELTCRAFT SHOULDER BAG,2,2011-05-01T11:10:00,3.75,14800,United Kingdom
551516,21888,BINGO SET,1,2011-05-01T11:10:00,3.75,14800,United Kingdom
551516,22549,PICTURE DOMINOES,2,2011-05-01T11:10:00,1.45,14800,United Kingdom
551516,21791,VINTAGE HEADS AND TAILS CARD GAME ,2,2011-05-01T11:10:00,1.25,14800,United Kingdom
551516,22559,SEASIDE FLYING DISC,5,2011-05-01T11:10:00,1.25,14800,United Kingdom
551516,22708,WRAP DOLLY GIRL,25,2011-05-01T11:10:00,0.42,14800,United Kingdom
551516,22045,SPACEBOY GIFT WRAP,25,2011-05-01T11:10:00,0.42,14800,United Kingdom
551517,22435,SET OF 9 HEART SHAPED BALLOONS,3,2011-05-01T11:14:00,1.25,16931,United Kingdom
551517,23283,DOORMAT VINTAGE LEAVES DESIGN ,1,2011-05-01T11:14:00,7.95,16931,United Kingdom
551517,21991,BOHEMIAN COLLAGE STATIONERY SET,3,2011-05-01T11:14:00,2.95,16931,United Kingdom
551517,85144,JARDIN ETCHED GLASS CHEESE DISH,1,2011-05-01T11:14:00,1.95,16931,United Kingdom
551517,22771,CLEAR DRAWER KNOB ACRYLIC EDWARDIAN,2,2011-05-01T11:14:00,1.25,16931,United Kingdom
551517,22149,FELTCRAFT 6 FLOWER FRIENDS,3,2011-05-01T11:14:00,2.1,16931,United Kingdom
551517,22548,HEADS AND TAILS SPORTING FUN,2,2011-05-01T11:14:00,1.25,16931,United Kingdom
551517,21892,TRADITIONAL WOODEN CATCH CUP GAME ,1,2011-05-01T11:14:00,1.25,16931,United Kingdom
551517,84879,ASSORTED COLOUR BIRD ORNAMENT,1,2011-05-01T11:14:00,1.69,16931,United Kingdom
551517,22904,CALENDAR PAPER CUT DESIGN,3,2011-05-01T11:14:00,2.95,16931,United Kingdom
551517,20972,PINK CREAM FELT CRAFT TRINKET BOX ,3,2011-05-01T11:14:00,1.25,16931,United Kingdom
551517,20971,PINK BLUE FELT CRAFT TRINKET BOX,3,2011-05-01T11:14:00,1.25,16931,United Kingdom
551517,22551,PLASTERS IN TIN SPACEBOY,2,2011-05-01T11:14:00,1.65,16931,United Kingdom
551517,22555,PLASTERS IN TIN STRONGMAN,3,2011-05-01T11:14:00,1.65,16931,United Kingdom
551517,22554,PLASTERS IN TIN WOODLAND ANIMALS,3,2011-05-01T11:14:00,1.65,16931,United Kingdom
551517,22557,PLASTERS IN TIN VINTAGE PAISLEY ,3,2011-05-01T11:14:00,1.65,16931,United Kingdom
551517,22995,TRAVEL CARD WALLET SUKI,4,2011-05-01T11:14:00,0.42,16931,United Kingdom
551517,22999,TRAVEL CARD WALLET RETRO PETALS,3,2011-05-01T11:14:00,0.42,16931,United Kingdom
551517,23006,TRAVEL CARD WALLET FLOWER MEADOW,3,2011-05-01T11:14:00,0.42,16931,United Kingdom
551517,23004,TRAVEL CARD WALLET PANTRY,3,2011-05-01T11:14:00,0.42,16931,United Kingdom
551517,23003,TRAVEL CARD WALLET VINTAGE ROSE ,3,2011-05-01T11:14:00,0.42,16931,United Kingdom
551517,22147,FELTCRAFT BUTTERFLY HEARTS,3,2011-05-01T11:14:00,1.45,16931,United Kingdom
551517,22570,FELTCRAFT CUSHION RABBIT,2,2011-05-01T11:14:00,3.75,16931,United Kingdom
551517,23201,JUMBO BAG ALPHABET,1,2011-05-01T11:14:00,2.08,16931,United Kingdom
551517,23205,CHARLOTTE BAG VINTAGE ALPHABET ,3,2011-05-01T11:14:00,0.85,16931,United Kingdom
551517,20726,LUNCH BAG WOODLAND,3,2011-05-01T11:14:00,1.65,16931,United Kingdom
551517,21294,ETCHED GLASS COASTER,8,2011-05-01T11:14:00,0.39,16931,United Kingdom
551517,21792,CLASSIC FRENCH STYLE BASKET GREEN ,1,2011-05-01T11:14:00,3.95,16931,United Kingdom
551517,21932,SCANDINAVIAN PAISLEY PICNIC BAG,3,2011-05-01T11:14:00,1.65,16931,United Kingdom
551517,85123A,WHITE HANGING HEART T-LIGHT HOLDER,2,2011-05-01T11:14:00,2.95,16931,United Kingdom
551517,22560,TRADITIONAL MODELLING CLAY,3,2011-05-01T11:14:00,1.25,16931,United Kingdom
551517,79030G,TUMBLER NEW ENGLAND,12,2011-05-01T11:14:00,0.39,16931,United Kingdom
551517,22432,WATERING CAN PINK BUNNY,1,2011-05-01T11:14:00,1.95,16931,United Kingdom
551517,22433,WATERING CAN GREEN DINOSAUR,2,2011-05-01T11:14:00,1.95,16931,United Kingdom
551517,22431,WATERING CAN BLUE ELEPHANT,3,2011-05-01T11:14:00,1.95,16931,United Kingdom
551517,85040A,S/4 PINK FLOWER CANDLES IN BOWL,2,2011-05-01T11:14:00,1.65,16931,United Kingdom
551517,21993,FLORAL FOLK STATIONERY SET,3,2011-05-01T11:14:00,2.95,16931,United Kingdom
551517,84510A,SET OF 4 ENGLISH ROSE COASTERS,6,2011-05-01T11:14:00,1.25,16931,United Kingdom
551517,21868,POTTING SHED TEA MUG,3,2011-05-01T11:14:00,1.25,16931,United Kingdom
551517,21871,SAVE THE PLANET MUG,6,2011-05-01T11:14:00,1.25,16931,United Kingdom
551517,85141,JARDIN ETCHED GLASS FRUITBOWL,1,2011-05-01T11:14:00,3.95,16931,United Kingdom
551517,22139,RETROSPOT TEA SET CERAMIC 11 PC ,3,2011-05-01T11:14:00,4.95,16931,United Kingdom
551517,84378,SET OF 3 HEART COOKIE CUTTERS,3,2011-05-01T11:14:00,1.25,16931,United Kingdom
551517,22993,SET OF 4 PANTRY JELLY MOULDS,3,2011-05-01T11:14:00,1.25,16931,United Kingdom
551517,84519B,CARROT CHARLIE+LOLA COASTER SET,3,2011-05-01T11:14:00,1.25,16931,United Kingdom
551517,85132B,CHARLIE AND LOLA TABLE TINS,1,2011-05-01T11:14:00,1.95,16931,United Kingdom
551517,85132C,CHARLIE AND LOLA FIGURES TINS,1,2011-05-01T11:14:00,1.95,16931,United Kingdom
551517,85132A,CHARLIE + LOLA BISCUITS TINS,1,2011-05-01T11:14:00,1.95,16931,United Kingdom
551518,23146,TRIPLE HOOK ANTIQUE IVORY ROSE,3,2011-05-01T11:36:00,3.29,15708,United Kingdom
551518,22192,BLUE DINER WALL CLOCK,1,2011-05-01T11:36:00,8.5,15708,United Kingdom
551518,22423,REGENCY CAKESTAND 3 TIER,1,2011-05-01T11:36:00,12.75,15708,United Kingdom
551518,82482,WOODEN PICTURE FRAME WHITE FINISH,12,2011-05-01T11:36:00,2.55,15708,United Kingdom
551518,82484,WOOD BLACK BOARD ANT WHITE FINISH,4,2011-05-01T11:36:00,7.95,15708,United Kingdom
551518,22456,NATURAL SLATE CHALKBOARD LARGE ,6,2011-05-01T11:36:00,4.95,15708,United Kingdom
551518,85123A,WHITE HANGING HEART T-LIGHT HOLDER,10,2011-05-01T11:36:00,2.95,15708,United Kingdom
551518,22457,NATURAL SLATE HEART CHALKBOARD ,12,2011-05-01T11:36:00,2.95,15708,United Kingdom
551518,71038,WHITE HANGING BEADS CANDLE HOLDER,12,2011-05-01T11:36:00,5.45,15708,United Kingdom
551518,84406B,CREAM CUPID HEARTS COAT HANGER,1,2011-05-01T11:36:00,4.15,15708,United Kingdom
551518,72741,GRAND CHOCOLATECANDLE,9,2011-05-01T11:36:00,1.45,15708,United Kingdom
551518,22969,HOMEMADE JAM SCENTED CANDLES,12,2011-05-01T11:36:00,1.45,15708,United Kingdom
551518,23147,SINGLE ANTIQUE ROSE HOOK IVORY,6,2011-05-01T11:36:00,1.45,15708,United Kingdom
551518,21916,SET 12 RETRO WHITE CHALK STICKS,9,2011-05-01T11:36:00,0.42,15708,United Kingdom
551518,84997C,CHILDRENS CUTLERY POLKADOT BLUE,2,2011-05-01T11:36:00,4.15,15708,United Kingdom
551518,84997A,CHILDRENS CUTLERY POLKADOT GREEN ,2,2011-05-01T11:36:00,4.15,15708,United Kingdom
551518,84997D,CHILDRENS CUTLERY POLKADOT PINK,2,2011-05-01T11:36:00,4.15,15708,United Kingdom
551518,84997B,CHILDRENS CUTLERY RETROSPOT RED ,2,2011-05-01T11:36:00,4.15,15708,United Kingdom
551518,72122,COFFEE SCENT PILLAR CANDLE,3,2011-05-01T11:36:00,0.95,15708,United Kingdom
551518,22729,ALARM CLOCK BAKELIKE ORANGE,1,2011-05-01T11:36:00,3.75,15708,United Kingdom
551518,22728,ALARM CLOCK BAKELIKE PINK,1,2011-05-01T11:36:00,3.75,15708,United Kingdom
551518,22730,ALARM CLOCK BAKELIKE IVORY,1,2011-05-01T11:36:00,3.75,15708,United Kingdom
551518,22725,ALARM CLOCK BAKELIKE CHOCOLATE,1,2011-05-01T11:36:00,3.75,15708,United Kingdom
551518,22727,ALARM CLOCK BAKELIKE RED ,1,2011-05-01T11:36:00,3.75,15708,United Kingdom
551518,21371,MIRRORED WALL ART POPPIES,3,2011-05-01T11:36:00,2.55,15708,United Kingdom
551518,35961,FOLKART ZINC HEART CHRISTMAS DEC,12,2011-05-01T11:36:00,0.85,15708,United Kingdom
551518,22626,BLACK KITCHEN SCALES,1,2011-05-01T11:36:00,8.5,15708,United Kingdom
551518,22721,SET OF 3 CAKE TINS SKETCHBOOK,3,2011-05-01T11:36:00,4.95,15708,United Kingdom
551518,21754,HOME BUILDING BLOCK WORD,6,2011-05-01T11:36:00,5.95,15708,United Kingdom
551518,22488,NATURAL SLATE RECTANGLE CHALKBOARD,7,2011-05-01T11:36:00,1.65,15708,United Kingdom
551519,22560,TRADITIONAL MODELLING CLAY,24,2011-05-01T11:50:00,1.25,14304,United Kingdom
551519,22692,DOORMAT WELCOME TO OUR HOME,2,2011-05-01T11:50:00,7.95,14304,United Kingdom
551519,22690,DOORMAT HOME SWEET HOME BLUE ,4,2011-05-01T11:50:00,7.95,14304,United Kingdom
551519,22366,DOORMAT AIRMAIL ,4,2011-05-01T11:50:00,7.95,14304,United Kingdom
551519,22558,CLOTHES PEGS RETROSPOT PACK 24 ,12,2011-05-01T11:50:00,1.65,14304,United Kingdom
551519,20685,DOORMAT RED RETROSPOT,6,2011-05-01T11:50:00,7.95,14304,United Kingdom
551519,22493,PAINT YOUR OWN CANVAS SET,12,2011-05-01T11:50:00,1.65,14304,United Kingdom
551519,22606,WOODEN SKITTLES GARDEN SET,1,2011-05-01T11:50:00,15.95,14304,United Kingdom
551519,21890,S/6 WOODEN SKITTLES IN COTTON BAG,6,2011-05-01T11:50:00,3.25,14304,United Kingdom
551519,22519,CHILDS GARDEN BRUSH PINK,6,2011-05-01T11:50:00,2.1,14304,United Kingdom
551519,22518,CHILDS GARDEN BRUSH BLUE,6,2011-05-01T11:50:00,2.1,14304,United Kingdom
551519,22087,PAPER BUNTING WHITE LACE,12,2011-05-01T11:50:00,2.95,14304,United Kingdom
551519,22693,GROW A FLYTRAP OR SUNFLOWER IN TIN,24,2011-05-01T11:50:00,1.25,14304,United Kingdom
551519,22617,BAKING SET SPACEBOY DESIGN,3,2011-05-01T11:50:00,4.95,14304,United Kingdom
551519,20750,RED RETROSPOT MINI CASES,2,2011-05-01T11:50:00,7.95,14304,United Kingdom
551519,22138,BAKING SET 9 PIECE RETROSPOT ,3,2011-05-01T11:50:00,4.95,14304,United Kingdom
551519,22966,GINGERBREAD MAN COOKIE CUTTER,12,2011-05-01T11:50:00,1.25,14304,United Kingdom
551520,21137,BLACK RECORD COVER FRAME,2,2011-05-01T11:55:00,3.75,13301,United Kingdom
551520,85049E,SCANDINAVIAN REDS RIBBONS,3,2011-05-01T11:55:00,1.25,13301,United Kingdom
551520,85049A,TRADITIONAL CHRISTMAS RIBBONS,3,2011-05-01T11:55:00,1.25,13301,United Kingdom
551520,22075,6 RIBBONS ELEGANT CHRISTMAS ,3,2011-05-01T11:55:00,1.65,13301,United Kingdom
551520,22294,HEART FILIGREE DOVE  SMALL,24,2011-05-01T11:55:00,1.25,13301,United Kingdom
551520,21204,DAISIES  HONEYCOMB GARLAND ,3,2011-05-01T11:55:00,1.65,13301,United Kingdom
551520,21867,PINK UNION JACK  LUGGAGE TAG,1,2011-05-01T11:55:00,1.25,13301,United Kingdom
551520,21832,CHOCOLATE CALCULATOR,1,2011-05-01T11:55:00,1.65,13301,United Kingdom
551520,21866,UNION JACK FLAG LUGGAGE TAG,1,2011-05-01T11:55:00,1.25,13301,United Kingdom
551520,21713,CITRONELLA CANDLE FLOWERPOT,4,2011-05-01T11:55:00,2.1,13301,United Kingdom
551520,23130,MISTLETOE HEART WREATH GREEN,3,2011-05-01T11:55:00,4.15,13301,United Kingdom
551520,22341,LOVE GARLAND PAINTED ZINC ,4,2011-05-01T11:55:00,1.65,13301,United Kingdom
551520,21205,MULTICOLOUR 3D BALLS GARLAND,1,2011-05-01T11:55:00,2.55,13301,United Kingdom
551520,47566,PARTY BUNTING,3,2011-05-01T11:55:00,4.95,13301,United Kingdom
551520,22079,RIBBON REEL HEARTS DESIGN ,5,2011-05-01T11:55:00,1.65,13301,United Kingdom
551520,84970S,HANGING HEART ZINC T-LIGHT HOLDER,12,2011-05-01T11:55:00,0.85,13301,United Kingdom
551520,23068,ALUMINIUM STAMPED HEART,4,2011-05-01T11:55:00,2.49,13301,United Kingdom
551520,71459,HANGING JAM JAR T-LIGHT HOLDER,12,2011-05-01T11:55:00,0.85,13301,United Kingdom
551520,47341B,BLUE TABLE RUN FLOWER,1,2011-05-01T11:55:00,1.25,13301,United Kingdom
551520,47341A,FUSCHIA TABLE RUN FLOWER ,1,2011-05-01T11:55:00,1.25,13301,United Kingdom
551520,22158,3 HEARTS HANGING DECORATION RUSTIC,3,2011-05-01T11:55:00,2.95,13301,United Kingdom
C551521,22198,LARGE POPCORN HOLDER ,-2,2011-05-01T11:58:00,1.65,16401,United Kingdom
C551522,22662,LUNCH BAG DOLLY GIRL DESIGN,-1,2011-05-01T11:59:00,1.65,14800,United Kingdom
C551522,22834,HAND WARMER BABUSHKA DESIGN,-1,2011-05-01T11:59:00,2.1,14800,United Kingdom
551523,22087,PAPER BUNTING WHITE LACE,18,2011-05-01T12:09:00,2.95,16634,United Kingdom
551524,20975,12 PENCILS SMALL TUBE RED RETROSPOT,1,2011-05-01T12:35:00,0.65,16401,United Kingdom
551524,47590B,PINK HAPPY BIRTHDAY BUNTING,2,2011-05-01T12:35:00,5.45,16401,United Kingdom
551524,47590A,BLUE HAPPY BIRTHDAY BUNTING,4,2011-05-01T12:35:00,5.45,16401,United Kingdom
551524,21931,JUMBO STORAGE BAG SUKI,10,2011-05-01T12:35:00,2.08,16401,United Kingdom
551524,22386,JUMBO BAG PINK POLKADOT,10,2011-05-01T12:35:00,2.08,16401,United Kingdom
551524,22346,PARTY PIZZA DISH GREEN POLKADOT,6,2011-05-01T12:35:00,0.85,16401,United Kingdom
551524,22345,PARTY PIZZA DISH BLUE POLKADOT,6,2011-05-01T12:35:00,0.85,16401,United Kingdom
551524,22344,PARTY PIZZA DISH PINK POLKADOT,6,2011-05-01T12:35:00,0.85,16401,United Kingdom
551524,22343,PARTY PIZZA DISH RED RETROSPOT,12,2011-05-01T12:35:00,0.85,16401,United Kingdom
551524,22197,SMALL POPCORN HOLDER,200,2011-05-01T12:35:00,0.72,16401,United Kingdom
551524,22554,PLASTERS IN TIN WOODLAND ANIMALS,24,2011-05-01T12:35:00,1.65,16401,United Kingdom
551524,22557,PLASTERS IN TIN VINTAGE PAISLEY ,24,2011-05-01T12:35:00,1.65,16401,United Kingdom
551524,21828,EIGHT PIECE SNAKE  SET,1,2011-05-01T12:35:00,1.25,16401,United Kingdom
551524,22433,WATERING CAN GREEN DINOSAUR,5,2011-05-01T12:35:00,1.95,16401,United Kingdom
551524,21592,RETROSPOT CIGAR BOX MATCHES ,24,2011-05-01T12:35:00,1.25,16401,United Kingdom
551524,21584,RETROSPOT SMALL TUBE MATCHES,20,2011-05-01T12:35:00,1.65,16401,United Kingdom
551524,22432,WATERING CAN PINK BUNNY,5,2011-05-01T12:35:00,1.95,16401,United Kingdom
551524,22431,WATERING CAN BLUE ELEPHANT,5,2011-05-01T12:35:00,1.95,16401,United Kingdom
551524,21986,PACK OF 12 PINK POLKADOT TISSUES,12,2011-05-01T12:35:00,0.29,16401,United Kingdom
551524,21982,PACK OF 12 SUKI TISSUES ,12,2011-05-01T12:35:00,0.29,16401,United Kingdom
551524,21985,PACK OF 12 HEARTS DESIGN TISSUES ,12,2011-05-01T12:35:00,0.29,16401,United Kingdom
551524,20728,LUNCH BAG CARS BLUE,10,2011-05-01T12:35:00,1.65,16401,United Kingdom
551524,20725,LUNCH BAG RED RETROSPOT,10,2011-05-01T12:35:00,1.65,16401,United Kingdom
551524,22383,LUNCH BAG SUKI DESIGN ,10,2011-05-01T12:35:00,1.65,16401,United Kingdom
551525,23201,JUMBO BAG ALPHABET,20,2011-05-01T12:37:00,2.08,14667,United Kingdom
551525,21056,DOCTOR'S BAG SOFT TOY,1,2011-05-01T12:37:00,8.95,14667,United Kingdom
551525,21054,NURSE'S BAG SOFT TOY,1,2011-05-01T12:37:00,8.95,14667,United Kingdom
551525,22908,PACK OF 20 NAPKINS RED APPLES,12,2011-05-01T12:37:00,0.85,14667,United Kingdom
551525,21928,JUMBO BAG SCANDINAVIAN BLUE PAISLEY,10,2011-05-01T12:37:00,2.08,14667,United Kingdom
551525,22377,BOTTLE BAG RETROSPOT ,10,2011-05-01T12:37:00,2.1,14667,United Kingdom
551525,85099B,JUMBO BAG RED RETROSPOT,45,2011-05-01T12:37:00,2.08,14667,United Kingdom
551525,23199,JUMBO BAG APPLES,30,2011-05-01T12:37:00,2.08,14667,United Kingdom
551525,22722,SET OF 6 SPICE TINS PANTRY DESIGN,3,2011-05-01T12:37:00,3.95,14667,United Kingdom
551525,22723,SET OF 6 HERB TINS SKETCHBOOK,3,2011-05-01T12:37:00,3.95,14667,United Kingdom
551525,21212,PACK OF 72 RETROSPOT CAKE CASES,24,2011-05-01T12:37:00,0.55,14667,United Kingdom
551525,84991,60 TEATIME FAIRY CAKE CASES,24,2011-05-01T12:37:00,0.55,14667,United Kingdom
551525,22991,GIRAFFE WOODEN RULER,3,2011-05-01T12:37:00,1.95,14667,United Kingdom
551525,22492,MINI PAINT SET VINTAGE ,36,2011-05-01T12:37:00,0.65,14667,United Kingdom
551525,85049D,BRIGHT BLUES RIBBONS ,7,2011-05-01T12:37:00,1.25,14667,United Kingdom
551525,21592,RETROSPOT CIGAR BOX MATCHES ,5,2011-05-01T12:37:00,1.25,14667,United Kingdom
551525,22077,6 RIBBONS RUSTIC CHARM,10,2011-05-01T12:37:00,1.65,14667,United Kingdom
551525,22789,T-LIGHT HOLDER SWEETHEART HANGING,12,2011-05-01T12:37:00,1.95,14667,United Kingdom
551525,85049C,ROMANTIC PINKS RIBBONS ,6,2011-05-01T12:37:00,1.25,14667,United Kingdom
551525,21559,STRAWBERRY LUNCH BOX WITH CUTLERY,6,2011-05-01T12:37:00,2.55,14667,United Kingdom
551525,22352,LUNCH BOX WITH CUTLERY RETROSPOT ,6,2011-05-01T12:37:00,2.55,14667,United Kingdom
C551526,M,Manual,-1,2011-05-01T12:38:00,1.95,16401,United Kingdom
551527,21866,UNION JACK FLAG LUGGAGE TAG,4,2011-05-01T12:41:00,1.25,14395,United Kingdom
551527,21867,PINK UNION JACK  LUGGAGE TAG,4,2011-05-01T12:41:00,1.25,14395,United Kingdom
551527,21864,UNION JACK FLAG PASSPORT COVER ,4,2011-05-01T12:41:00,2.1,14395,United Kingdom
551527,21865,PINK UNION JACK  PASSPORT COVER ,4,2011-05-01T12:41:00,2.1,14395,United Kingdom
551527,82486,WOOD S/3 CABINET ANT WHITE FINISH,2,2011-05-01T12:41:00,8.95,14395,United Kingdom
551527,21175,GIN + TONIC DIET METAL SIGN,5,2011-05-01T12:41:00,2.55,14395,United Kingdom
551527,21904,HOUSE WRECKING METAL SIGN ,1,2011-05-01T12:41:00,2.1,14395,United Kingdom
551527,21169,YOU'RE CONFUSING ME METAL SIGN ,10,2011-05-01T12:41:00,1.69,14395,United Kingdom
551527,21166,COOK WITH WINE METAL SIGN ,6,2011-05-01T12:41:00,2.08,14395,United Kingdom
551527,21174,POTTERING IN THE SHED METAL SIGN,1,2011-05-01T12:41:00,2.08,14395,United Kingdom
551527,21908,CHOCOLATE THIS WAY METAL SIGN,6,2011-05-01T12:41:00,2.1,14395,United Kingdom
551527,21907,I'M ON HOLIDAY METAL SIGN,6,2011-05-01T12:41:00,2.1,14395,United Kingdom
551527,21903,MAN FLU METAL SIGN,4,2011-05-01T12:41:00,2.1,14395,United Kingdom
551527,21181,PLEASE ONE PERSON METAL SIGN,6,2011-05-01T12:41:00,2.1,14395,United Kingdom
551527,85152,HAND OVER THE CHOCOLATE   SIGN ,6,2011-05-01T12:41:00,2.1,14395,United Kingdom
551527,82583,HOT BATHS METAL SIGN,4,2011-05-01T12:41:00,2.1,14395,United Kingdom
551527,82582,AREA PATROLLED METAL SIGN,6,2011-05-01T12:41:00,2.1,14395,United Kingdom
551527,21172,PARTY METAL SIGN ,6,2011-05-01T12:41:00,1.45,14395,United Kingdom
551527,21175,GIN + TONIC DIET METAL SIGN,1,2011-05-01T12:41:00,2.55,14395,United Kingdom
551527,22505,MEMO BOARD COTTAGE DESIGN,1,2011-05-01T12:41:00,4.95,14395,United Kingdom
551527,48187,DOORMAT NEW ENGLAND,1,2011-05-01T12:41:00,7.95,14395,United Kingdom
551527,47566,PARTY BUNTING,6,2011-05-01T12:41:00,4.95,14395,United Kingdom
551527,22507,MEMO BOARD RETROSPOT  DESIGN,6,2011-05-01T12:41:00,4.95,14395,United Kingdom
551527,84406B,CREAM CUPID HEARTS COAT HANGER,2,2011-05-01T12:41:00,4.15,14395,United Kingdom
551527,22508,DOORSTOP RETROSPOT HEART,4,2011-05-01T12:41:00,3.75,14395,United Kingdom
551527,22854,CREAM SWEETHEART EGG HOLDER,6,2011-05-01T12:41:00,4.95,14395,United Kingdom
551527,21756,BATH BUILDING BLOCK WORD,6,2011-05-01T12:41:00,5.95,14395,United Kingdom
551527,21429,RED GINGHAM ROSE JEWELLERY BOX,1,2011-05-01T12:41:00,1.95,14395,United Kingdom
551527,22212,FOUR HOOK  WHITE LOVEBIRDS,6,2011-05-01T12:41:00,2.1,14395,United Kingdom
551527,82482,WOODEN PICTURE FRAME WHITE FINISH,6,2011-05-01T12:41:00,2.55,14395,United Kingdom
551527,20983,12 PENCILS TALL TUBE RED RETROSPOT,6,2011-05-01T12:41:00,0.85,14395,United Kingdom
551527,20984,12 PENCILS TALL TUBE POSY,6,2011-05-01T12:41:00,0.85,14395,United Kingdom
551527,20981,12 PENCILS TALL TUBE WOODLAND,6,2011-05-01T12:41:00,0.85,14395,United Kingdom
551528,47422,ASSORTED MONKEY SUCTION CUP HOOK,6,2011-05-01T12:54:00,0.42,12841,United Kingdom
551528,21080,SET/20 RED RETROSPOT PAPER NAPKINS ,5,2011-05-01T12:54:00,0.85,12841,United Kingdom
551528,15036,ASSORTED COLOURS SILK FAN,24,2011-05-01T12:54:00,0.83,12841,United Kingdom
551528,72760B,VINTAGE CREAM 3 BASKET CAKE STAND,2,2011-05-01T12:54:00,9.95,12841,United Kingdom
551528,22890,NOVELTY BISCUITS CAKE STAND 3 TIER,2,2011-05-01T12:54:00,9.95,12841,United Kingdom
551528,47566,PARTY BUNTING,6,2011-05-01T12:54:00,4.95,12841,United Kingdom
551528,22220,CAKE STAND LOVEBIRD 2 TIER WHITE,1,2011-05-01T12:54:00,9.95,12841,United Kingdom
551528,22061,LARGE CAKE STAND  HANGING STRAWBERY,1,2011-05-01T12:54:00,9.95,12841,United Kingdom
551529,21936,RED RETROSPOT PICNIC BAG,5,2011-05-01T13:18:00,2.95,12524,Germany
551529,22501,PICNIC BASKET WICKER LARGE,2,2011-05-01T13:18:00,9.95,12524,Germany
551529,22502,PICNIC BASKET WICKER SMALL,4,2011-05-01T13:18:00,5.95,12524,Germany
551529,22972,CHILDREN'S SPACEBOY MUG,12,2011-05-01T13:18:00,1.65,12524,Germany
551529,22974,CHILDRENS DOLLY GIRL MUG,12,2011-05-01T13:18:00,1.65,12524,Germany
551529,37340,MULTICOLOUR SPRING FLOWER MUG,48,2011-05-01T13:18:00,0.39,12524,Germany
551529,23204,CHARLOTTE BAG APPLES DESIGN,40,2011-05-01T13:18:00,0.85,12524,Germany
551529,23206,LUNCH BAG APPLE DESIGN,40,2011-05-01T13:18:00,1.65,12524,Germany
551529,22551,PLASTERS IN TIN SPACEBOY,12,2011-05-01T13:18:00,1.65,12524,Germany
551529,22554,PLASTERS IN TIN WOODLAND ANIMALS,12,2011-05-01T13:18:00,1.65,12524,Germany
551529,22556,PLASTERS IN TIN CIRCUS PARADE ,12,2011-05-01T13:18:00,1.65,12524,Germany
551529,22555,PLASTERS IN TIN STRONGMAN,12,2011-05-01T13:18:00,1.65,12524,Germany
551529,22745,POPPY'S PLAYHOUSE BEDROOM ,6,2011-05-01T13:18:00,2.1,12524,Germany
551529,22747,POPPY'S PLAYHOUSE BATHROOM,6,2011-05-01T13:18:00,2.1,12524,Germany
551529,22746,POPPY'S PLAYHOUSE LIVINGROOM ,6,2011-05-01T13:18:00,2.1,12524,Germany
551529,22748,POPPY'S PLAYHOUSE KITCHEN,6,2011-05-01T13:18:00,2.1,12524,Germany
551529,84828,JUNGLE POPSICLES ICE LOLLY MOULDS,48,2011-05-01T13:18:00,1.06,12524,Germany
551529,21242,RED RETROSPOT PLATE ,16,2011-05-01T13:18:00,1.69,12524,Germany
551529,21238,RED RETROSPOT CUP,32,2011-05-01T13:18:00,0.85,12524,Germany
551529,21086,SET/6 RED SPOTTY PAPER CUPS,24,2011-05-01T13:18:00,0.65,12524,Germany
551529,21088,SET/6 FRUIT SALAD PAPER CUPS,24,2011-05-01T13:18:00,0.19,12524,Germany
551529,21096,SET/6 FRUIT SALAD  PAPER PLATES,12,2011-05-01T13:18:00,0.39,12524,Germany
551529,21094,SET/6 RED SPOTTY PAPER PLATES,12,2011-05-01T13:18:00,0.85,12524,Germany
551529,21883,STARS GIFT TAPE ,12,2011-05-01T13:18:00,0.65,12524,Germany
551529,22629,SPACEBOY LUNCH BOX ,24,2011-05-01T13:18:00,1.95,12524,Germany
551529,20726,LUNCH BAG WOODLAND,10,2011-05-01T13:18:00,1.65,12524,Germany
551529,20727,LUNCH BAG  BLACK SKULL.,10,2011-05-01T13:18:00,1.65,12524,Germany
551529,21558,SKULL LUNCH BOX WITH CUTLERY ,12,2011-05-01T13:18:00,2.55,12524,Germany
551529,22352,LUNCH BOX WITH CUTLERY RETROSPOT ,60,2011-05-01T13:18:00,2.1,12524,Germany
551529,21559,STRAWBERRY LUNCH BOX WITH CUTLERY,60,2011-05-01T13:18:00,2.1,12524,Germany
551529,22631,CIRCUS PARADE LUNCH BOX ,24,2011-05-01T13:18:00,1.95,12524,Germany
551529,22659,LUNCH BOX I LOVE LONDON,24,2011-05-01T13:18:00,1.95,12524,Germany
551529,POST,POSTAGE,8,2011-05-01T13:18:00,18,12524,Germany
551530,85170C,SET/6 EAU DE NIL BIRD T-LIGHTS,1,2011-05-01T13:26:00,2.1,12748,United Kingdom
551531,22390,PAPERWEIGHT CHILDHOOD MEMORIES,6,2011-05-01T13:45:00,2.55,15376,United Kingdom
551531,22389,PAPERWEIGHT SAVE THE PLANET,6,2011-05-01T13:45:00,2.55,15376,United Kingdom
551531,22393,PAPERWEIGHT VINTAGE COLLAGE,5,2011-05-01T13:45:00,2.55,15376,United Kingdom
551531,84926F,PSYCHEDELIC TILE COASTER,12,2011-05-01T13:45:00,1.25,15376,United Kingdom
551531,21912,VINTAGE SNAKES & LADDERS,4,2011-05-01T13:45:00,3.75,15376,United Kingdom
551531,21913,VINTAGE SEASIDE JIGSAW PUZZLES,4,2011-05-01T13:45:00,3.75,15376,United Kingdom
551531,22413,METAL SIGN TAKE IT OR LEAVE IT ,6,2011-05-01T13:45:00,2.95,15376,United Kingdom
551531,21175,GIN + TONIC DIET METAL SIGN,6,2011-05-01T13:45:00,2.55,15376,United Kingdom
551531,21166,COOK WITH WINE METAL SIGN ,6,2011-05-01T13:45:00,2.08,15376,United Kingdom
551531,22548,HEADS AND TAILS SPORTING FUN,4,2011-05-01T13:45:00,1.25,15376,United Kingdom
551531,22619,SET OF 6 SOLDIER SKITTLES,4,2011-05-01T13:45:00,3.75,15376,United Kingdom
551531,21790,VINTAGE SNAP CARDS,12,2011-05-01T13:45:00,0.85,15376,United Kingdom
551531,21791,VINTAGE HEADS AND TAILS CARD GAME ,4,2011-05-01T13:45:00,1.25,15376,United Kingdom
551531,22423,REGENCY CAKESTAND 3 TIER,2,2011-05-01T13:45:00,12.75,15376,United Kingdom
551531,84360,TABLE LAMP WHITE SHADE WOOD BASE,2,2011-05-01T13:45:00,5.95,15376,United Kingdom
551531,22699,ROSES REGENCY TEACUP AND SAUCER ,4,2011-05-01T13:45:00,2.95,15376,United Kingdom
551531,22697,GREEN REGENCY TEACUP AND SAUCER,2,2011-05-01T13:45:00,2.95,15376,United Kingdom
551531,22969,HOMEMADE JAM SCENTED CANDLES,24,2011-05-01T13:45:00,1.45,15376,United Kingdom
551531,84358,FLOOR LAMP SHADE WOOD BASE,1,2011-05-01T13:45:00,9.95,15376,United Kingdom
551531,20830,SILVER PHOTO FRAME,1,2011-05-01T13:45:00,2.1,15376,United Kingdom
551531,22560,TRADITIONAL MODELLING CLAY,4,2011-05-01T13:45:00,1.25,15376,United Kingdom
551531,21116,OWL DOORSTOP,3,2011-05-01T13:45:00,4.95,15376,United Kingdom
551531,84597C,RETRO PINK BALL ASHTRAY ,3,2011-05-01T13:45:00,1.25,15376,United Kingdom
551531,84597B,RETRO BROWN BALL ASHTRAY ,3,2011-05-01T13:45:00,1.25,15376,United Kingdom
551531,84927F,PSYCHEDELIC TILE HOOK,4,2011-05-01T13:45:00,2.1,15376,United Kingdom
551531,21408,SPOTTY PINK DUCK DOORSTOP,3,2011-05-01T13:45:00,4.25,15376,United Kingdom
551531,84356,POMPOM CURTAIN,2,2011-05-01T13:45:00,6.95,15376,United Kingdom
551531,22561,WOODEN SCHOOL COLOURING SET,3,2011-05-01T13:45:00,1.65,15376,United Kingdom
551531,84629,WHITE 3 FRAME BIRDS AND TREE ,1,2011-05-01T13:45:00,21.95,15376,United Kingdom
551531,22135,MINI LADLE LOVE HEART PINK,12,2011-05-01T13:45:00,0.42,15376,United Kingdom
551531,22134,MINI LADLE LOVE HEART RED ,7,2011-05-01T13:45:00,0.42,15376,United Kingdom
551531,22131,FOOD CONTAINER SET 3 LOVE HEART ,6,2011-05-01T13:45:00,1.95,15376,United Kingdom
551531,22133,PINK LOVE HEART SHAPE CUP,8,2011-05-01T13:45:00,0.85,15376,United Kingdom
551531,22132,RED LOVE HEART SHAPE CUP,8,2011-05-01T13:45:00,0.85,15376,United Kingdom
551531,22781,GUMBALL MAGAZINE RACK,2,2011-05-01T13:45:00,7.65,15376,United Kingdom
551531,22371,AIRLINE BAG VINTAGE TOKYO 78,2,2011-05-01T13:45:00,4.25,15376,United Kingdom
551531,20802,SMALL GLASS SUNDAE DISH CLEAR,6,2011-05-01T13:45:00,1.65,15376,United Kingdom
551531,20803,SMALL PINK GLASS SUNDAE DISH,6,2011-05-01T13:45:00,0.39,15376,United Kingdom
551531,79030G,TUMBLER NEW ENGLAND,24,2011-05-01T13:45:00,0.39,15376,United Kingdom
551531,21243,PINK  POLKADOT PLATE ,12,2011-05-01T13:45:00,1.69,15376,United Kingdom
551531,21244,BLUE POLKADOT PLATE ,12,2011-05-01T13:45:00,1.69,15376,United Kingdom
551531,22315,200 RED + WHITE BENDY STRAWS,6,2011-05-01T13:45:00,1.25,15376,United Kingdom
551531,21874,GIN AND TONIC MUG,12,2011-05-01T13:45:00,1.25,15376,United Kingdom
551531,21868,POTTING SHED TEA MUG,12,2011-05-01T13:45:00,1.25,15376,United Kingdom
551531,21872,GLAMOROUS  MUG,12,2011-05-01T13:45:00,1.25,15376,United Kingdom
551531,37340,MULTICOLOUR SPRING FLOWER MUG,6,2011-05-01T13:45:00,0.39,15376,United Kingdom
551531,85159B,"WHITE TEA,COFFEE,SUGAR JARS",4,2011-05-01T13:45:00,1.95,15376,United Kingdom
551531,20675,BLUE POLKADOT BOWL,8,2011-05-01T13:45:00,1.25,15376,United Kingdom
551531,22699,ROSES REGENCY TEACUP AND SAUCER ,4,2011-05-01T13:45:00,2.95,15376,United Kingdom
551531,22697,GREEN REGENCY TEACUP AND SAUCER,6,2011-05-01T13:45:00,2.95,15376,United Kingdom
551531,22698,PINK REGENCY TEACUP AND SAUCER,8,2011-05-01T13:45:00,2.95,15376,United Kingdom
551531,22066,LOVE HEART TRINKET POT,6,2011-05-01T13:45:00,0.39,15376,United Kingdom
551531,22630,DOLLY GIRL LUNCH BOX,3,2011-05-01T13:45:00,1.95,15376,United Kingdom
551531,22629,SPACEBOY LUNCH BOX ,3,2011-05-01T13:45:00,1.95,15376,United Kingdom
551531,84692,BOX OF 24 COCKTAIL PARASOLS,6,2011-05-01T13:45:00,0.42,15376,United Kingdom
551531,21239,PINK  POLKADOT CUP,12,2011-05-01T13:45:00,0.85,15376,United Kingdom
551531,21240,BLUE POLKADOT CUP,12,2011-05-01T13:45:00,0.85,15376,United Kingdom
551531,20677,PINK POLKADOT BOWL,8,2011-05-01T13:45:00,1.25,15376,United Kingdom
551531,84313C,ORANGE TV TRAY TABLE ,1,2011-05-01T13:45:00,1.95,15376,United Kingdom
551532,22792,FLUTED ANTIQUE CANDLE HOLDER,12,2011-05-01T14:17:00,0.85,16554,United Kingdom
551532,22776,SWEETHEART CAKESTAND 3 TIER,2,2011-05-01T14:17:00,9.95,16554,United Kingdom
551532,22798,ANTIQUE GLASS DRESSING TABLE POT,8,2011-05-01T14:17:00,2.95,16554,United Kingdom
551532,22800,ANTIQUE TALL SWIRLGLASS TRINKET POT,4,2011-05-01T14:17:00,3.75,16554,United Kingdom
551532,84946,ANTIQUE SILVER T-LIGHT GLASS,12,2011-05-01T14:17:00,1.25,16554,United Kingdom
551532,22180,RETROSPOT LAMP,1,2011-05-01T14:17:00,9.95,16554,United Kingdom
551532,21313,GLASS HEART T-LIGHT HOLDER ,12,2011-05-01T14:17:00,0.85,16554,United Kingdom
551532,22423,REGENCY CAKESTAND 3 TIER,1,2011-05-01T14:17:00,12.75,16554,United Kingdom
551532,21326,AGED GLASS SILVER T-LIGHT HOLDER,12,2011-05-01T14:17:00,0.65,16554,United Kingdom
551532,23056,FLOWERS CHANDELIER T-LIGHT HOLDER,3,2011-05-01T14:17:00,6.25,16554,United Kingdom
551532,23146,TRIPLE HOOK ANTIQUE IVORY ROSE,4,2011-05-01T14:17:00,3.29,16554,United Kingdom
551532,23147,SINGLE ANTIQUE ROSE HOOK IVORY,12,2011-05-01T14:17:00,1.45,16554,United Kingdom
551532,23132,SMALL IVORY HEART WALL ORGANISER,3,2011-05-01T14:17:00,5.75,16554,United Kingdom
551532,22822,CREAM WALL PLANTER HEART SHAPED,2,2011-05-01T14:17:00,5.95,16554,United Kingdom
551532,47566,PARTY BUNTING,4,2011-05-01T14:17:00,4.95,16554,United Kingdom
551532,82482,WOODEN PICTURE FRAME WHITE FINISH,6,2011-05-01T14:17:00,2.55,16554,United Kingdom
551532,22854,CREAM SWEETHEART EGG HOLDER,4,2011-05-01T14:17:00,4.95,16554,United Kingdom
551532,82484,WOOD BLACK BOARD ANT WHITE FINISH,2,2011-05-01T14:17:00,7.95,16554,United Kingdom
551532,22464,HANGING METAL HEART LANTERN,12,2011-05-01T14:17:00,1.65,16554,United Kingdom
551532,22342,HOME GARLAND PAINTED ZINC ,12,2011-05-01T14:17:00,1.65,16554,United Kingdom
551533,22663,JUMBO BAG DOLLY GIRL DESIGN,1,2011-05-01T14:58:00,2.08,15407,United Kingdom
551533,22926,IVORY GIANT GARDEN THERMOMETER,1,2011-05-01T14:58:00,5.95,15407,United Kingdom
551533,22990,COTTON APRON PANTRY DESIGN,1,2011-05-01T14:58:00,4.95,15407,United Kingdom
551533,47590A,BLUE HAPPY BIRTHDAY BUNTING,1,2011-05-01T14:58:00,5.45,15407,United Kingdom
551533,47590B,PINK HAPPY BIRTHDAY BUNTING,1,2011-05-01T14:58:00,5.45,15407,United Kingdom
551533,21260,FIRST AID TIN,1,2011-05-01T14:58:00,3.25,15407,United Kingdom
551533,21623,VINTAGE UNION JACK MEMOBOARD,1,2011-05-01T14:58:00,9.95,15407,United Kingdom
551533,16169K,WRAP FOLK ART,25,2011-05-01T14:58:00,0.42,15407,United Kingdom
551533,20981,12 PENCILS TALL TUBE WOODLAND,1,2011-05-01T14:58:00,0.85,15407,United Kingdom
551533,20975,12 PENCILS SMALL TUBE RED RETROSPOT,11,2011-05-01T14:58:00,0.65,15407,United Kingdom
551533,20974,12 PENCILS SMALL TUBE SKULL,3,2011-05-01T14:58:00,0.65,15407,United Kingdom
551533,84692,BOX OF 24 COCKTAIL PARASOLS,1,2011-05-01T14:58:00,0.42,15407,United Kingdom
551533,22485,SET OF 2 WOODEN MARKET CRATES,1,2011-05-01T14:58:00,12.75,15407,United Kingdom
551533,21476,STEEL SWEETHEART ROUND TABLE CREAM,1,2011-05-01T14:58:00,14.95,15407,United Kingdom
551533,21246,RED RETROSPOT BIG BOWL,1,2011-05-01T14:58:00,4.95,15407,United Kingdom
551533,22328,ROUND SNACK BOXES SET OF 4 FRUITS ,1,2011-05-01T14:58:00,2.95,15407,United Kingdom
551533,22631,CIRCUS PARADE LUNCH BOX ,1,2011-05-01T14:58:00,1.95,15407,United Kingdom
551533,22896,PEG BAG APPLES DESIGN,1,2011-05-01T14:58:00,2.55,15407,United Kingdom
551533,22482,BLUE TEA TOWEL CLASSIC DESIGN,1,2011-05-01T14:58:00,1.25,15407,United Kingdom
551533,22481,BLACK TEA TOWEL CLASSIC DESIGN,1,2011-05-01T14:58:00,1.25,15407,United Kingdom
551533,22480,RED TEA TOWEL CLASSIC DESIGN,1,2011-05-01T14:58:00,1.25,15407,United Kingdom
551533,22813,PACK 3 BOXES BIRD PANNETONE ,1,2011-05-01T14:58:00,1.95,15407,United Kingdom
551533,23141,TRIPLE WIRE HOOK PINK HEART,1,2011-05-01T14:58:00,4.15,15407,United Kingdom
551533,21928,JUMBO BAG SCANDINAVIAN BLUE PAISLEY,1,2011-05-01T14:58:00,2.08,15407,United Kingdom
551533,22411,JUMBO SHOPPER VINTAGE RED PAISLEY,1,2011-05-01T14:58:00,2.08,15407,United Kingdom
551533,22729,ALARM CLOCK BAKELIKE ORANGE,1,2011-05-01T14:58:00,3.75,15407,United Kingdom
551533,21043,APRON MODERN VINTAGE COTTON,1,2011-05-01T14:58:00,1.95,15407,United Kingdom
551533,21754,HOME BUILDING BLOCK WORD,1,2011-05-01T14:58:00,5.95,15407,United Kingdom
551533,22968,ROSE COTTAGE KEEPSAKE BOX ,1,2011-05-01T14:58:00,9.95,15407,United Kingdom
551533,22423,REGENCY CAKESTAND 3 TIER,1,2011-05-01T14:58:00,12.75,15407,United Kingdom
551533,20675,BLUE POLKADOT BOWL,2,2011-05-01T14:58:00,1.25,15407,United Kingdom
551533,20676,RED RETROSPOT BOWL,2,2011-05-01T14:58:00,1.25,15407,United Kingdom
551533,20674,GREEN POLKADOT BOWL,2,2011-05-01T14:58:00,1.25,15407,United Kingdom
551533,21670,BLUE SPOT CERAMIC DRAWER KNOB,1,2011-05-01T14:58:00,1.25,15407,United Kingdom
551533,21668,RED STRIPE CERAMIC DRAWER KNOB,1,2011-05-01T14:58:00,1.25,15407,United Kingdom
551533,21669,BLUE STRIPE CERAMIC DRAWER KNOB,1,2011-05-01T14:58:00,1.25,15407,United Kingdom
551533,21672,WHITE SPOT RED CERAMIC DRAWER KNOB,1,2011-05-01T14:58:00,1.25,15407,United Kingdom
551533,22502,PICNIC BASKET WICKER SMALL,1,2011-05-01T14:58:00,5.95,15407,United Kingdom
551534,21723,ALPHABET HEARTS STICKER SHEET,24,2011-05-01T14:59:00,0.85,14655,United Kingdom
551534,85099B,JUMBO BAG RED RETROSPOT,50,2011-05-01T14:59:00,2.08,14655,United Kingdom
551534,22386,JUMBO BAG PINK POLKADOT,100,2011-05-01T14:59:00,1.79,14655,United Kingdom
551534,21928,JUMBO BAG SCANDINAVIAN BLUE PAISLEY,20,2011-05-01T14:59:00,2.08,14655,United Kingdom
551534,21929,JUMBO BAG PINK VINTAGE PAISLEY,20,2011-05-01T14:59:00,2.08,14655,United Kingdom
551534,22411,JUMBO SHOPPER VINTAGE RED PAISLEY,50,2011-05-01T14:59:00,2.08,14655,United Kingdom
551534,23199,JUMBO BAG APPLES,50,2011-05-01T14:59:00,2.08,14655,United Kingdom
551534,21931,JUMBO STORAGE BAG SUKI,20,2011-05-01T14:59:00,2.08,14655,United Kingdom
551534,84970L,SINGLE HEART ZINC T-LIGHT HOLDER,12,2011-05-01T14:59:00,0.95,14655,United Kingdom
551534,23144,ZINC T-LIGHT HOLDER STARS SMALL,12,2011-05-01T14:59:00,0.83,14655,United Kingdom
551534,23077,DOUGHNUT LIP GLOSS ,20,2011-05-01T14:59:00,1.25,14655,United Kingdom
551534,23076,ICE CREAM SUNDAE LIP GLOSS,24,2011-05-01T14:59:00,1.25,14655,United Kingdom
551534,22652,TRAVEL SEWING KIT,20,2011-05-01T14:59:00,1.65,14655,United Kingdom
551534,22436,12 COLOURED PARTY BALLOONS,100,2011-05-01T14:59:00,0.65,14655,United Kingdom
551535,22477,WATERING CAN GARDEN MARKER,10,2011-05-01T15:33:00,1.25,17615,United Kingdom
551535,22456,NATURAL SLATE CHALKBOARD LARGE ,3,2011-05-01T15:33:00,4.95,17615,United Kingdom
551535,22087,PAPER BUNTING WHITE LACE,6,2011-05-01T15:33:00,2.95,17615,United Kingdom
551535,72760B,VINTAGE CREAM 3 BASKET CAKE STAND,2,2011-05-01T15:33:00,9.95,17615,United Kingdom
551535,21314,SMALL GLASS HEART TRINKET POT,48,2011-05-01T15:33:00,1.85,17615,United Kingdom
551536,85123A,WHITE HANGING HEART T-LIGHT HOLDER,1,2011-05-03T08:35:00,2.95,,United Kingdom
551536,85129D,BEADED CRYSTAL HEART PINK SMALL,1,2011-05-03T08:35:00,1.25,,United Kingdom
551537,21499,BLUE POLKADOT WRAP,2,2011-05-03T08:37:00,0.42,,United Kingdom
551537,21086,SET/6 RED SPOTTY PAPER CUPS,2,2011-05-03T08:37:00,0.65,,United Kingdom
551537,21094,SET/6 RED SPOTTY PAPER PLATES,2,2011-05-03T08:37:00,0.85,,United Kingdom
551537,21080,SET/20 RED RETROSPOT PAPER NAPKINS ,1,2011-05-03T08:37:00,0.85,,United Kingdom
551537,21621,VINTAGE UNION JACK BUNTING,1,2011-05-03T08:37:00,8.5,,United Kingdom
551537,23007, SPACEBOY BABY GIFT SET,1,2011-05-03T08:37:00,16.95,,United Kingdom
551537,22372,AIRLINE BAG VINTAGE WORLD CHAMPION ,1,2011-05-03T08:37:00,4.25,,United Kingdom
551538,21078,SET/20 STRAWBERRY PAPER NAPKINS ,1,2011-05-03T08:37:00,0.85,,United Kingdom
551539,20719,WOODLAND CHARLOTTE BAG,10,2011-05-03T08:40:00,0.85,12598,France
551539,20723,STRAWBERRY CHARLOTTE BAG,10,2011-05-03T08:40:00,0.85,12598,France
551539,23204,CHARLOTTE BAG APPLES DESIGN,20,2011-05-03T08:40:00,0.85,12598,France
551539,20724,RED RETROSPOT CHARLOTTE BAG,20,2011-05-03T08:40:00,0.85,12598,France
551539,22661,CHARLOTTE BAG DOLLY GIRL DESIGN,10,2011-05-03T08:40:00,0.85,12598,France
551539,23076,ICE CREAM SUNDAE LIP GLOSS,48,2011-05-03T08:40:00,1.25,12598,France
551539,23078,ICE CREAM PEN LIP GLOSS ,48,2011-05-03T08:40:00,1.25,12598,France
551539,23158,SET OF 5 LUCKY CAT MAGNETS ,12,2011-05-03T08:40:00,2.08,12598,France
551539,23155,KNICKERBOCKERGLORY MAGNET ASSORTED ,24,2011-05-03T08:40:00,0.83,12598,France
551539,22972,CHILDREN'S SPACEBOY MUG,12,2011-05-03T08:40:00,1.65,12598,France
551539,22974,CHILDRENS DOLLY GIRL MUG,12,2011-05-03T08:40:00,1.65,12598,France
551539,23256,CHILDRENS CUTLERY SPACEBOY ,8,2011-05-03T08:40:00,4.15,12598,France
551539,23254,CHILDRENS CUTLERY DOLLY GIRL ,8,2011-05-03T08:40:00,4.15,12598,France
551539,84997D,CHILDRENS CUTLERY POLKADOT PINK,8,2011-05-03T08:40:00,4.15,12598,France
551539,23255,CHILDRENS CUTLERY CIRCUS PARADE,8,2011-05-03T08:40:00,4.15,12598,France
551539,23077,DOUGHNUT LIP GLOSS ,20,2011-05-03T08:40:00,1.25,12598,France
551539,22181,SNOWSTORM PHOTO FRAME FRIDGE MAGNET,24,2011-05-03T08:40:00,0.85,12598,France
551539,21700,BIG DOUGHNUT FRIDGE MAGNETS,48,2011-05-03T08:40:00,0.85,12598,France
551539,21559,STRAWBERRY LUNCH BOX WITH CUTLERY,6,2011-05-03T08:40:00,2.55,12598,France
551539,22303,COFFEE MUG APPLES DESIGN,12,2011-05-03T08:40:00,2.55,12598,France
C551540,22992,REVOLVER WOODEN RULER ,-12,2011-05-03T08:47:00,1.95,14735,United Kingdom
C551540,22991,GIRAFFE WOODEN RULER,-12,2011-05-03T08:47:00,1.95,14735,United Kingdom
C551540,22978,PANTRY ROLLING PIN,-6,2011-05-03T08:47:00,3.75,14735,United Kingdom
C551540,23127,FELTCRAFT GIRL NICOLE KIT,-8,2011-05-03T08:47:00,4.95,14735,United Kingdom
C551540,23126,FELTCRAFT GIRL AMELIE KIT,-8,2011-05-03T08:47:00,4.95,14735,United Kingdom
C551540,22980,PANTRY SCRUBBING BRUSH,-12,2011-05-03T08:47:00,1.65,14735,United Kingdom
C551540,22982,PANTRY PASTRY BRUSH,-12,2011-05-03T08:47:00,1.25,14735,United Kingdom
C551540,22993,SET OF 4 PANTRY JELLY MOULDS,-12,2011-05-03T08:47:00,1.25,14735,United Kingdom
C551540,23128,FELTCRAFT BOY JEAN-PAUL KIT,-4,2011-05-03T08:47:00,4.95,14735,United Kingdom
C551541,22839,3 TIER CAKE TIN GREEN AND CREAM,-1,2011-05-03T08:49:00,14.95,13692,United Kingdom
551542,22822,CREAM WALL PLANTER HEART SHAPED,6,2011-05-03T09:05:00,5.95,14732,United Kingdom
551542,71101E,STANDING FAIRY POLE SUPPORT ,12,2011-05-03T09:05:00,0.85,14732,United Kingdom
551542,21314,SMALL GLASS HEART TRINKET POT,8,2011-05-03T09:05:00,2.1,14732,United Kingdom
551542,22171,3 HOOK PHOTO SHELF ANTIQUE WHITE,2,2011-05-03T09:05:00,8.5,14732,United Kingdom
551542,22077,6 RIBBONS RUSTIC CHARM,12,2011-05-03T09:05:00,1.65,14732,United Kingdom
551542,22652,TRAVEL SEWING KIT,10,2011-05-03T09:05:00,1.65,14732,United Kingdom
551542,22771,CLEAR DRAWER KNOB ACRYLIC EDWARDIAN,24,2011-05-03T09:05:00,1.25,14732,United Kingdom
551542,20801,LARGE PINK GLASS SUNDAE DISH,16,2011-05-03T09:05:00,0.79,14732,United Kingdom
551542,84988,SET OF 72 PINK HEART PAPER DOILIES,12,2011-05-03T09:05:00,1.45,14732,United Kingdom
551542,22854,CREAM SWEETHEART EGG HOLDER,4,2011-05-03T09:05:00,4.95,14732,United Kingdom
551542,21658,GLASS  BEURRE DISH,4,2011-05-03T09:05:00,3.95,14732,United Kingdom
551542,22501,PICNIC BASKET WICKER LARGE,2,2011-05-03T09:05:00,9.95,14732,United Kingdom
551542,22502,PICNIC BASKET WICKER SMALL,4,2011-05-03T09:05:00,5.95,14732,United Kingdom
551542,22993,SET OF 4 PANTRY JELLY MOULDS,12,2011-05-03T09:05:00,1.25,14732,United Kingdom
551542,20835,FRENCH LATTICE CUSHION COVER ,12,2011-05-03T09:05:00,0.83,14732,United Kingdom
551542,85123A,WHITE HANGING HEART T-LIGHT HOLDER,6,2011-05-03T09:05:00,2.95,14732,United Kingdom
551542,22356,CHARLOTTE BAG PINK POLKADOT,10,2011-05-03T09:05:00,0.85,14732,United Kingdom
551543,21411,GINGHAM HEART  DOORSTOP RED,3,2011-05-03T09:26:00,4.25,16055,United Kingdom
551543,21770,OPEN CLOSED METAL SIGN,2,2011-05-03T09:26:00,4.95,16055,United Kingdom
551543,21359,RELAX LARGE WOOD LETTERS,1,2011-05-03T09:26:00,15.95,16055,United Kingdom
551543,22782,SET 3 WICKER STORAGE BASKETS ,1,2011-05-03T09:26:00,24.95,16055,United Kingdom
551543,47566,PARTY BUNTING,4,2011-05-03T09:26:00,4.95,16055,United Kingdom
551543,23284,DOORMAT KEEP CALM AND COME IN,2,2011-05-03T09:26:00,7.95,16055,United Kingdom
551543,22457,NATURAL SLATE HEART CHALKBOARD ,6,2011-05-03T09:26:00,2.95,16055,United Kingdom
551543,22499,WOODEN UNION JACK BUNTING,3,2011-05-03T09:26:00,5.95,16055,United Kingdom
551544,22960,JAM MAKING SET WITH JARS,6,2011-05-03T09:33:00,4.25,12683,France
551544,22969,HOMEMADE JAM SCENTED CANDLES,12,2011-05-03T09:33:00,1.45,12683,France
551544,22993,SET OF 4 PANTRY JELLY MOULDS,12,2011-05-03T09:33:00,1.25,12683,France
551544,23076,ICE CREAM SUNDAE LIP GLOSS,24,2011-05-03T09:33:00,1.25,12683,France
551544,23156,SET OF 5 MINI GROCERY MAGNETS,24,2011-05-03T09:33:00,2.08,12683,France
551544,23159,SET OF 5 PANCAKE DAY MAGNETS,24,2011-05-03T09:33:00,2.08,12683,France
551544,47599A,PINK PARTY BAGS,30,2011-05-03T09:33:00,2.1,12683,France
551544,47599B,BLUE PARTY BAGS ,18,2011-05-03T09:33:00,2.1,12683,France
551544,22328,ROUND SNACK BOXES SET OF 4 FRUITS ,12,2011-05-03T09:33:00,2.95,12683,France
551544,23206,LUNCH BAG APPLE DESIGN,10,2011-05-03T09:33:00,1.65,12683,France
551544,22662,LUNCH BAG DOLLY GIRL DESIGN,10,2011-05-03T09:33:00,1.65,12683,France
551544,22090,PAPER BUNTING RETROSPOT,40,2011-05-03T09:33:00,2.55,12683,France
551544,22352,LUNCH BOX WITH CUTLERY RETROSPOT ,12,2011-05-03T09:33:00,2.55,12683,France
551544,84828,JUNGLE POPSICLES ICE LOLLY MOULDS,12,2011-05-03T09:33:00,1.25,12683,France
551544,22626,BLACK KITCHEN SCALES,2,2011-05-03T09:33:00,8.5,12683,France
551544,21086,SET/6 RED SPOTTY PAPER CUPS,24,2011-05-03T09:33:00,0.65,12683,France
551544,21094,SET/6 RED SPOTTY PAPER PLATES,24,2011-05-03T09:33:00,0.85,12683,France
551544,21095,SET/6 POSIES PAPER PLATES,24,2011-05-03T09:33:00,0.85,12683,France
551544,21080,SET/20 RED RETROSPOT PAPER NAPKINS ,24,2011-05-03T09:33:00,0.85,12683,France
551544,22978,PANTRY ROLLING PIN,6,2011-05-03T09:33:00,3.75,12683,France
551544,POST,POSTAGE,4,2011-05-03T09:33:00,18,12683,France
555156,23299,FOOD COVER WITH BEADS SET 2 ,6,2011-06-01T07:37:00,3.75,15643,United Kingdom
555156,22847,BREAD BIN DINER STYLE IVORY,1,2011-06-01T07:37:00,16.95,15643,United Kingdom
555157,23075,PARLOUR CERAMIC WALL HOOK,16,2011-06-01T07:38:00,4.15,15643,United Kingdom
555157,47590B,PINK HAPPY BIRTHDAY BUNTING,6,2011-06-01T07:38:00,5.45,15643,United Kingdom
555157,22423,REGENCY CAKESTAND 3 TIER,4,2011-06-01T07:38:00,12.75,15643,United Kingdom
555157,47590A,BLUE HAPPY BIRTHDAY BUNTING,6,2011-06-01T07:38:00,5.45,15643,United Kingdom
555157,22849,BREAD BIN DINER STYLE MINT,1,2011-06-01T07:38:00,16.95,15643,United Kingdom
555157,47566,PARTY BUNTING,8,2011-06-01T07:38:00,4.95,15643,United Kingdom
555157,82580,BATHROOM METAL SIGN,12,2011-06-01T07:38:00,0.55,15643,United Kingdom
555157,23169,CLASSIC GLASS COOKIE JAR,10,2011-06-01T07:38:00,4.15,15643,United Kingdom
555158,22466,FAIRY TALE COTTAGE NIGHTLIGHT,12,2011-06-01T08:38:00,1.95,14842,United Kingdom
555158,22179,SET 10 NIGHT OWL LIGHTS,4,2011-06-01T08:38:00,6.75,14842,United Kingdom
555158,23082,SET 6 PAPER TABLE LANTERN HEARTS ,6,2011-06-01T08:38:00,3.75,14842,United Kingdom
555158,23083,SET 6 PAPER TABLE LANTERN STARS ,6,2011-06-01T08:38:00,3.75,14842,United Kingdom
555158,22468,BABUSHKA LIGHTS STRING OF 10,4,2011-06-01T08:38:00,6.75,14842,United Kingdom
555158,22084,PAPER CHAIN KIT EMPIRE,6,2011-06-01T08:38:00,2.95,14842,United Kingdom
555158,22083,PAPER CHAIN KIT RETROSPOT,6,2011-06-01T08:38:00,2.95,14842,United Kingdom
555158,23108,SET OF 10 LED DOLLY LIGHTS,12,2011-06-01T08:38:00,5.39,14842,United Kingdom
555158,20749,ASSORTED COLOUR MINI CASES,2,2011-06-01T08:38:00,7.95,14842,United Kingdom
555158,22138,BAKING SET 9 PIECE RETROSPOT ,3,2011-06-01T08:38:00,4.95,14842,United Kingdom
555158,22492,MINI PAINT SET VINTAGE ,36,2011-06-01T08:38:00,0.65,14842,United Kingdom
555158,22570,FELTCRAFT CUSHION RABBIT,4,2011-06-01T08:38:00,3.75,14842,United Kingdom
555158,22568,FELTCRAFT CUSHION OWL,4,2011-06-01T08:38:00,3.75,14842,United Kingdom
555158,22274,FELTCRAFT DOLL EMILY,6,2011-06-01T08:38:00,2.95,14842,United Kingdom
555158,22273,FELTCRAFT DOLL MOLLY,6,2011-06-01T08:38:00,2.95,14842,United Kingdom
555158,20970,PINK FLORAL FELTCRAFT SHOULDER BAG,4,2011-06-01T08:38:00,3.75,14842,United Kingdom
555158,22149,FELTCRAFT 6 FLOWER FRIENDS,6,2011-06-01T08:38:00,2.1,14842,United Kingdom
555158,23191,BUNDLE OF 3 RETRO NOTE BOOKS,12,2011-06-01T08:38:00,1.65,14842,United Kingdom
555158,23190,BUNDLE OF 3 SCHOOL EXERCISE BOOKS  ,12,2011-06-01T08:38:00,1.65,14842,United Kingdom
555158,22752,SET 7 BABUSHKA NESTING BOXES,2,2011-06-01T08:38:00,8.5,14842,United Kingdom
555158,22742,MAKE YOUR OWN PLAYTIME CARD KIT,6,2011-06-01T08:38:00,2.95,14842,United Kingdom
555158,22743,MAKE YOUR OWN FLOWERPOWER CARD KIT,6,2011-06-01T08:38:00,2.95,14842,United Kingdom
555158,22744,MAKE YOUR OWN MONSOON CARD KIT,6,2011-06-01T08:38:00,2.95,14842,United Kingdom
555158,20978,36 PENCILS TUBE SKULLS,16,2011-06-01T08:38:00,1.25,14842,United Kingdom
555158,20977,36 PENCILS TUBE WOODLAND,16,2011-06-01T08:38:00,1.25,14842,United Kingdom
555158,20979,36 PENCILS TUBE RED RETROSPOT,16,2011-06-01T08:38:00,1.25,14842,United Kingdom
555158,22584,PACK OF 6 PANNETONE GIFT BOXES,6,2011-06-01T08:38:00,2.55,14842,United Kingdom
555158,22583,PACK OF 6 HANDBAG GIFT BOXES,6,2011-06-01T08:38:00,2.55,14842,United Kingdom
555158,22585,PACK OF 6 BIRDY GIFT TAGS,12,2011-06-01T08:38:00,1.25,14842,United Kingdom
555158,21980,PACK OF 12 RED RETROSPOT TISSUES ,24,2011-06-01T08:38:00,0.29,14842,United Kingdom
555158,21982,PACK OF 12 SUKI TISSUES ,24,2011-06-01T08:38:00,0.29,14842,United Kingdom
555158,21931,JUMBO STORAGE BAG SUKI,10,2011-06-01T08:38:00,2.08,14842,United Kingdom
555158,21935,SUKI  SHOULDER BAG,10,2011-06-01T08:38:00,1.65,14842,United Kingdom
555158,22355,CHARLOTTE BAG SUKI DESIGN,10,2011-06-01T08:38:00,0.85,14842,United Kingdom
555158,23202,JUMBO BAG VINTAGE LEAF,10,2011-06-01T08:38:00,2.08,14842,United Kingdom
555158,22077,6 RIBBONS RUSTIC CHARM,12,2011-06-01T08:38:00,1.65,14842,United Kingdom
555158,22507,MEMO BOARD RETROSPOT  DESIGN,4,2011-06-01T08:38:00,4.95,14842,United Kingdom
555158,21154,RED RETROSPOT OVEN GLOVE ,10,2011-06-01T08:38:00,1.25,14842,United Kingdom
555158,20914,SET/5 RED RETROSPOT LID GLASS BOWLS,6,2011-06-01T08:38:00,2.95,14842,United Kingdom
555158,22352,LUNCH BOX WITH CUTLERY RETROSPOT ,6,2011-06-01T08:38:00,2.55,14842,United Kingdom
555158,84375,SET OF 20 KIDS COOKIE CUTTERS,12,2011-06-01T08:38:00,2.1,14842,United Kingdom
555158,23299,FOOD COVER WITH BEADS SET 2 ,6,2011-06-01T08:38:00,3.75,14842,United Kingdom
555158,23298,SPOTTY BUNTING,3,2011-06-01T08:38:00,4.95,14842,United Kingdom
555158,22961,JAM MAKING SET PRINTED,12,2011-06-01T08:38:00,1.45,14842,United Kingdom
555158,22960,JAM MAKING SET WITH JARS,12,2011-06-01T08:38:00,3.75,14842,United Kingdom
555158,22907,PACK OF 20 NAPKINS PANTRY DESIGN,12,2011-06-01T08:38:00,0.85,14842,United Kingdom
555158,22969,HOMEMADE JAM SCENTED CANDLES,12,2011-06-01T08:38:00,1.45,14842,United Kingdom
555158,22978,PANTRY ROLLING PIN,6,2011-06-01T08:38:00,3.75,14842,United Kingdom
555158,22993,SET OF 4 PANTRY JELLY MOULDS,12,2011-06-01T08:38:00,1.25,14842,United Kingdom
555158,22666,RECIPE BOX PANTRY YELLOW DESIGN,6,2011-06-01T08:38:00,2.95,14842,United Kingdom
555158,22423,REGENCY CAKESTAND 3 TIER,2,2011-06-01T08:38:00,12.75,14842,United Kingdom
555158,23172,REGENCY TEA PLATE PINK,12,2011-06-01T08:38:00,1.65,14842,United Kingdom
555158,23171,REGENCY TEA PLATE GREEN ,12,2011-06-01T08:38:00,1.65,14842,United Kingdom
555158,23170,REGENCY TEA PLATE ROSES ,12,2011-06-01T08:38:00,1.65,14842,United Kingdom
555158,22699,ROSES REGENCY TEACUP AND SAUCER ,6,2011-06-01T08:38:00,2.95,14842,United Kingdom
555158,22698,PINK REGENCY TEACUP AND SAUCER,6,2011-06-01T08:38:00,2.95,14842,United Kingdom
555158,22697,GREEN REGENCY TEACUP AND SAUCER,6,2011-06-01T08:38:00,2.95,14842,United Kingdom
555158,21975,PACK OF 60 DINOSAUR CAKE CASES,24,2011-06-01T08:38:00,0.55,14842,United Kingdom
555158,22781,GUMBALL MAGAZINE RACK,2,2011-06-01T08:38:00,7.65,14842,United Kingdom
555158,22467,GUMBALL COAT RACK,6,2011-06-01T08:38:00,2.55,14842,United Kingdom
555158,22193,RED DINER WALL CLOCK,2,2011-06-01T08:38:00,8.5,14842,United Kingdom
555158,22191,IVORY DINER WALL CLOCK,2,2011-06-01T08:38:00,8.5,14842,United Kingdom
555158,22725,ALARM CLOCK BAKELIKE CHOCOLATE,4,2011-06-01T08:38:00,3.75,14842,United Kingdom
555158,22728,ALARM CLOCK BAKELIKE PINK,4,2011-06-01T08:38:00,3.75,14842,United Kingdom
555158,22727,ALARM CLOCK BAKELIKE RED ,4,2011-06-01T08:38:00,3.75,14842,United Kingdom
555158,84970S,HANGING HEART ZINC T-LIGHT HOLDER,12,2011-06-01T08:38:00,0.85,14842,United Kingdom
555158,23144,ZINC T-LIGHT HOLDER STARS SMALL,12,2011-06-01T08:38:00,0.83,14842,United Kingdom
555158,84755,COLOUR GLASS T-LIGHT HOLDER HANGING,16,2011-06-01T08:38:00,0.65,14842,United Kingdom
555158,48194,DOORMAT HEARTS,2,2011-06-01T08:38:00,7.95,14842,United Kingdom
555158,48138,DOORMAT UNION FLAG,2,2011-06-01T08:38:00,7.95,14842,United Kingdom
555158,48111,DOORMAT 3 SMILEY CATS,2,2011-06-01T08:38:00,7.95,14842,United Kingdom
555158,48188,DOORMAT WELCOME PUPPIES,2,2011-06-01T08:38:00,7.95,14842,United Kingdom
555158,23284,DOORMAT KEEP CALM AND COME IN,2,2011-06-01T08:38:00,7.95,14842,United Kingdom
555158,23283,DOORMAT VINTAGE LEAVES DESIGN ,2,2011-06-01T08:38:00,7.95,14842,United Kingdom
555158,84879,ASSORTED COLOUR BIRD ORNAMENT,8,2011-06-01T08:38:00,1.69,14842,United Kingdom
555158,22501,PICNIC BASKET WICKER LARGE,2,2011-06-01T08:38:00,9.95,14842,United Kingdom
555159,22916,HERB MARKER THYME,12,2011-06-01T09:06:00,0.65,15124,United Kingdom
555159,22919,HERB MARKER MINT,12,2011-06-01T09:06:00,0.65,15124,United Kingdom
555159,22917,HERB MARKER ROSEMARY,12,2011-06-01T09:06:00,0.65,15124,United Kingdom
555159,22920,HERB MARKER BASIL,12,2011-06-01T09:06:00,0.65,15124,United Kingdom
555159,22918,HERB MARKER PARSLEY,12,2011-06-01T09:06:00,0.65,15124,United Kingdom
555159,22921,HERB MARKER CHIVES ,12,2011-06-01T09:06:00,0.65,15124,United Kingdom
555159,22961,JAM MAKING SET PRINTED,12,2011-06-01T09:06:00,1.45,15124,United Kingdom
555159,84997A,CHILDRENS CUTLERY POLKADOT GREEN ,4,2011-06-01T09:06:00,4.15,15124,United Kingdom
555159,22487,WHITE WOOD GARDEN PLANT LADDER,1,2011-06-01T09:06:00,9.95,15124,United Kingdom
555160,22383,LUNCH BAG SUKI DESIGN ,100,2011-06-01T09:18:00,1.45,14646,Netherlands
555160,84997A,CHILDRENS CUTLERY POLKADOT GREEN ,72,2011-06-01T09:18:00,3.75,14646,Netherlands
555160,23256,CHILDRENS CUTLERY SPACEBOY ,72,2011-06-01T09:18:00,3.75,14646,Netherlands
555160,21731,RED TOADSTOOL LED NIGHT LIGHT,144,2011-06-01T09:18:00,1.45,14646,Netherlands
555160,21930,JUMBO STORAGE BAG SKULLS,100,2011-06-01T09:18:00,1.79,14646,Netherlands
555160,23204,CHARLOTTE BAG APPLES DESIGN,100,2011-06-01T09:18:00,0.72,14646,Netherlands
555160,23205,CHARLOTTE BAG VINTAGE ALPHABET ,200,2011-06-01T09:18:00,0.72,14646,Netherlands
555160,21578,WOODLAND DESIGN  COTTON TOTE BAG,60,2011-06-01T09:18:00,2.25,14646,Netherlands
555160,22629,SPACEBOY LUNCH BOX ,64,2011-06-01T09:18:00,1.65,14646,Netherlands
555160,22326,ROUND SNACK BOXES SET OF4 WOODLAND ,48,2011-06-01T09:18:00,2.55,14646,Netherlands
555160,20752,BLUE POLKADOT WASHING UP GLOVES,12,2011-06-01T09:18:00,2.1,14646,Netherlands
555160,22625,RED KITCHEN SCALES,2,2011-06-01T09:18:00,8.5,14646,Netherlands
555160,22630,DOLLY GIRL LUNCH BOX,64,2011-06-01T09:18:00,1.65,14646,Netherlands
555161,23281,FOLDING BUTTERFLY MIRROR RED  ,12,2011-06-01T09:26:00,0.83,12423,Belgium
555161,23204,CHARLOTTE BAG APPLES DESIGN,10,2011-06-01T09:26:00,0.85,12423,Belgium
555161,20724,RED RETROSPOT CHARLOTTE BAG,10,2011-06-01T09:26:00,0.85,12423,Belgium
555161,23084,RABBIT NIGHT LIGHT,24,2011-06-01T09:26:00,1.79,12423,Belgium
555161,POST,POSTAGE,1,2011-06-01T09:26:00,15,12423,Belgium
555162,21498,RED RETROSPOT WRAP ,25,2011-06-01T10:15:00,0.42,12473,Germany
555162,21499,BLUE POLKADOT WRAP,25,2011-06-01T10:15:00,0.42,12473,Germany
555162,23203,JUMBO BAG DOILEY PATTERNS,10,2011-06-01T10:15:00,2.08,12473,Germany
555162,22082,RIBBON REEL STRIPES DESIGN ,10,2011-06-01T10:15:00,1.65,12473,Germany
555162,22989,SET 2 PANTRY DESIGN TEA TOWELS,6,2011-06-01T10:15:00,3.25,12473,Germany
555162,22907,PACK OF 20 NAPKINS PANTRY DESIGN,12,2011-06-01T10:15:00,0.85,12473,Germany
555162,23206,LUNCH BAG APPLE DESIGN,10,2011-06-01T10:15:00,1.65,12473,Germany
555162,22895,SET OF 2 TEA TOWELS APPLE AND PEARS,6,2011-06-01T10:15:00,3.25,12473,Germany
555162,21672,WHITE SPOT RED CERAMIC DRAWER KNOB,12,2011-06-01T10:15:00,1.25,12473,Germany
555162,21673,WHITE SPOT BLUE CERAMIC DRAWER KNOB,12,2011-06-01T10:15:00,1.25,12473,Germany
555162,22775,PURPLE DRAWERKNOB ACRYLIC EDWARDIAN,12,2011-06-01T10:15:00,1.25,12473,Germany
555162,84755,COLOUR GLASS T-LIGHT HOLDER HANGING,16,2011-06-01T10:15:00,0.65,12473,Germany
555162,82484,WOOD BLACK BOARD ANT WHITE FINISH,2,2011-06-01T10:15:00,7.95,12473,Germany
555162,84879,ASSORTED COLOUR BIRD ORNAMENT,16,2011-06-01T10:15:00,1.69,12473,Germany
555162,22432,WATERING CAN PINK BUNNY,6,2011-06-01T10:15:00,1.95,12473,Germany
555162,22433,WATERING CAN GREEN DINOSAUR,6,2011-06-01T10:15:00,1.95,12473,Germany
555162,22431,WATERING CAN BLUE ELEPHANT,6,2011-06-01T10:15:00,1.95,12473,Germany
555162,23010,CIRCUS PARADE BABY GIFT SET,3,2011-06-01T10:15:00,16.95,12473,Germany
555162,22418,10 COLOUR SPACEBOY PEN,24,2011-06-01T10:15:00,0.85,12473,Germany
555162,22328,ROUND SNACK BOXES SET OF 4 FRUITS ,6,2011-06-01T10:15:00,2.95,12473,Germany
555162,22326,ROUND SNACK BOXES SET OF4 WOODLAND ,6,2011-06-01T10:15:00,2.95,12473,Germany
555162,22556,PLASTERS IN TIN CIRCUS PARADE ,12,2011-06-01T10:15:00,1.65,12473,Germany
555162,22554,PLASTERS IN TIN WOODLAND ANIMALS,12,2011-06-01T10:15:00,1.65,12473,Germany
555162,84077,WORLD WAR 2 GLIDERS ASSTD DESIGNS,48,2011-06-01T10:15:00,0.29,12473,Germany
555162,21918,SET 12 KIDS COLOUR  CHALK STICKS,24,2011-06-01T10:15:00,0.42,12473,Germany
555162,22741,FUNKY DIVA PEN,48,2011-06-01T10:15:00,0.85,12473,Germany
555162,22740,POLKADOT PEN,48,2011-06-01T10:15:00,0.85,12473,Germany
555162,20981,12 PENCILS TALL TUBE WOODLAND,12,2011-06-01T10:15:00,0.85,12473,Germany
555162,22584,PACK OF 6 PANNETONE GIFT BOXES,6,2011-06-01T10:15:00,2.55,12473,Germany
555162,22813,PACK 3 BOXES BIRD PANNETONE ,12,2011-06-01T10:15:00,1.95,12473,Germany
555162,22045,SPACEBOY GIFT WRAP,25,2011-06-01T10:15:00,0.42,12473,Germany
555162,22704,WRAP RED APPLES ,25,2011-06-01T10:15:00,0.42,12473,Germany
555162,22704,WRAP RED APPLES ,25,2011-06-01T10:15:00,0.42,12473,Germany
555162,23233,WRAP POPPIES  DESIGN,25,2011-06-01T10:15:00,0.42,12473,Germany
555162,POST,POSTAGE,4,2011-06-01T10:15:00,18,12473,Germany
C555163,POST,POSTAGE,-2,2011-06-01T10:18:00,18,12473,Germany
555164,23170,REGENCY TEA PLATE ROSES ,96,2011-06-01T10:24:00,1.45,14646,Netherlands
555164,23173,REGENCY TEAPOT ROSES ,12,2011-06-01T10:24:00,8.15,14646,Netherlands
555164,23174,REGENCY SUGAR BOWL GREEN,72,2011-06-01T10:24:00,3.75,14646,Netherlands
555164,23175,REGENCY MILK JUG PINK ,72,2011-06-01T10:24:00,2.75,14646,Netherlands
555164,22385,JUMBO BAG SPACEBOY DESIGN,100,2011-06-01T10:24:00,1.79,14646,Netherlands
555164,20712,JUMBO BAG WOODLAND ANIMALS,200,2011-06-01T10:24:00,1.79,14646,Netherlands
555164,23207,LUNCH BAG ALPHABET DESIGN,100,2011-06-01T10:24:00,1.45,14646,Netherlands
555164,22848,BREAD BIN DINER STYLE PINK,12,2011-06-01T10:24:00,14.95,14646,Netherlands
555164,22631,CIRCUS PARADE LUNCH BOX ,192,2011-06-01T10:24:00,1.65,14646,Netherlands
555164,22326,ROUND SNACK BOXES SET OF4 WOODLAND ,240,2011-06-01T10:24:00,2.55,14646,Netherlands
555164,20724,RED RETROSPOT CHARLOTTE BAG,100,2011-06-01T10:24:00,0.72,14646,Netherlands
555164,22629,SPACEBOY LUNCH BOX ,320,2011-06-01T10:24:00,1.65,14646,Netherlands
555164,22630,DOLLY GIRL LUNCH BOX,320,2011-06-01T10:24:00,1.65,14646,Netherlands
555194,21988,PACK OF 6 SKULL PAPER PLATES,96,2011-06-01T11:13:00,0.64,16422,United Kingdom
555194,21989,PACK OF 20 SKULL PAPER NAPKINS,96,2011-06-01T11:13:00,0.72,16422,United Kingdom
555194,21243,PINK  POLKADOT PLATE ,96,2011-06-01T11:13:00,1.45,16422,United Kingdom
555194,21380,WOODEN HAPPY BIRTHDAY GARLAND,12,2011-06-01T11:13:00,2.95,16422,United Kingdom
555194,22090,PAPER BUNTING RETROSPOT,40,2011-06-01T11:13:00,2.55,16422,United Kingdom
555194,22088,PAPER BUNTING COLOURED LACE,40,2011-06-01T11:13:00,2.55,16422,United Kingdom
555194,84755,COLOUR GLASS T-LIGHT HOLDER HANGING,144,2011-06-01T11:13:00,0.55,16422,United Kingdom
555195,23084,RABBIT NIGHT LIGHT,6,2011-06-01T11:27:00,2.08,15240,United Kingdom
555195,23100,SILVER BELLS TABLE DECORATION,12,2011-06-01T11:27:00,1.25,15240,United Kingdom
555195,23112,PARISIENNE CURIO CABINET,2,2011-06-01T11:27:00,7.5,15240,United Kingdom
555195,22423,REGENCY CAKESTAND 3 TIER,1,2011-06-01T11:27:00,12.75,15240,United Kingdom
555195,22457,NATURAL SLATE HEART CHALKBOARD ,6,2011-06-01T11:27:00,2.95,15240,United Kingdom
555195,22469,HEART OF WICKER SMALL,40,2011-06-01T11:27:00,1.45,15240,United Kingdom
555195,85123A,WHITE HANGING HEART T-LIGHT HOLDER,6,2011-06-01T11:27:00,2.95,15240,United Kingdom
555195,21668,RED STRIPE CERAMIC DRAWER KNOB,36,2011-06-01T11:27:00,1.25,15240,United Kingdom
555195,21671,RED SPOT CERAMIC DRAWER KNOB,24,2011-06-01T11:27:00,1.25,15240,United Kingdom
555195,21670,BLUE SPOT CERAMIC DRAWER KNOB,24,2011-06-01T11:27:00,1.25,15240,United Kingdom
555195,21672,WHITE SPOT RED CERAMIC DRAWER KNOB,12,2011-06-01T11:27:00,1.25,15240,United Kingdom
555195,21877,HOME SWEET HOME MUG,12,2011-06-01T11:27:00,1.25,15240,United Kingdom
555195,22961,JAM MAKING SET PRINTED,12,2011-06-01T11:27:00,1.45,15240,United Kingdom
555195,21216,"SET 3 RETROSPOT TEA,COFFEE,SUGAR",4,2011-06-01T11:27:00,4.95,15240,United Kingdom
555195,21843,RED RETROSPOT CAKE STAND,1,2011-06-01T11:27:00,10.95,15240,United Kingdom
555195,20914,SET/5 RED RETROSPOT LID GLASS BOWLS,6,2011-06-01T11:27:00,2.95,15240,United Kingdom
555195,23203,JUMBO BAG DOILEY PATTERNS,10,2011-06-01T11:27:00,2.08,15240,United Kingdom
555195,16161P,WRAP ENGLISH ROSE ,25,2011-06-01T11:27:00,0.42,15240,United Kingdom
555195,79321,CHILLI LIGHTS,4,2011-06-01T11:27:00,5.75,15240,United Kingdom
555195,23108,SET OF 10 LED DOLLY LIGHTS,2,2011-06-01T11:27:00,6.25,15240,United Kingdom
C555196,85213,MINI  ZINC GARDEN DECORATIONS ,-1,2011-06-01T11:40:00,0.85,14606,United Kingdom
C555196,22507,MEMO BOARD RETROSPOT  DESIGN,-1,2011-06-01T11:40:00,4.95,14606,United Kingdom
C555196,20970,PINK FLORAL FELTCRAFT SHOULDER BAG,-1,2011-06-01T11:40:00,3.75,14606,United Kingdom
C555197,84978,HANGING HEART JAR T-LIGHT HOLDER,-5,2011-06-01T11:45:00,1.06,17739,United Kingdom
555198,22423,REGENCY CAKESTAND 3 TIER,2,2011-06-01T11:52:00,12.75,15916,United Kingdom
555198,22038,BOTANICAL LAVENDER GIFT WRAP ,25,2011-06-01T11:52:00,0.42,15916,United Kingdom
555198,22040,BOTANICAL ROSE GIFT WRAP,25,2011-06-01T11:52:00,0.42,15916,United Kingdom
555198,84508B,STRIPES DESIGN TEDDY,3,2011-06-01T11:52:00,2.55,15916,United Kingdom
555198,22625,RED KITCHEN SCALES,2,2011-06-01T11:52:00,8.5,15916,United Kingdom
555198,84508A,CAMOUFLAGE DESIGN TEDDY,3,2011-06-01T11:52:00,2.55,15916,United Kingdom
555198,22165,"DIAMANTE HEART SHAPED WALL MIRROR, ",1,2011-06-01T11:52:00,12.75,15916,United Kingdom
555198,22430,ENAMEL WATERING CAN CREAM,2,2011-06-01T11:52:00,4.95,15916,United Kingdom
555198,22427,ENAMEL FLOWER JUG CREAM,2,2011-06-01T11:52:00,5.95,15916,United Kingdom
555199,22487,WHITE WOOD GARDEN PLANT LADDER,1,2011-06-01T12:05:00,9.95,14606,United Kingdom
555199,22430,ENAMEL WATERING CAN CREAM,1,2011-06-01T12:05:00,4.95,14606,United Kingdom
555199,21174,POTTERING IN THE SHED METAL SIGN,1,2011-06-01T12:05:00,2.08,14606,United Kingdom
555199,84849B,FAIRY SOAP SOAP HOLDER,1,2011-06-01T12:05:00,1.69,14606,United Kingdom
555199,84849D,HOT BATHS SOAP HOLDER,1,2011-06-01T12:05:00,1.69,14606,United Kingdom
555199,21781,MA CAMPAGNE CUTLERY BOX,1,2011-06-01T12:05:00,14.95,14606,United Kingdom
555199,21784,SHOE SHINE BOX ,1,2011-06-01T12:05:00,9.95,14606,United Kingdom
555199,21242,RED RETROSPOT PLATE ,2,2011-06-01T12:05:00,1.69,14606,United Kingdom
555199,22109,FULL ENGLISH BREAKFAST PLATE,3,2011-06-01T12:05:00,3.75,14606,United Kingdom
555199,21935,SUKI  SHOULDER BAG,1,2011-06-01T12:05:00,1.65,14606,United Kingdom
555199,22909,SET OF 20 VINTAGE CHRISTMAS NAPKINS,1,2011-06-01T12:05:00,0.85,14606,United Kingdom
555199,22998,TRAVEL CARD WALLET KEEP CALM,24,2011-06-01T12:05:00,0.42,14606,United Kingdom
555199,72351B,SET/6 PINK  BUTTERFLY T-LIGHTS,1,2011-06-01T12:05:00,2.1,14606,United Kingdom
555199,10135,COLOURING PENCILS BROWN TUBE,1,2011-06-01T12:05:00,1.25,14606,United Kingdom
555199,22318,FIVE HEART HANGING DECORATION,1,2011-06-01T12:05:00,2.95,14606,United Kingdom
555199,22481,BLACK TEA TOWEL CLASSIC DESIGN,1,2011-06-01T12:05:00,1.25,14606,United Kingdom
555199,20726,LUNCH BAG WOODLAND,2,2011-06-01T12:05:00,1.65,14606,United Kingdom
555199,21094,SET/6 RED SPOTTY PAPER PLATES,1,2011-06-01T12:05:00,0.85,14606,United Kingdom
555199,22241,GARLAND WOODEN HAPPY EASTER,1,2011-06-01T12:05:00,1.25,14606,United Kingdom
555199,21363,HOME SMALL WOOD LETTERS,1,2011-06-01T12:05:00,4.95,14606,United Kingdom
555199,22329,ROUND CONTAINER SET OF 5 RETROSPOT,1,2011-06-01T12:05:00,1.65,14606,United Kingdom
555199,22203,MILK PAN RED RETROSPOT,1,2011-06-01T12:05:00,3.75,14606,United Kingdom
555199,22197,SMALL POPCORN HOLDER,2,2011-06-01T12:05:00,0.85,14606,United Kingdom
555199,22349,DOG BOWL CHASING BALL DESIGN,1,2011-06-01T12:05:00,3.75,14606,United Kingdom
555199,21900,"KEY FOB , SHED",1,2011-06-01T12:05:00,0.65,14606,United Kingdom
555199,84978,HANGING HEART JAR T-LIGHT HOLDER,1,2011-06-01T12:05:00,1.25,14606,United Kingdom
555199,85123A,WHITE HANGING HEART T-LIGHT HOLDER,1,2011-06-01T12:05:00,2.95,14606,United Kingdom
555199,23301,GARDENERS KNEELING PAD KEEP CALM ,1,2011-06-01T12:05:00,1.65,14606,United Kingdom
555199,23300,GARDENERS KNEELING PAD CUP OF TEA ,1,2011-06-01T12:05:00,1.65,14606,United Kingdom
555200,21035,SET/2 RED RETROSPOT TEA TOWELS ,1,2011-06-01T12:05:00,3.25,17315,United Kingdom
555200,47566,PARTY BUNTING,12,2011-06-01T12:05:00,4.95,17315,United Kingdom
555200,21894,POTTING SHED SEED ENVELOPES,10,2011-06-01T12:05:00,1.25,17315,United Kingdom
555200,21792,CLASSIC FRENCH STYLE BASKET GREEN ,3,2011-06-01T12:05:00,3.95,17315,United Kingdom
555200,22151,PLACE SETTING WHITE HEART,48,2011-06-01T12:05:00,0.42,17315,United Kingdom
555200,21447,12 IVORY ROSE PEG PLACE SETTINGS,12,2011-06-01T12:05:00,1.25,17315,United Kingdom
555200,84970S,HANGING HEART ZINC T-LIGHT HOLDER,24,2011-06-01T12:05:00,0.85,17315,United Kingdom
555200,22441,GROW YOUR OWN BASIL IN ENAMEL MUG,16,2011-06-01T12:05:00,2.1,17315,United Kingdom
555200,71459,HANGING JAM JAR T-LIGHT HOLDER,24,2011-06-01T12:05:00,0.85,17315,United Kingdom
555200,85127,SMALL SQUARE CUT GLASS CANDLESTICK,4,2011-06-01T12:05:00,4.95,17315,United Kingdom
555200,22487,WHITE WOOD GARDEN PLANT LADDER,1,2011-06-01T12:05:00,9.95,17315,United Kingdom
555200,23301,GARDENERS KNEELING PAD KEEP CALM ,10,2011-06-01T12:05:00,1.65,17315,United Kingdom
555200,23300,GARDENERS KNEELING PAD CUP OF TEA ,12,2011-06-01T12:05:00,1.65,17315,United Kingdom
555201,22090,PAPER BUNTING RETROSPOT,6,2011-06-01T12:10:00,2.95,16969,United Kingdom
555201,22083,PAPER CHAIN KIT RETROSPOT,6,2011-06-01T12:10:00,2.95,16969,United Kingdom
555201,47590A,BLUE HAPPY BIRTHDAY BUNTING,3,2011-06-01T12:10:00,5.45,16969,United Kingdom
555201,47590B,PINK HAPPY BIRTHDAY BUNTING,3,2011-06-01T12:10:00,5.45,16969,United Kingdom
555201,21212,PACK OF 72 RETROSPOT CAKE CASES,24,2011-06-01T12:10:00,0.55,16969,United Kingdom
555201,21975,PACK OF 60 DINOSAUR CAKE CASES,24,2011-06-01T12:10:00,0.55,16969,United Kingdom
555201,22956,36 FOIL HEART CAKE CASES,6,2011-06-01T12:10:00,2.1,16969,United Kingdom
555201,22955,36 FOIL STAR CAKE CASES ,6,2011-06-01T12:10:00,2.1,16969,United Kingdom
555201,22222,CAKE PLATE LOVEBIRD WHITE,3,2011-06-01T12:10:00,4.95,16969,United Kingdom
555201,22776,SWEETHEART CAKESTAND 3 TIER,1,2011-06-01T12:10:00,9.95,16969,United Kingdom
555201,22128,PARTY CONES CANDY ASSORTED,12,2011-06-01T12:10:00,1.25,16969,United Kingdom
555201,21640,ASSORTED TUTTI FRUTTI  FOB NOTEBOOK,24,2011-06-01T12:10:00,0.85,16969,United Kingdom
555201,21985,PACK OF 12 HEARTS DESIGN TISSUES ,24,2011-06-01T12:10:00,0.29,16969,United Kingdom
555201,22333,RETROSPOT PARTY BAG + STICKER SET,8,2011-06-01T12:10:00,1.65,16969,United Kingdom
555201,21122,SET/10 PINK POLKADOT PARTY CANDLES,24,2011-06-01T12:10:00,1.25,16969,United Kingdom
555201,21124,SET/10 BLUE POLKADOT PARTY CANDLES,24,2011-06-01T12:10:00,1.25,16969,United Kingdom
555201,21126,SET OF 6 GIRLS CELEBRATION CANDLES,12,2011-06-01T12:10:00,1.25,16969,United Kingdom
555201,21213,PACK OF 72 SKULL CAKE CASES,24,2011-06-01T12:10:00,0.55,16969,United Kingdom
555201,20974,12 PENCILS SMALL TUBE SKULL,24,2011-06-01T12:10:00,0.65,16969,United Kingdom
555201,21967,PACK OF 12 SKULL TISSUES,24,2011-06-01T12:10:00,0.29,16969,United Kingdom
555201,21207,SKULL AND CROSSBONES  GARLAND ,12,2011-06-01T12:10:00,1.65,16969,United Kingdom
555201,22085,PAPER CHAIN KIT SKULLS ,6,2011-06-01T12:10:00,2.95,16969,United Kingdom
555201,17003,BROCADE RING PURSE ,36,2011-06-01T12:10:00,0.29,16969,United Kingdom
555201,21094,SET/6 RED SPOTTY PAPER PLATES,12,2011-06-01T12:10:00,0.85,16969,United Kingdom
555201,21080,SET/20 RED RETROSPOT PAPER NAPKINS ,12,2011-06-01T12:10:00,0.85,16969,United Kingdom
555201,21086,SET/6 RED SPOTTY PAPER CUPS,12,2011-06-01T12:10:00,0.65,16969,United Kingdom
555201,84755,COLOUR GLASS T-LIGHT HOLDER HANGING,16,2011-06-01T12:10:00,0.65,16969,United Kingdom
555202,85099B,JUMBO BAG RED RETROSPOT,2,2011-06-01T12:11:00,2.08,16813,United Kingdom
555202,22377,BOTTLE BAG RETROSPOT ,2,2011-06-01T12:11:00,2.1,16813,United Kingdom
555202,22381,TOY TIDY PINK POLKADOT,2,2011-06-01T12:11:00,2.1,16813,United Kingdom
555202,22386,JUMBO BAG PINK POLKADOT,2,2011-06-01T12:11:00,2.08,16813,United Kingdom
555202,21937,STRAWBERRY   PICNIC BAG,2,2011-06-01T12:11:00,2.95,16813,United Kingdom
555202,85099B,JUMBO BAG RED RETROSPOT,4,2011-06-01T12:11:00,2.08,16813,United Kingdom
555202,85099F,JUMBO BAG STRAWBERRY,2,2011-06-01T12:11:00,2.08,16813,United Kingdom
555202,48185,DOORMAT FAIRY CAKE,1,2011-06-01T12:11:00,7.95,16813,United Kingdom
555202,23284,DOORMAT KEEP CALM AND COME IN,1,2011-06-01T12:11:00,7.95,16813,United Kingdom
555202,21043,APRON MODERN VINTAGE COTTON,2,2011-06-01T12:11:00,1.95,16813,United Kingdom
555202,84596F,SMALL MARSHMALLOWS PINK BOWL,2,2011-06-01T12:11:00,0.42,16813,United Kingdom
555202,84596B,SMALL DOLLY MIX DESIGN ORANGE BOWL,2,2011-06-01T12:11:00,0.42,16813,United Kingdom
555202,21556,CERAMIC STRAWBERRY MONEY BOX,1,2011-06-01T12:11:00,2.55,16813,United Kingdom
555202,37446,MINI CAKE STAND WITH HANGING CAKES,1,2011-06-01T12:11:00,1.45,16813,United Kingdom
555202,21787,RAIN PONCHO RETROSPOT,2,2011-06-01T12:11:00,0.85,16813,United Kingdom
555202,82613A,"METAL SIGN,CUPCAKE SINGLE HOOK",1,2011-06-01T12:11:00,1.25,16813,United Kingdom
555202,37450,CERAMIC CAKE BOWL + HANGING CAKES,2,2011-06-01T12:11:00,2.95,16813,United Kingdom
555202,47480,HANGING PHOTO CLIP ROPE LADDER,1,2011-06-01T12:11:00,1.65,16813,United Kingdom
555202,20914,SET/5 RED RETROSPOT LID GLASS BOWLS,1,2011-06-01T12:11:00,2.95,16813,United Kingdom
555202,84978,HANGING HEART JAR T-LIGHT HOLDER,2,2011-06-01T12:11:00,1.25,16813,United Kingdom
555202,22956,36 FOIL HEART CAKE CASES,1,2011-06-01T12:11:00,2.1,16813,United Kingdom
555202,22645,CERAMIC HEART FAIRY CAKE MONEY BANK,2,2011-06-01T12:11:00,1.45,16813,United Kingdom
555202,22646,CERAMIC STRAWBERRY CAKE MONEY BANK,2,2011-06-01T12:11:00,1.45,16813,United Kingdom
555202,22068,BLACK PIRATE TREASURE CHEST,2,2011-06-01T12:11:00,1.65,16813,United Kingdom
555202,84206C,CHAMPAGNE TRAY BLANK CARD,5,2011-06-01T12:11:00,0.19,16813,United Kingdom
555202,84536B,FAIRY CAKES NOTEBOOK A7 SIZE,2,2011-06-01T12:11:00,0.42,16813,United Kingdom
555202,84535B,FAIRY CAKES NOTEBOOK A6 SIZE,2,2011-06-01T12:11:00,0.65,16813,United Kingdom
555202,84536A,ENGLISH ROSE NOTEBOOK A7 SIZE,2,2011-06-01T12:11:00,0.42,16813,United Kingdom
555202,82613D,METAL SIGN CUPCAKE SINGLE HOOK,1,2011-06-01T12:11:00,1.25,16813,United Kingdom
555202,82613B,"METAL SIGN,CUPCAKE SINGLE HOOK",1,2011-06-01T12:11:00,1.25,16813,United Kingdom
555202,84663A,GRASS HOPPER WOODEN WALL CLOCK ,1,2011-06-01T12:11:00,5.95,16813,United Kingdom
555202,84660A,WHITE STITCHED WALL CLOCK,1,2011-06-01T12:11:00,3.75,16813,United Kingdom
555202,84755,COLOUR GLASS T-LIGHT HOLDER HANGING,8,2011-06-01T12:11:00,0.65,16813,United Kingdom
555202,37448,CERAMIC CAKE DESIGN SPOTTED MUG,1,2011-06-01T12:11:00,1.49,16813,United Kingdom
555203,22912,YELLOW COAT RACK PARIS FASHION,6,2011-06-01T12:13:00,4.95,17191,United Kingdom
555203,84406B,CREAM CUPID HEARTS COAT HANGER,8,2011-06-01T12:13:00,4.15,17191,United Kingdom
555203,22173,METAL 4 HOOK HANGER FRENCH CHATEAU,8,2011-06-01T12:13:00,2.95,17191,United Kingdom
555203,82551,LAUNDRY 15C METAL SIGN,2,2011-06-01T12:13:00,1.45,17191,United Kingdom
555203,82552,WASHROOM METAL SIGN,2,2011-06-01T12:13:00,1.45,17191,United Kingdom
555203,82482,WOODEN PICTURE FRAME WHITE FINISH,6,2011-06-01T12:13:00,2.55,17191,United Kingdom
555203,22832,BROCANTE SHELF WITH HOOKS,1,2011-06-01T12:13:00,10.75,17191,United Kingdom
555203,85123A,WHITE HANGING HEART T-LIGHT HOLDER,6,2011-06-01T12:13:00,2.95,17191,United Kingdom
555203,22212,FOUR HOOK  WHITE LOVEBIRDS,4,2011-06-01T12:13:00,2.1,17191,United Kingdom
555203,23280,FOLDING BUTTERFLY MIRROR HOT PINK ,3,2011-06-01T12:13:00,0.83,17191,United Kingdom
555203,23281,FOLDING BUTTERFLY MIRROR RED  ,3,2011-06-01T12:13:00,0.83,17191,United Kingdom
555203,23282,FOLDING BUTTERFLY MIRROR IVORY ,6,2011-06-01T12:13:00,0.83,17191,United Kingdom
555203,23162,REGENCY TEA STRAINER,1,2011-06-01T12:13:00,3.75,17191,United Kingdom
555203,21591,COSY HOUR CIGAR BOX MATCHES ,1,2011-06-01T12:13:00,1.25,17191,United Kingdom
555203,22773,GREEN DRAWER KNOB ACRYLIC EDWARDIAN,12,2011-06-01T12:13:00,1.25,17191,United Kingdom
555203,22771,CLEAR DRAWER KNOB ACRYLIC EDWARDIAN,12,2011-06-01T12:13:00,1.25,17191,United Kingdom
555203,22822,CREAM WALL PLANTER HEART SHAPED,2,2011-06-01T12:13:00,5.95,17191,United Kingdom
555203,21715,GIRLS VINTAGE TIN SEASIDE BUCKET,3,2011-06-01T12:13:00,2.55,17191,United Kingdom
555203,82578,KITCHEN METAL SIGN,7,2011-06-01T12:13:00,0.55,17191,United Kingdom
555203,82581,TOILET METAL SIGN,2,2011-06-01T12:13:00,0.55,17191,United Kingdom
555203,82580,BATHROOM METAL SIGN,2,2011-06-01T12:13:00,0.55,17191,United Kingdom
555203,23253,16 PIECE CUTLERY SET PANTRY DESIGN,1,2011-06-01T12:13:00,15.95,17191,United Kingdom
555203,22500,SET OF 2 TINS JARDIN DE PROVENCE,2,2011-06-01T12:13:00,4.95,17191,United Kingdom
555203,22672,FRENCH BATHROOM SIGN BLUE METAL,3,2011-06-01T12:13:00,1.65,17191,United Kingdom
555203,22675,FRENCH KITCHEN SIGN BLUE METAL,4,2011-06-01T12:13:00,1.25,17191,United Kingdom
555203,84836,ZINC METAL HEART DECORATION,5,2011-06-01T12:13:00,1.25,17191,United Kingdom
555203,22335,HEART DECORATION PAINTED ZINC ,6,2011-06-01T12:13:00,0.65,17191,United Kingdom
555203,21390,FILIGRIS HEART WITH BUTTERFLY,7,2011-06-01T12:13:00,1.25,17191,United Kingdom
555203,21272,SALLE DE BAIN HOOK,6,2011-06-01T12:13:00,1.25,17191,United Kingdom
555203,23107,WHITE HEARTS WIRE PLANT POT HOLDER,8,2011-06-01T12:13:00,2.89,17191,United Kingdom
555203,23146,TRIPLE HOOK ANTIQUE IVORY ROSE,4,2011-06-01T12:13:00,3.29,17191,United Kingdom
555203,21136,PAINTED METAL PEARS ASSORTED,4,2011-06-01T12:13:00,1.69,17191,United Kingdom
555203,84849D,HOT BATHS SOAP HOLDER,3,2011-06-01T12:13:00,1.69,17191,United Kingdom
555203,47566,PARTY BUNTING,3,2011-06-01T12:13:00,4.95,17191,United Kingdom
555203,22721,SET OF 3 CAKE TINS SKETCHBOOK,2,2011-06-01T12:13:00,4.95,17191,United Kingdom
555203,21034,REX CASH+CARRY JUMBO SHOPPER,5,2011-06-01T12:13:00,0.95,17191,United Kingdom
555207,23100,SILVER BELLS TABLE DECORATION,12,2011-06-01T12:19:00,1.25,16818,United Kingdom
555207,23101,SILVER STARS TABLE DECORATION,12,2011-06-01T12:19:00,0.83,16818,United Kingdom
555207,23103,JINGLE BELL HEART DECORATION,24,2011-06-01T12:19:00,1.65,16818,United Kingdom
555207,23112,PARISIENNE CURIO CABINET,2,2011-06-01T12:19:00,7.5,16818,United Kingdom
555207,23214,JINGLE BELL HEART ANTIQUE GOLD,12,2011-06-01T12:19:00,2.08,16818,United Kingdom
555207,23215,JINGLE BELL HEART ANTIQUE SILVER,12,2011-06-01T12:19:00,2.08,16818,United Kingdom
555207,21090,SET/6 COLLAGE PAPER PLATES,12,2011-06-01T12:19:00,0.39,16818,United Kingdom
555207,22178,VICTORIAN GLASS HANGING T-LIGHT,12,2011-06-01T12:19:00,1.25,16818,United Kingdom
555207,22460,EMBOSSED GLASS TEALIGHT HOLDER,12,2011-06-01T12:19:00,1.25,16818,United Kingdom
555207,23055,IVORY CHANDELIER T-LIGHT HOLDER,3,2011-06-01T12:19:00,6.25,16818,United Kingdom
555207,84978,HANGING HEART JAR T-LIGHT HOLDER,12,2011-06-01T12:19:00,1.25,16818,United Kingdom
555207,85062,PEARL CRYSTAL PUMPKIN T-LIGHT HLDR,12,2011-06-01T12:19:00,1.65,16818,United Kingdom
555207,22102,MIRROR MOSAIC T-LIGHT HOLDER ,6,2011-06-01T12:19:00,1.65,16818,United Kingdom
555207,85039B,S/4 IVORY MINI ROSE CANDLE IN BOWL,12,2011-06-01T12:19:00,1.65,16818,United Kingdom
555207,85039C,S/4 BLACK MINI ROSE CANDLE IN BOWL,12,2011-06-01T12:19:00,1.65,16818,United Kingdom
555207,22808,SET OF 6 T-LIGHTS EASTER CHICKS,6,2011-06-01T12:19:00,2.95,16818,United Kingdom
555207,21135,VICTORIAN  METAL POSTCARD SPRING,8,2011-06-01T12:19:00,1.69,16818,United Kingdom
555207,22469,HEART OF WICKER SMALL,12,2011-06-01T12:19:00,1.65,16818,United Kingdom
555207,22470,HEART OF WICKER LARGE,12,2011-06-01T12:19:00,2.95,16818,United Kingdom
555207,22156,HEART DECORATION WITH PEARLS ,12,2011-06-01T12:19:00,0.85,16818,United Kingdom
555207,20830,SILVER PHOTO FRAME,6,2011-06-01T12:19:00,2.1,16818,United Kingdom
555207,21669,BLUE STRIPE CERAMIC DRAWER KNOB,12,2011-06-01T12:19:00,1.25,16818,United Kingdom
555207,22771,CLEAR DRAWER KNOB ACRYLIC EDWARDIAN,12,2011-06-01T12:19:00,1.25,16818,United Kingdom
555207,22393,PAPERWEIGHT VINTAGE COLLAGE,6,2011-06-01T12:19:00,2.55,16818,United Kingdom
555213,84946,ANTIQUE SILVER T-LIGHT GLASS,72,2011-06-01T12:22:00,1.06,13094,United Kingdom
555213,22791,T-LIGHT GLASS FLUTED ANTIQUE,72,2011-06-01T12:22:00,1.06,13094,United Kingdom
555232,21892,TRADITIONAL WOODEN CATCH CUP GAME ,30,2011-06-01T12:33:00,1.25,14597,United Kingdom
555232,21891,TRADITIONAL WOODEN SKIPPING ROPE,30,2011-06-01T12:33:00,1.45,14597,United Kingdom
555232,22646,CERAMIC STRAWBERRY CAKE MONEY BANK,58,2011-06-01T12:33:00,1.45,14597,United Kingdom
555233,21089,SET/6 GREEN SPRING PAPER CUPS,12,2011-06-01T12:46:00,0.19,13917,United Kingdom
555233,22457,NATURAL SLATE HEART CHALKBOARD ,6,2011-06-01T12:46:00,2.95,13917,United Kingdom
555233,22487,WHITE WOOD GARDEN PLANT LADDER,2,2011-06-01T12:46:00,9.95,13917,United Kingdom
555233,22110,BIRD HOUSE HOT WATER BOTTLE,6,2011-06-01T12:46:00,2.55,13917,United Kingdom
555233,22595,GINGHAM HEART DECORATION,12,2011-06-01T12:46:00,0.85,13917,United Kingdom
555234,48185,DOORMAT FAIRY CAKE,3,2011-06-01T12:54:00,7.95,14515,United Kingdom
555234,48194,DOORMAT HEARTS,6,2011-06-01T12:54:00,7.95,14515,United Kingdom
555234,48188,DOORMAT WELCOME PUPPIES,2,2011-06-01T12:54:00,7.95,14515,United Kingdom
555234,22189,CREAM HEART CARD HOLDER,10,2011-06-01T12:54:00,3.95,14515,United Kingdom
555234,22178,VICTORIAN GLASS HANGING T-LIGHT,24,2011-06-01T12:54:00,1.25,14515,United Kingdom
555234,84755,COLOUR GLASS T-LIGHT HOLDER HANGING,96,2011-06-01T12:54:00,0.65,14515,United Kingdom
555234,22851,SET 20 NAPKINS FAIRY CAKES DESIGN ,1,2011-06-01T12:54:00,0.85,14515,United Kingdom
555234,22907,PACK OF 20 NAPKINS PANTRY DESIGN,2,2011-06-01T12:54:00,0.85,14515,United Kingdom
555234,85099B,JUMBO BAG RED RETROSPOT,10,2011-06-01T12:54:00,2.08,14515,United Kingdom
555234,23202,JUMBO BAG VINTAGE LEAF,10,2011-06-01T12:54:00,2.08,14515,United Kingdom
555234,23201,JUMBO BAG ALPHABET,6,2011-06-01T12:54:00,2.08,14515,United Kingdom
555234,23057,BEADED CHANDELIER T-LIGHT HOLDER,5,2011-06-01T12:54:00,4.95,14515,United Kingdom
555234,23203,JUMBO BAG DOILEY PATTERNS,9,2011-06-01T12:54:00,2.08,14515,United Kingdom
555234,23200,JUMBO BAG PEARS,10,2011-06-01T12:54:00,2.08,14515,United Kingdom
C555239,22722,SET OF 6 SPICE TINS PANTRY DESIGN,-1,2011-06-01T13:00:00,3.95,15039,United Kingdom
555240,22668,PINK BABY BUNTING,5,2011-06-01T13:07:00,2.95,15039,United Kingdom
555240,21242,RED RETROSPOT PLATE ,4,2011-06-01T13:07:00,1.69,15039,United Kingdom
555240,20676,RED RETROSPOT BOWL,12,2011-06-01T13:07:00,1.25,15039,United Kingdom
555240,21238,RED RETROSPOT CUP,4,2011-06-01T13:07:00,0.85,15039,United Kingdom
555240,21977,PACK OF 60 PINK PAISLEY CAKE CASES,4,2011-06-01T13:07:00,0.55,15039,United Kingdom
555240,22916,HERB MARKER THYME,1,2011-06-01T13:07:00,0.65,15039,United Kingdom
555240,22920,HERB MARKER BASIL,2,2011-06-01T13:07:00,0.65,15039,United Kingdom
555240,22921,HERB MARKER CHIVES ,2,2011-06-01T13:07:00,0.65,15039,United Kingdom
555240,22917,HERB MARKER ROSEMARY,2,2011-06-01T13:07:00,0.65,15039,United Kingdom
555240,22919,HERB MARKER MINT,2,2011-06-01T13:07:00,0.65,15039,United Kingdom
555240,22918,HERB MARKER PARSLEY,2,2011-06-01T13:07:00,0.65,15039,United Kingdom
555240,22357,KINGS CHOICE BISCUIT TIN,1,2011-06-01T13:07:00,4.25,15039,United Kingdom
555240,21213,PACK OF 72 SKULL CAKE CASES,5,2011-06-01T13:07:00,0.55,15039,United Kingdom
555240,22197,SMALL POPCORN HOLDER,4,2011-06-01T13:07:00,0.85,15039,United Kingdom
555240,21462,"NURSERY A,B,C PAINTED LETTERS",1,2011-06-01T13:07:00,6.75,15039,United Kingdom
555240,22171,3 HOOK PHOTO SHELF ANTIQUE WHITE,4,2011-06-01T13:07:00,8.5,15039,United Kingdom
555240,71053,WHITE METAL LANTERN,1,2011-06-01T13:07:00,3.75,15039,United Kingdom
555240,21973,SET OF 36 MUSHROOM PAPER DOILIES,7,2011-06-01T13:07:00,1.45,15039,United Kingdom
555240,21987,PACK OF 6 SKULL PAPER CUPS,5,2011-06-01T13:07:00,0.65,15039,United Kingdom
555240,22316,200 BENDY SKULL STRAWS,2,2011-06-01T13:07:00,1.25,15039,United Kingdom
555240,21988,PACK OF 6 SKULL PAPER PLATES,3,2011-06-01T13:07:00,0.85,15039,United Kingdom
555240,21989,PACK OF 20 SKULL PAPER NAPKINS,5,2011-06-01T13:07:00,0.85,15039,United Kingdom
555240,21086,SET/6 RED SPOTTY PAPER CUPS,3,2011-06-01T13:07:00,0.65,15039,United Kingdom
555240,23206,LUNCH BAG APPLE DESIGN,2,2011-06-01T13:07:00,1.65,15039,United Kingdom
555240,22383,LUNCH BAG SUKI DESIGN ,4,2011-06-01T13:07:00,1.65,15039,United Kingdom
555240,20727,LUNCH BAG  BLACK SKULL.,3,2011-06-01T13:07:00,1.65,15039,United Kingdom
555240,84212,"ASSORTED FLOWER COLOUR ""LEIS""",48,2011-06-01T13:07:00,0.65,15039,United Kingdom
555240,47599B,BLUE PARTY BAGS ,3,2011-06-01T13:07:00,2.1,15039,United Kingdom
555240,47599A,PINK PARTY BAGS,8,2011-06-01T13:07:00,2.1,15039,United Kingdom
555240,22690,DOORMAT HOME SWEET HOME BLUE ,1,2011-06-01T13:07:00,7.95,15039,United Kingdom
555240,48194,DOORMAT HEARTS,1,2011-06-01T13:07:00,7.95,15039,United Kingdom
555241,22824,3 TIER SWEETHEART GARDEN SHELF,1,2011-06-01T13:32:00,35.95,14377,United Kingdom
555241,22487,WHITE WOOD GARDEN PLANT LADDER,2,2011-06-01T13:32:00,9.95,14377,United Kingdom
555241,22784,LANTERN CREAM GAZEBO ,24,2011-06-01T13:32:00,4.25,14377,United Kingdom
555241,22427,ENAMEL FLOWER JUG CREAM,3,2011-06-01T13:32:00,5.95,14377,United Kingdom
555241,22783,SET 3 WICKER OVAL BASKETS W LIDS,1,2011-06-01T13:32:00,19.95,14377,United Kingdom
555241,22791,T-LIGHT GLASS FLUTED ANTIQUE,60,2011-06-01T13:32:00,1.25,14377,United Kingdom
555241,82484,WOOD BLACK BOARD ANT WHITE FINISH,4,2011-06-01T13:32:00,7.95,14377,United Kingdom
555242,48138,DOORMAT UNION FLAG,2,2011-06-01T13:40:00,7.95,16424,United Kingdom
555242,23134,LARGE ZINC HEART WALL ORGANISER,2,2011-06-01T13:40:00,8.25,16424,United Kingdom
555242,84946,ANTIQUE SILVER T-LIGHT GLASS,24,2011-06-01T13:40:00,1.25,16424,United Kingdom
555242,84879,ASSORTED COLOUR BIRD ORNAMENT,24,2011-06-01T13:40:00,1.69,16424,United Kingdom
555242,71459,HANGING JAM JAR T-LIGHT HOLDER,36,2011-06-01T13:40:00,0.85,16424,United Kingdom
555243,22470,HEART OF WICKER LARGE,12,2011-06-01T13:52:00,2.95,13475,United Kingdom
555243,22469,HEART OF WICKER SMALL,12,2011-06-01T13:52:00,1.65,13475,United Kingdom
555243,85123A,WHITE HANGING HEART T-LIGHT HOLDER,6,2011-06-01T13:52:00,2.95,13475,United Kingdom
555243,21733,RED HANGING HEART T-LIGHT HOLDER,6,2011-06-01T13:52:00,2.95,13475,United Kingdom
555243,22804,CANDLEHOLDER PINK HANGING HEART,6,2011-06-01T13:52:00,2.95,13475,United Kingdom
555243,23078,ICE CREAM PEN LIP GLOSS ,24,2011-06-01T13:52:00,1.25,13475,United Kingdom
555243,21670,BLUE SPOT CERAMIC DRAWER KNOB,12,2011-06-01T13:52:00,1.25,13475,United Kingdom
C555244,22796,PHOTO FRAME 3 CLASSIC HANGING,-4,2011-06-01T14:11:00,9.95,12779,Poland
C555244,22061,LARGE CAKE STAND  HANGING STRAWBERY,-1,2011-06-01T14:11:00,9.95,12779,Poland
C555244,21929,JUMBO BAG PINK VINTAGE PAISLEY,-2,2011-06-01T14:11:00,2.08,12779,Poland
558638,84836,ZINC METAL HEART DECORATION,12,2011-07-01T08:16:00,1.25,16317,United Kingdom
558638,71459,HANGING JAM JAR T-LIGHT HOLDER,24,2011-07-01T08:16:00,0.85,16317,United Kingdom
558638,22784,LANTERN CREAM GAZEBO ,3,2011-07-01T08:16:00,4.95,16317,United Kingdom
558638,23145,ZINC T-LIGHT HOLDER STAR LARGE,12,2011-07-01T08:16:00,0.95,16317,United Kingdom
558638,22674,FRENCH TOILET SIGN BLUE METAL,12,2011-07-01T08:16:00,1.25,16317,United Kingdom
558638,21174,POTTERING IN THE SHED METAL SIGN,12,2011-07-01T08:16:00,2.08,16317,United Kingdom
558638,22413,METAL SIGN TAKE IT OR LEAVE IT ,6,2011-07-01T08:16:00,2.95,16317,United Kingdom
558638,22726,ALARM CLOCK BAKELIKE GREEN,4,2011-07-01T08:16:00,3.75,16317,United Kingdom
558638,23032,DRAWER KNOB CRACKLE GLAZE IVORY,18,2011-07-01T08:16:00,1.65,16317,United Kingdom
558638,23251,VINTAGE RED ENAMEL TRIM MUG ,12,2011-07-01T08:16:00,1.25,16317,United Kingdom
558638,23245,SET OF 3 REGENCY CAKE TINS,4,2011-07-01T08:16:00,4.95,16317,United Kingdom
558638,23173,REGENCY TEAPOT ROSES ,4,2011-07-01T08:16:00,9.95,16317,United Kingdom
558638,22423,REGENCY CAKESTAND 3 TIER,2,2011-07-01T08:16:00,12.75,16317,United Kingdom
558638,23170,REGENCY TEA PLATE ROSES ,12,2011-07-01T08:16:00,1.65,16317,United Kingdom
558638,23162,REGENCY TEA STRAINER,4,2011-07-01T08:16:00,3.75,16317,United Kingdom
558638,23163,REGENCY SUGAR TONGS,8,2011-07-01T08:16:00,2.49,16317,United Kingdom
558638,23160,REGENCY TEA SPOON,12,2011-07-01T08:16:00,1.25,16317,United Kingdom
558638,23299,FOOD COVER WITH BEADS SET 2 ,6,2011-07-01T08:16:00,3.75,16317,United Kingdom
558638,22720,SET OF 3 CAKE TINS PANTRY DESIGN ,3,2011-07-01T08:16:00,4.95,16317,United Kingdom
558638,23243,SET OF TEA COFFEE SUGAR TINS PANTRY,4,2011-07-01T08:16:00,4.95,16317,United Kingdom
558638,23240,SET OF 4 KNICK KNACK TINS DOILEY ,6,2011-07-01T08:16:00,4.15,16317,United Kingdom
558638,23233,WRAP POPPIES  DESIGN,50,2011-07-01T08:16:00,0.42,16317,United Kingdom
558638,23108,SET OF 10 LED DOLLY LIGHTS,2,2011-07-01T08:16:00,6.25,16317,United Kingdom
558638,23307,SET OF 60 PANTRY DESIGN CAKE CASES ,24,2011-07-01T08:16:00,0.55,16317,United Kingdom
558639,22476,EMPIRE UNION JACK TV DINNER TRAY,4,2011-07-01T08:55:00,4.95,13492,Switzerland
558639,22357,KINGS CHOICE BISCUIT TIN,8,2011-07-01T08:55:00,4.25,13492,Switzerland
558639,20685,DOORMAT RED RETROSPOT,2,2011-07-01T08:55:00,7.95,13492,Switzerland
558639,22366,DOORMAT AIRMAIL ,4,2011-07-01T08:55:00,7.95,13492,Switzerland
558639,21524,DOORMAT SPOTTY HOME SWEET HOME,4,2011-07-01T08:55:00,7.95,13492,Switzerland
558639,21936,RED RETROSPOT PICNIC BAG,10,2011-07-01T08:55:00,2.95,13492,Switzerland
558639,22383,LUNCH BAG SUKI DESIGN ,10,2011-07-01T08:55:00,1.65,13492,Switzerland
558639,23209,LUNCH BAG DOILEY PATTERN ,20,2011-07-01T08:55:00,1.65,13492,Switzerland
558639,23208,LUNCH BAG VINTAGE LEAF DESIGN,20,2011-07-01T08:55:00,1.65,13492,Switzerland
558639,23207,LUNCH BAG ALPHABET DESIGN,20,2011-07-01T08:55:00,1.65,13492,Switzerland
558639,23206,LUNCH BAG APPLE DESIGN,10,2011-07-01T08:55:00,1.65,13492,Switzerland
558639,20726,LUNCH BAG WOODLAND,20,2011-07-01T08:55:00,1.65,13492,Switzerland
558639,20725,LUNCH BAG RED RETROSPOT,20,2011-07-01T08:55:00,1.65,13492,Switzerland
558640,21094,SET/6 RED SPOTTY PAPER PLATES,12,2011-07-01T08:58:00,0.85,14911,EIRE
558640,21080,SET/20 RED RETROSPOT PAPER NAPKINS ,12,2011-07-01T08:58:00,0.85,14911,EIRE
558640,21770,OPEN CLOSED METAL SIGN,2,2011-07-01T08:58:00,4.95,14911,EIRE
558640,22969,HOMEMADE JAM SCENTED CANDLES,12,2011-07-01T08:58:00,1.45,14911,EIRE
558640,C2,CARRIAGE,1,2011-07-01T08:58:00,50,14911,EIRE
558640,22704,WRAP RED APPLES ,25,2011-07-01T08:58:00,0.42,14911,EIRE
558640,21467,CHERRY CROCHET FOOD COVER,6,2011-07-01T08:58:00,3.75,14911,EIRE
558640,21086,SET/6 RED SPOTTY PAPER CUPS,12,2011-07-01T08:58:00,0.65,14911,EIRE
558641,23173,REGENCY TEAPOT ROSES ,4,2011-07-01T09:19:00,9.95,17865,United Kingdom
558641,23174,REGENCY SUGAR BOWL GREEN,4,2011-07-01T09:19:00,4.15,17865,United Kingdom
558641,23175,REGENCY MILK JUG PINK ,4,2011-07-01T09:19:00,3.25,17865,United Kingdom
558641,21171,BATHROOM METAL SIGN ,12,2011-07-01T09:19:00,1.45,17865,United Kingdom
558641,82580,BATHROOM METAL SIGN,12,2011-07-01T09:19:00,0.55,17865,United Kingdom
558641,23182,TOILET SIGN OCCUPIED OR VACANT,24,2011-07-01T09:19:00,0.83,17865,United Kingdom
558641,82581,TOILET METAL SIGN,12,2011-07-01T09:19:00,0.55,17865,United Kingdom
558641,82552,WASHROOM METAL SIGN,12,2011-07-01T09:19:00,1.45,17865,United Kingdom
558641,22670,FRENCH WC SIGN BLUE METAL,12,2011-07-01T09:19:00,1.25,17865,United Kingdom
558641,21166,COOK WITH WINE METAL SIGN ,12,2011-07-01T09:19:00,2.08,17865,United Kingdom
558641,22413,METAL SIGN TAKE IT OR LEAVE IT ,6,2011-07-01T09:19:00,2.95,17865,United Kingdom
558641,21175,GIN + TONIC DIET METAL SIGN,12,2011-07-01T09:19:00,2.55,17865,United Kingdom
558641,22115,METAL SIGN EMPIRE TEA,6,2011-07-01T09:19:00,2.95,17865,United Kingdom
558641,85152,HAND OVER THE CHOCOLATE   SIGN ,12,2011-07-01T09:19:00,2.1,17865,United Kingdom
558641,21164,HOME SWEET HOME METAL SIGN ,18,2011-07-01T09:19:00,2.95,17865,United Kingdom
558641,21172,PARTY METAL SIGN ,12,2011-07-01T09:19:00,1.45,17865,United Kingdom
558641,21770,OPEN CLOSED METAL SIGN,6,2011-07-01T09:19:00,4.95,17865,United Kingdom
558641,21165,BEWARE OF THE CAT METAL SIGN ,12,2011-07-01T09:19:00,1.69,17865,United Kingdom
558641,21903,MAN FLU METAL SIGN,12,2011-07-01T09:19:00,2.1,17865,United Kingdom
558641,21169,YOU'RE CONFUSING ME METAL SIGN ,12,2011-07-01T09:19:00,1.69,17865,United Kingdom
558641,21905,MORE BUTTER METAL SIGN ,12,2011-07-01T09:19:00,2.1,17865,United Kingdom
558641,21907,I'M ON HOLIDAY METAL SIGN,12,2011-07-01T09:19:00,2.1,17865,United Kingdom
558641,82582,AREA PATROLLED METAL SIGN,12,2011-07-01T09:19:00,2.1,17865,United Kingdom
558641,21908,CHOCOLATE THIS WAY METAL SIGN,24,2011-07-01T09:19:00,2.1,17865,United Kingdom
558641,82567,"AIRLINE LOUNGE,METAL SIGN",12,2011-07-01T09:19:00,2.1,17865,United Kingdom
558641,82600,NO SINGING METAL SIGN,12,2011-07-01T09:19:00,2.1,17865,United Kingdom
558641,21843,RED RETROSPOT CAKE STAND,2,2011-07-01T09:19:00,10.95,17865,United Kingdom
558641,22423,REGENCY CAKESTAND 3 TIER,16,2011-07-01T09:19:00,10.95,17865,United Kingdom
558641,21626,VINTAGE UNION JACK PENNANT,12,2011-07-01T09:19:00,1.95,17865,United Kingdom
558642,23202,JUMBO BAG VINTAGE LEAF,10,2011-07-01T09:47:00,2.08,17667,United Kingdom
558642,85099B,JUMBO BAG RED RETROSPOT,10,2011-07-01T09:47:00,2.08,17667,United Kingdom
558642,20724,RED RETROSPOT CHARLOTTE BAG,10,2011-07-01T09:47:00,0.85,17667,United Kingdom
558642,22061,LARGE CAKE STAND  HANGING STRAWBERY,2,2011-07-01T09:47:00,9.95,17667,United Kingdom
558642,37446,MINI CAKE STAND WITH HANGING CAKES,8,2011-07-01T09:47:00,1.45,17667,United Kingdom
558642,21232,STRAWBERRY CERAMIC TRINKET BOX,12,2011-07-01T09:47:00,1.25,17667,United Kingdom
558642,20972,PINK CREAM FELT CRAFT TRINKET BOX ,12,2011-07-01T09:47:00,1.25,17667,United Kingdom
558642,21922,UNION STRIPE WITH FRINGE  HAMMOCK,2,2011-07-01T09:47:00,7.95,17667,United Kingdom
558642,21900,"KEY FOB , SHED",24,2011-07-01T09:47:00,0.65,17667,United Kingdom
558642,22605,WOODEN CROQUET GARDEN SET,4,2011-07-01T09:47:00,12.75,17667,United Kingdom
558642,85175,CACTI T-LIGHT CANDLES,32,2011-07-01T09:47:00,0.42,17667,United Kingdom
558642,22925,BLUE GIANT GARDEN THERMOMETER,2,2011-07-01T09:47:00,5.95,17667,United Kingdom
558642,22928,YELLOW GIANT GARDEN THERMOMETER,2,2011-07-01T09:47:00,5.95,17667,United Kingdom
558642,22173,METAL 4 HOOK HANGER FRENCH CHATEAU,8,2011-07-01T09:47:00,2.95,17667,United Kingdom
558642,23299,FOOD COVER WITH BEADS SET 2 ,6,2011-07-01T09:47:00,3.75,17667,United Kingdom
558642,23243,SET OF TEA COFFEE SUGAR TINS PANTRY,4,2011-07-01T09:47:00,4.95,17667,United Kingdom
558642,22961,JAM MAKING SET PRINTED,12,2011-07-01T09:47:00,1.45,17667,United Kingdom
558642,22424,ENAMEL BREAD BIN CREAM,1,2011-07-01T09:47:00,12.75,17667,United Kingdom
558642,47566,PARTY BUNTING,8,2011-07-01T09:47:00,4.95,17667,United Kingdom
558642,23298,SPOTTY BUNTING,3,2011-07-01T09:47:00,4.95,17667,United Kingdom
558642,20718,RED RETROSPOT SHOPPER BAG,10,2011-07-01T09:47:00,1.25,17667,United Kingdom
558643,23110,PARISIENNE KEY CABINET ,2,2011-07-01T09:51:00,5.75,13534,United Kingdom
558643,21928,JUMBO BAG SCANDINAVIAN BLUE PAISLEY,20,2011-07-01T09:51:00,2.08,13534,United Kingdom
558643,21930,JUMBO STORAGE BAG SKULLS,10,2011-07-01T09:51:00,2.08,13534,United Kingdom
558643,20713,JUMBO BAG OWLS,20,2011-07-01T09:51:00,2.08,13534,United Kingdom
558643,21929,JUMBO BAG PINK VINTAGE PAISLEY,10,2011-07-01T09:51:00,2.08,13534,United Kingdom
558643,22663,JUMBO BAG DOLLY GIRL DESIGN,10,2011-07-01T09:51:00,2.08,13534,United Kingdom
558643,23199,JUMBO BAG APPLES,10,2011-07-01T09:51:00,2.08,13534,United Kingdom
558643,23200,JUMBO BAG PEARS,20,2011-07-01T09:51:00,2.08,13534,United Kingdom
558643,22386,JUMBO BAG PINK POLKADOT,20,2011-07-01T09:51:00,2.08,13534,United Kingdom
558643,85099C,JUMBO  BAG BAROQUE BLACK WHITE,20,2011-07-01T09:51:00,2.08,13534,United Kingdom
558643,23202,JUMBO BAG VINTAGE LEAF,10,2011-07-01T09:51:00,2.08,13534,United Kingdom
558643,85099B,JUMBO BAG RED RETROSPOT,20,2011-07-01T09:51:00,2.08,13534,United Kingdom
558643,23203,JUMBO BAG DOILEY PATTERNS,10,2011-07-01T09:51:00,2.08,13534,United Kingdom
558643,20718,RED RETROSPOT SHOPPER BAG,10,2011-07-01T09:51:00,1.25,13534,United Kingdom
558643,20717,STRAWBERRY SHOPPER BAG,10,2011-07-01T09:51:00,1.25,13534,United Kingdom
558644,C2,CARRIAGE,1,2011-07-01T10:16:00,50,14156,EIRE
558644,84078A,SET/4 WHITE RETRO STORAGE CUBES ,18,2011-07-01T10:16:00,34.95,14156,EIRE
558647,22384,LUNCH BAG PINK POLKADOT,10,2011-07-01T10:39:00,1.65,14868,United Kingdom
558647,23209,LUNCH BAG DOILEY PATTERN ,10,2011-07-01T10:39:00,1.65,14868,United Kingdom
558647,22273,FELTCRAFT DOLL MOLLY,6,2011-07-01T10:39:00,2.95,14868,United Kingdom
558647,20969,RED FLORAL FELTCRAFT SHOULDER BAG,4,2011-07-01T10:39:00,3.75,14868,United Kingdom
558647,20970,PINK FLORAL FELTCRAFT SHOULDER BAG,4,2011-07-01T10:39:00,3.75,14868,United Kingdom
558647,22150,3 STRIPEY MICE FELTCRAFT,6,2011-07-01T10:39:00,1.95,14868,United Kingdom
558647,22147,FELTCRAFT BUTTERFLY HEARTS,12,2011-07-01T10:39:00,1.45,14868,United Kingdom
558647,71477,COLOUR GLASS. STAR T-LIGHT HOLDER,4,2011-07-01T10:39:00,3.25,14868,United Kingdom
558647,21912,VINTAGE SNAKES & LADDERS,4,2011-07-01T10:39:00,3.75,14868,United Kingdom
558647,23229,VINTAGE DONKEY TAIL GAME ,6,2011-07-01T10:39:00,3.75,14868,United Kingdom
558647,22605,WOODEN CROQUET GARDEN SET,4,2011-07-01T10:39:00,12.75,14868,United Kingdom
558647,22570,FELTCRAFT CUSHION RABBIT,4,2011-07-01T10:39:00,3.75,14868,United Kingdom
558647,22568,FELTCRAFT CUSHION OWL,4,2011-07-01T10:39:00,3.75,14868,United Kingdom
558647,23119,PACK OF 6 LARGE FRUIT STRAWS ,12,2011-07-01T10:39:00,0.62,14868,United Kingdom
558647,22493,PAINT YOUR OWN CANVAS SET,12,2011-07-01T10:39:00,1.65,14868,United Kingdom
558647,20972,PINK CREAM FELT CRAFT TRINKET BOX ,12,2011-07-01T10:39:00,1.25,14868,United Kingdom
558647,20971,PINK BLUE FELT CRAFT TRINKET BOX,12,2011-07-01T10:39:00,1.25,14868,United Kingdom
558647,22758,LARGE PURPLE BABUSHKA NOTEBOOK  ,12,2011-07-01T10:39:00,1.25,14868,United Kingdom
558647,22754,SMALL RED BABUSHKA NOTEBOOK ,12,2011-07-01T10:39:00,0.85,14868,United Kingdom
558647,22752,SET 7 BABUSHKA NESTING BOXES,2,2011-07-01T10:39:00,8.5,14868,United Kingdom
558647,21935,SUKI  SHOULDER BAG,10,2011-07-01T10:39:00,1.65,14868,United Kingdom
558647,21934,SKULL SHOULDER BAG,10,2011-07-01T10:39:00,1.65,14868,United Kingdom
558647,22382,LUNCH BAG SPACEBOY DESIGN ,10,2011-07-01T10:39:00,1.65,14868,United Kingdom
558647,23206,LUNCH BAG APPLE DESIGN,10,2011-07-01T10:39:00,1.65,14868,United Kingdom
558647,20727,LUNCH BAG  BLACK SKULL.,10,2011-07-01T10:39:00,1.65,14868,United Kingdom
558647,22383,LUNCH BAG SUKI DESIGN ,10,2011-07-01T10:39:00,1.65,14868,United Kingdom
558653,22961,JAM MAKING SET PRINTED,12,2011-07-01T10:40:00,1.45,14868,United Kingdom
558663,23574,,100,2011-07-01T10:44:00,0,,United Kingdom
558671,85152,HAND OVER THE CHOCOLATE   SIGN ,12,2011-07-01T10:47:00,2.1,17123,United Kingdom
558671,82600,NO SINGING METAL SIGN,12,2011-07-01T10:47:00,2.1,17123,United Kingdom
558671,22639,SET OF 4 NAPKIN CHARMS HEARTS,12,2011-07-01T10:47:00,2.55,17123,United Kingdom
558671,22296,HEART IVORY TRELLIS LARGE,24,2011-07-01T10:47:00,1.65,17123,United Kingdom
558671,22297,HEART IVORY TRELLIS SMALL,24,2011-07-01T10:47:00,1.25,17123,United Kingdom
558671,23227,FILIGREE HEART BUTTERFLY WHITE ,24,2011-07-01T10:47:00,1.25,17123,United Kingdom
558671,23226,FILIGREE HEART DAISY WHITE,24,2011-07-01T10:47:00,1.25,17123,United Kingdom
558671,85123A,WHITE HANGING HEART T-LIGHT HOLDER,18,2011-07-01T10:47:00,2.95,17123,United Kingdom
558671,75049L,LARGE CIRCULAR MIRROR MOBILE,96,2011-07-01T10:47:00,0.85,17123,United Kingdom
558679,M,Manual,1,2011-07-01T10:58:00,1,17800,United Kingdom
558679,22383,LUNCH BAG SUKI DESIGN ,3,2011-07-01T10:58:00,1.65,17800,United Kingdom
558679,22332,SKULLS PARTY BAG + STICKER SET,3,2011-07-01T10:58:00,1.65,17800,United Kingdom
558679,47599A,PINK PARTY BAGS,2,2011-07-01T10:58:00,2.1,17800,United Kingdom
558679,47599B,BLUE PARTY BAGS ,2,2011-07-01T10:58:00,2.1,17800,United Kingdom
558679,20728,LUNCH BAG CARS BLUE,2,2011-07-01T10:58:00,1.65,17800,United Kingdom
558679,22149,FELTCRAFT 6 FLOWER FRIENDS,7,2011-07-01T10:58:00,2.1,17800,United Kingdom
558679,22147,FELTCRAFT BUTTERFLY HEARTS,4,2011-07-01T10:58:00,1.45,17800,United Kingdom
558679,10133,COLOURING PENCILS BROWN TUBE,20,2011-07-01T10:58:00,0.42,17800,United Kingdom
558679,20974,12 PENCILS SMALL TUBE SKULL,1,2011-07-01T10:58:00,0.65,17800,United Kingdom
558679,22737,RIBBON REEL CHRISTMAS PRESENT ,5,2011-07-01T10:58:00,1.65,17800,United Kingdom
558679,22739,RIBBON REEL CHRISTMAS SOCK BAUBLE,5,2011-07-01T10:58:00,1.65,17800,United Kingdom
558679,22736,RIBBON REEL MAKING SNOWMEN ,5,2011-07-01T10:58:00,1.65,17800,United Kingdom
558679,22150,3 STRIPEY MICE FELTCRAFT,6,2011-07-01T10:58:00,1.95,17800,United Kingdom
558679,22147,FELTCRAFT BUTTERFLY HEARTS,2,2011-07-01T10:58:00,1.45,17800,United Kingdom
558679,47566B,TEA TIME PARTY BUNTING,3,2011-07-01T10:58:00,4.95,17800,United Kingdom
558679,20727,LUNCH BAG  BLACK SKULL.,2,2011-07-01T10:58:00,1.65,17800,United Kingdom
558679,22144,CHRISTMAS CRAFT LITTLE FRIENDS,1,2011-07-01T10:58:00,2.1,17800,United Kingdom
558679,22142,CHRISTMAS CRAFT WHITE FAIRY ,1,2011-07-01T10:58:00,1.45,17800,United Kingdom
558679,22141,CHRISTMAS CRAFT TREE TOP ANGEL,1,2011-07-01T10:58:00,2.1,17800,United Kingdom
558679,20725,LUNCH BAG RED RETROSPOT,2,2011-07-01T10:58:00,1.65,17800,United Kingdom
558679,47599A,PINK PARTY BAGS,3,2011-07-01T10:58:00,2.1,17800,United Kingdom
558680,20711,JUMBO BAG TOYS ,1,2011-07-01T11:19:00,4.13,,United Kingdom
558680,21116,OWL DOORSTOP,1,2011-07-01T11:19:00,8.29,,United Kingdom
558680,21166,COOK WITH WINE METAL SIGN ,1,2011-07-01T11:19:00,4.13,,United Kingdom
558680,21175,GIN + TONIC DIET METAL SIGN,1,2011-07-01T11:19:00,4.96,,United Kingdom
558680,21206,STRAWBERRY HONEYCOMB  GARLAND ,1,2011-07-01T11:19:00,3.29,,United Kingdom
558680,21358,TOAST ITS - HAPPY BIRTHDAY,1,2011-07-01T11:19:00,2.46,,United Kingdom
558680,21411,GINGHAM HEART  DOORSTOP RED,1,2011-07-01T11:19:00,8.29,,United Kingdom
558680,21724,PANDA AND BUNNIES STICKER SHEET,1,2011-07-01T11:19:00,1.63,,United Kingdom
558680,21930,JUMBO STORAGE BAG SKULLS,1,2011-07-01T11:19:00,4.96,,United Kingdom
558680,22089,PAPER BUNTING VINTAGE PAISLEY,1,2011-07-01T11:19:00,4.13,,United Kingdom
558680,22171,3 HOOK PHOTO SHELF ANTIQUE WHITE,1,2011-07-01T11:19:00,16.63,,United Kingdom
558680,22219,LOVEBIRD HANGING DECORATION WHITE ,1,2011-07-01T11:19:00,1.63,,United Kingdom
558680,22352,LUNCH BOX WITH CUTLERY RETROSPOT ,1,2011-07-01T11:19:00,4.96,,United Kingdom
558680,22379,RECYCLING BAG RETROSPOT ,1,2011-07-01T11:19:00,4.96,,United Kingdom
558680,22386,JUMBO BAG PINK POLKADOT,2,2011-07-01T11:19:00,4.13,,United Kingdom
558680,22411,JUMBO SHOPPER VINTAGE RED PAISLEY,2,2011-07-01T11:19:00,4.13,,United Kingdom
558680,22630,DOLLY GIRL LUNCH BOX,1,2011-07-01T11:19:00,2.46,,United Kingdom
558680,22964,3 PIECE SPACEBOY COOKIE CUTTER SET,1,2011-07-01T11:19:00,4.13,,United Kingdom
558680,23014,GLASS APOTHECARY BOTTLE ELIXIR,1,2011-07-01T11:19:00,8.29,,United Kingdom
558680,23032,DRAWER KNOB CRACKLE GLAZE IVORY,2,2011-07-01T11:19:00,3.29,,United Kingdom
558680,47566b,TEA TIME PARTY BUNTING,1,2011-07-01T11:19:00,8.29,,United Kingdom
558680,82482,WOODEN PICTURE FRAME WHITE FINISH,1,2011-07-01T11:19:00,4.96,,United Kingdom
558680,85099B,JUMBO BAG RED RETROSPOT,4,2011-07-01T11:19:00,4.13,,United Kingdom
558680,DOT,DOTCOM POSTAGE,1,2011-07-01T11:19:00,64.88,,United Kingdom
558681,20685,DOORMAT RED RETROSPOT,1,2011-07-01T11:20:00,16.63,,United Kingdom
558681,20711,JUMBO BAG TOYS ,1,2011-07-01T11:20:00,4.13,,United Kingdom
558681,21430,SET/3 RED GINGHAM ROSE STORAGE BOX,1,2011-07-01T11:20:00,7.46,,United Kingdom
558681,21559,STRAWBERRY LUNCH BOX WITH CUTLERY,1,2011-07-01T11:20:00,4.96,,United Kingdom
558681,21930,JUMBO STORAGE BAG SKULLS,1,2011-07-01T11:20:00,4.96,,United Kingdom
558681,21931,JUMBO STORAGE BAG SUKI,3,2011-07-01T11:20:00,4.13,,United Kingdom
558681,21943,CAKES AND RABBITS DESIGN FLANNEL ,1,2011-07-01T11:20:00,1.63,,United Kingdom
558681,21944,KITTENS DESIGN FLANNEL,1,2011-07-01T11:20:00,1.63,,United Kingdom
558681,22041,"RECORD FRAME 7"" SINGLE SIZE ",4,2011-07-01T11:20:00,4.96,,United Kingdom
558681,22082,RIBBON REEL STRIPES DESIGN ,1,2011-07-01T11:20:00,4.13,,United Kingdom
558681,22089,PAPER BUNTING VINTAGE PAISLEY,2,2011-07-01T11:20:00,4.13,,United Kingdom
558681,22173,METAL 4 HOOK HANGER FRENCH CHATEAU,1,2011-07-01T11:20:00,5.79,,United Kingdom
558681,22320,BIRDS MOBILE VINTAGE DESIGN,1,2011-07-01T11:20:00,11.63,,United Kingdom
558681,22378,WALL TIDY RETROSPOT ,1,2011-07-01T11:20:00,4.96,,United Kingdom
558681,22379,RECYCLING BAG RETROSPOT ,2,2011-07-01T11:20:00,4.96,,United Kingdom
558681,22386,JUMBO BAG PINK POLKADOT,3,2011-07-01T11:20:00,4.13,,United Kingdom
558681,22637,PIGGY BANK RETROSPOT ,1,2011-07-01T11:20:00,5.79,,United Kingdom
558681,22663,JUMBO BAG DOLLY GIRL DESIGN,1,2011-07-01T11:20:00,4.13,,United Kingdom
558681,22697,GREEN REGENCY TEACUP AND SAUCER,1,2011-07-01T11:20:00,5.79,,United Kingdom
558681,22699,ROSES REGENCY TEACUP AND SAUCER ,1,2011-07-01T11:20:00,5.79,,United Kingdom
558681,22964,3 PIECE SPACEBOY COOKIE CUTTER SET,1,2011-07-01T11:20:00,4.13,,United Kingdom
558681,23084,RABBIT NIGHT LIGHT,1,2011-07-01T11:20:00,4.13,,United Kingdom
558681,23158,SET OF 5 LUCKY CAT MAGNETS ,1,2011-07-01T11:20:00,4.13,,United Kingdom
558681,82600,NO SINGING METAL SIGN,1,2011-07-01T11:20:00,4.13,,United Kingdom
558681,84792,ENCHANTED BIRD COATHANGER 5 HOOK,1,2011-07-01T11:20:00,9.13,,United Kingdom
558681,DOT,DOTCOM POSTAGE,1,2011-07-01T11:20:00,65.67,,United Kingdom
558682,22411,JUMBO SHOPPER VINTAGE RED PAISLEY,2,2011-07-01T11:20:00,4.13,,United Kingdom
558682,22422,TOOTHPASTE TUBE PEN,4,2011-07-01T11:20:00,1.25,,United Kingdom
558682,22431,WATERING CAN BLUE ELEPHANT,1,2011-07-01T11:20:00,4.13,,United Kingdom
558682,22433,WATERING CAN GREEN DINOSAUR,1,2011-07-01T11:20:00,4.13,,United Kingdom
558682,22488,NATURAL SLATE RECTANGLE CHALKBOARD,1,2011-07-01T11:20:00,3.29,,United Kingdom
558682,22507,MEMO BOARD RETROSPOT  DESIGN,1,2011-07-01T11:20:00,10.79,,United Kingdom
558682,22629,SPACEBOY LUNCH BOX ,1,2011-07-01T11:20:00,2.46,,United Kingdom
558682,22630,DOLLY GIRL LUNCH BOX,1,2011-07-01T11:20:00,2.46,,United Kingdom
558682,22663,JUMBO BAG DOLLY GIRL DESIGN,1,2011-07-01T11:20:00,4.13,,United Kingdom
558682,22668,PINK BABY BUNTING,1,2011-07-01T11:20:00,5.79,,United Kingdom
558682,22813,PACK 3 BOXES BIRD PANNETONE ,1,2011-07-01T11:20:00,4.13,,United Kingdom
558682,22844,VINTAGE CREAM DOG FOOD CONTAINER,1,2011-07-01T11:20:00,16.63,,United Kingdom
558682,22900,SET 2 TEA TOWELS I LOVE LONDON ,2,2011-07-01T11:20:00,4.13,,United Kingdom
558682,23084,RABBIT NIGHT LIGHT,1,2011-07-01T11:20:00,4.13,,United Kingdom
558682,23144,ZINC T-LIGHT HOLDER STARS SMALL,1,2011-07-01T11:20:00,1.63,,United Kingdom
558682,23145,ZINC T-LIGHT HOLDER STAR LARGE,1,2011-07-01T11:20:00,2.08,,United Kingdom
558682,47566b,TEA TIME PARTY BUNTING,3,2011-07-01T11:20:00,8.29,,United Kingdom
558682,75049L,LARGE CIRCULAR MIRROR MOBILE,3,2011-07-01T11:20:00,2.46,,United Kingdom
558682,82551,LAUNDRY 15C METAL SIGN,1,2011-07-01T11:20:00,2.46,,United Kingdom
558682,82580,BATHROOM METAL SIGN,2,2011-07-01T11:20:00,1.25,,United Kingdom
558682,82581,TOILET METAL SIGN,2,2011-07-01T11:20:00,1.25,,United Kingdom
558682,84828,JUNGLE POPSICLES ICE LOLLY MOULDS,1,2011-07-01T11:20:00,2.46,,United Kingdom
558682,84997a,CHILDRENS CUTLERY POLKADOT GREEN ,1,2011-07-01T11:20:00,8.29,,United Kingdom
558682,85099B,JUMBO BAG RED RETROSPOT,2,2011-07-01T11:20:00,4.13,,United Kingdom
558682,DOT,DOTCOM POSTAGE,1,2011-07-01T11:20:00,126.54,,United Kingdom
558682,20711,JUMBO BAG TOYS ,3,2011-07-01T11:20:00,4.13,,United Kingdom
558682,21080,SET/20 RED RETROSPOT PAPER NAPKINS ,1,2011-07-01T11:20:00,2.46,,United Kingdom
558682,21111,"SWISS ROLL TOWEL, CHOCOLATE  SPOTS",1,2011-07-01T11:20:00,5.79,,United Kingdom
558682,21166,COOK WITH WINE METAL SIGN ,1,2011-07-01T11:20:00,4.13,,United Kingdom
558682,21174,POTTERING IN THE SHED METAL SIGN,1,2011-07-01T11:20:00,4.13,,United Kingdom
558682,21179,NO JUNK MAIL METAL SIGN,1,2011-07-01T11:20:00,3.29,,United Kingdom
558682,21217,RED RETROSPOT ROUND CAKE TINS,1,2011-07-01T11:20:00,20.79,,United Kingdom
558682,21253,SET OF PICTURE FRAME  STICKERS,1,2011-07-01T11:20:00,5.79,,United Kingdom
558682,21326,AGED GLASS SILVER T-LIGHT HOLDER,1,2011-07-01T11:20:00,1.63,,United Kingdom
558682,21408,SPOTTY PINK DUCK DOORSTOP,1,2011-07-01T11:20:00,8.29,,United Kingdom
558682,21621,VINTAGE UNION JACK BUNTING,1,2011-07-01T11:20:00,12.46,,United Kingdom
558682,21929,JUMBO BAG PINK VINTAGE PAISLEY,2,2011-07-01T11:20:00,4.13,,United Kingdom
558682,21930,JUMBO STORAGE BAG SKULLS,2,2011-07-01T11:20:00,4.96,,United Kingdom
558682,21931,JUMBO STORAGE BAG SUKI,8,2011-07-01T11:20:00,4.13,,United Kingdom
558682,21935,SUKI  SHOULDER BAG,3,2011-07-01T11:20:00,4.13,,United Kingdom
558682,21936,RED RETROSPOT PICNIC BAG,1,2011-07-01T11:20:00,5.79,,United Kingdom
558682,21989,PACK OF 20 SKULL PAPER NAPKINS,1,2011-07-01T11:20:00,1.63,,United Kingdom
558682,22055,MINI CAKE STAND  HANGING STRAWBERY,3,2011-07-01T11:20:00,3.29,,United Kingdom
558682,22089,PAPER BUNTING VINTAGE PAISLEY,1,2011-07-01T11:20:00,4.13,,United Kingdom
558682,22219,LOVEBIRD HANGING DECORATION WHITE ,1,2011-07-01T11:20:00,1.63,,United Kingdom
558682,22297,HEART IVORY TRELLIS SMALL,1,2011-07-01T11:20:00,2.46,,United Kingdom
558682,22308,TEA COSY BLUE STRIPE,1,2011-07-01T11:20:00,4.96,,United Kingdom
558682,22352,LUNCH BOX WITH CUTLERY RETROSPOT ,1,2011-07-01T11:20:00,4.96,,United Kingdom
558682,22357,KINGS CHOICE BISCUIT TIN,1,2011-07-01T11:20:00,8.29,,United Kingdom
558682,22381,TOY TIDY PINK POLKADOT,1,2011-07-01T11:20:00,4.96,,United Kingdom
558682,22386,JUMBO BAG PINK POLKADOT,4,2011-07-01T11:20:00,4.13,,United Kingdom
558683,15056n,EDWARDIAN PARASOL NATURAL,1,2011-07-01T11:23:00,12.46,,United Kingdom
558683,15056p,EDWARDIAN PARASOL PINK,1,2011-07-01T11:23:00,12.46,,United Kingdom
558683,20655,QUEEN OF SKIES LUGGAGE TAG,1,2011-07-01T11:23:00,2.46,,United Kingdom
558683,20679,EDWARDIAN PARASOL RED,1,2011-07-01T11:23:00,12.46,,United Kingdom
558683,20711,JUMBO BAG TOYS ,3,2011-07-01T11:23:00,4.13,,United Kingdom
558683,20718,RED RETROSPOT SHOPPER BAG,1,2011-07-01T11:23:00,3.29,,United Kingdom
558683,21080,SET/20 RED RETROSPOT PAPER NAPKINS ,3,2011-07-01T11:23:00,2.46,,United Kingdom
558683,21218,RED SPOTTY BISCUIT TIN,1,2011-07-01T11:23:00,8.29,,United Kingdom
558683,21558,SKULL LUNCH BOX WITH CUTLERY ,1,2011-07-01T11:23:00,4.96,,United Kingdom
558683,21864,UNION JACK FLAG PASSPORT COVER ,1,2011-07-01T11:23:00,4.13,,United Kingdom
558683,21865,PINK UNION JACK  PASSPORT COVER ,1,2011-07-01T11:23:00,4.13,,United Kingdom
558683,21866,UNION JACK FLAG LUGGAGE TAG,4,2011-07-01T11:23:00,3.29,,United Kingdom
558683,21867,PINK UNION JACK  LUGGAGE TAG,1,2011-07-01T11:23:00,2.46,,United Kingdom
558683,21888,BINGO SET,1,2011-07-01T11:23:00,7.46,,United Kingdom
558683,21913,VINTAGE SEASIDE JIGSAW PUZZLES,1,2011-07-01T11:23:00,7.46,,United Kingdom
558683,21929,JUMBO BAG PINK VINTAGE PAISLEY,4,2011-07-01T11:23:00,4.13,,United Kingdom
558683,21931,JUMBO STORAGE BAG SUKI,7,2011-07-01T11:23:00,4.13,,United Kingdom
558683,21935,SUKI  SHOULDER BAG,2,2011-07-01T11:23:00,4.13,,United Kingdom
558683,22055,MINI CAKE STAND  HANGING STRAWBERY,1,2011-07-01T11:23:00,3.29,,United Kingdom
558683,22179,SET 10 NIGHT OWL LIGHTS,1,2011-07-01T11:23:00,13.29,,United Kingdom
558683,22200,FRYING PAN PINK POLKADOT,1,2011-07-01T11:23:00,8.29,,United Kingdom
558683,22212,FOUR HOOK  WHITE LOVEBIRDS,1,2011-07-01T11:23:00,4.13,,United Kingdom
558683,22219,LOVEBIRD HANGING DECORATION WHITE ,1,2011-07-01T11:23:00,1.63,,United Kingdom
558683,22308,TEA COSY BLUE STRIPE,1,2011-07-01T11:23:00,4.96,,United Kingdom
558683,22361,GLASS JAR DAISY FRESH COTTON WOOL,1,2011-07-01T11:23:00,5.79,,United Kingdom
558683,22381,TOY TIDY PINK POLKADOT,1,2011-07-01T11:23:00,4.96,,United Kingdom
558683,22386,JUMBO BAG PINK POLKADOT,2,2011-07-01T11:23:00,4.13,,United Kingdom
558683,22411,JUMBO SHOPPER VINTAGE RED PAISLEY,2,2011-07-01T11:23:00,4.13,,United Kingdom
558683,22697,GREEN REGENCY TEACUP AND SAUCER,2,2011-07-01T11:23:00,5.79,,United Kingdom
558683,22893,MINI CAKE STAND T-LIGHT HOLDER,1,2011-07-01T11:23:00,0.83,,United Kingdom
558683,22961,JAM MAKING SET PRINTED,1,2011-07-01T11:23:00,3.29,,United Kingdom
558683,47566b,TEA TIME PARTY BUNTING,3,2011-07-01T11:23:00,8.29,,United Kingdom
558683,82482,WOODEN PICTURE FRAME WHITE FINISH,1,2011-07-01T11:23:00,4.96,,United Kingdom
558683,84795b,SUNSET CHECK HAMMOCK,1,2011-07-01T11:23:00,16.63,,United Kingdom
558683,85014b,RED RETROSPOT UMBRELLA,1,2011-07-01T11:23:00,12.46,,United Kingdom
558683,85099B,JUMBO BAG RED RETROSPOT,1,2011-07-01T11:23:00,4.13,,United Kingdom
558683,DOT,DOTCOM POSTAGE,1,2011-07-01T11:23:00,112.5,,United Kingdom
558684,23119,PACK OF 6 LARGE FRUIT STRAWS ,24,2011-07-01T11:29:00,0.62,14016,EIRE
558684,23124,18PC WOODEN CUTLERY SET DISPOSABLE,16,2011-07-01T11:29:00,1.25,14016,EIRE
558684,23197,SKETCHBOOK MAGNETIC SHOPPING LIST,12,2011-07-01T11:29:00,1.45,14016,EIRE
558684,23198,PANTRY MAGNETIC  SHOPPING LIST,12,2011-07-01T11:29:00,1.45,14016,EIRE
558684,23125,6PC WOOD PLATE SET DISPOSABLE,12,2011-07-01T11:29:00,1.25,14016,EIRE
558684,23229,VINTAGE DONKEY TAIL GAME ,6,2011-07-01T11:29:00,3.75,14016,EIRE
558684,23306,SET OF 36 DOILIES PANTRY DESIGN,12,2011-07-01T11:29:00,1.45,14016,EIRE
558684,20972,PINK CREAM FELT CRAFT TRINKET BOX ,12,2011-07-01T11:29:00,1.25,14016,EIRE
558684,22271,FELTCRAFT DOLL ROSIE,6,2011-07-01T11:29:00,2.95,14016,EIRE
558684,22273,FELTCRAFT DOLL MOLLY,6,2011-07-01T11:29:00,2.95,14016,EIRE
558684,22147,FELTCRAFT BUTTERFLY HEARTS,12,2011-07-01T11:29:00,1.45,14016,EIRE
558684,51014A,"FEATHER PEN,HOT PINK",24,2011-07-01T11:29:00,0.39,14016,EIRE
558684,51014L,"FEATHER PEN,LIGHT PINK",24,2011-07-01T11:29:00,0.39,14016,EIRE
558684,22041,"RECORD FRAME 7"" SINGLE SIZE ",6,2011-07-01T11:29:00,2.55,14016,EIRE
558684,21137,BLACK RECORD COVER FRAME,4,2011-07-01T11:29:00,3.75,14016,EIRE
558684,82482,WOODEN PICTURE FRAME WHITE FINISH,12,2011-07-01T11:29:00,2.55,14016,EIRE
558684,23092,LARGE ANTIQUE WHITE PHOTO FRAME,2,2011-07-01T11:29:00,7.9,14016,EIRE
558684,82494L,WOODEN FRAME ANTIQUE WHITE ,12,2011-07-01T11:29:00,2.95,14016,EIRE
558684,85014B,RED RETROSPOT UMBRELLA,3,2011-07-01T11:29:00,5.95,14016,EIRE
558684,85014A,BLACK/BLUE POLKADOT UMBRELLA,3,2011-07-01T11:29:00,5.95,14016,EIRE
558684,15060B,FAIRY CAKE DESIGN UMBRELLA,4,2011-07-01T11:29:00,3.75,14016,EIRE
558684,20679,EDWARDIAN PARASOL RED,3,2011-07-01T11:29:00,5.95,14016,EIRE
558684,15056P,EDWARDIAN PARASOL PINK,3,2011-07-01T11:29:00,5.95,14016,EIRE
558684,15056BL,EDWARDIAN PARASOL BLACK,3,2011-07-01T11:29:00,5.95,14016,EIRE
558684,15056N,EDWARDIAN PARASOL NATURAL,3,2011-07-01T11:29:00,5.95,14016,EIRE
558684,11001,ASSTD DESIGN RACING CAR PEN,16,2011-07-01T11:29:00,1.69,14016,EIRE
558684,22418,10 COLOUR SPACEBOY PEN,24,2011-07-01T11:29:00,0.85,14016,EIRE
558684,22609,PENS ASSORTED SPACEBALL,36,2011-07-01T11:29:00,0.19,14016,EIRE
558684,22610,PENS ASSORTED FUNNY FACE,36,2011-07-01T11:29:00,0.19,14016,EIRE
558684,22740,POLKADOT PEN,96,2011-07-01T11:29:00,0.85,14016,EIRE
558684,22505,MEMO BOARD COTTAGE DESIGN,4,2011-07-01T11:29:00,4.95,14016,EIRE
558684,16012,FOOD/DRINK SPONGE STICKERS,72,2011-07-01T11:29:00,0.21,14016,EIRE
558684,22491,PACK OF 12 COLOURED PENCILS,12,2011-07-01T11:29:00,0.85,14016,EIRE
558684,22489,PACK OF 12 TRADITIONAL CRAYONS,24,2011-07-01T11:29:00,0.42,14016,EIRE
558684,84827,ASS DES PHONE SPONGE CRAFT STICKER,60,2011-07-01T11:29:00,0.65,14016,EIRE
558684,85053,FRENCH ENAMEL CANDLEHOLDER,12,2011-07-01T11:29:00,2.1,14016,EIRE
558684,21735,TWO DOOR CURIO CABINET,2,2011-07-01T11:29:00,12.75,14016,EIRE
558684,23118,PARISIENNE JEWELLERY DRAWER ,4,2011-07-01T11:29:00,7.5,14016,EIRE
558684,23080,RED METAL BOX TOP SECRET,4,2011-07-01T11:29:00,8.25,14016,EIRE
558684,23081,GREEN METAL BOX ARMY SUPPLIES,4,2011-07-01T11:29:00,8.25,14016,EIRE
558684,23084,RABBIT NIGHT LIGHT,6,2011-07-01T11:29:00,2.08,14016,EIRE
558684,23091,ZINC HERB GARDEN CONTAINER,6,2011-07-01T11:29:00,6.25,14016,EIRE
558684,23108,SET OF 10 LED DOLLY LIGHTS,12,2011-07-01T11:29:00,5.39,14016,EIRE
558684,23299,FOOD COVER WITH BEADS SET 2 ,6,2011-07-01T11:29:00,3.75,14016,EIRE
558684,84692,BOX OF 24 COCKTAIL PARASOLS,25,2011-07-01T11:29:00,0.42,14016,EIRE
558685,23171,REGENCY TEA PLATE GREEN ,12,2011-07-01T11:32:00,1.65,17706,United Kingdom
558685,23170,REGENCY TEA PLATE ROSES ,12,2011-07-01T11:32:00,1.65,17706,United Kingdom
558685,23172,REGENCY TEA PLATE PINK,12,2011-07-01T11:32:00,1.65,17706,United Kingdom
558685,23245,SET OF 3 REGENCY CAKE TINS,4,2011-07-01T11:32:00,4.95,17706,United Kingdom
558685,23055,IVORY CHANDELIER T-LIGHT HOLDER,6,2011-07-01T11:32:00,6.25,17706,United Kingdom
558685,23057,GEMSTONE CHANDELIER T-LIGHT HOLDER,6,2011-07-01T11:32:00,4.95,17706,United Kingdom
558685,23068,ALUMINIUM HEART,6,2011-07-01T11:32:00,2.49,17706,United Kingdom
558685,23067,HANGING ENGRAVED METAL HEART,2,2011-07-01T11:32:00,4.15,17706,United Kingdom
558685,23103,BELL HEART DECORATION,12,2011-07-01T11:32:00,1.65,17706,United Kingdom
558685,22795,SWEETHEART RECIPE BOOK STAND,2,2011-07-01T11:32:00,6.75,17706,United Kingdom
558685,23207,LUNCH BAG ALPHABET DESIGN,10,2011-07-01T11:32:00,1.65,17706,United Kingdom
558685,23209,LUNCH BAG DOILEY PATTERN ,10,2011-07-01T11:32:00,1.65,17706,United Kingdom
558685,23284,DOORMAT KEEP CALM AND COME IN,2,2011-07-01T11:32:00,7.95,17706,United Kingdom
558685,23214,BELL HEART ANTIQUE GOLD,12,2011-07-01T11:32:00,2.08,17706,United Kingdom
558686,21498,RED RETROSPOT WRAP ,25,2011-07-01T11:33:00,0.42,17706,United Kingdom
558686,22771,CLEAR DRAWER KNOB ACRYLIC EDWARDIAN,24,2011-07-01T11:33:00,1.25,17706,United Kingdom
558686,21671,RED SPOT CERAMIC DRAWER KNOB,12,2011-07-01T11:33:00,1.25,17706,United Kingdom
558686,21672,WHITE SPOT RED CERAMIC DRAWER KNOB,12,2011-07-01T11:33:00,1.25,17706,United Kingdom
558686,21673,WHITE SPOT BLUE CERAMIC DRAWER KNOB,12,2011-07-01T11:33:00,1.25,17706,United Kingdom
558686,21670,BLUE SPOT CERAMIC DRAWER KNOB,12,2011-07-01T11:33:00,1.25,17706,United Kingdom
558686,21669,BLUE STRIPE CERAMIC DRAWER KNOB,12,2011-07-01T11:33:00,1.25,17706,United Kingdom
558686,21668,RED STRIPE CERAMIC DRAWER KNOB,12,2011-07-01T11:33:00,1.25,17706,United Kingdom
558686,84279P,CHERRY BLOSSOM  DECORATIVE FLASK,4,2011-07-01T11:33:00,3.75,17706,United Kingdom
558686,23079,TOADSTOOL BEDSIDE LIGHT ,2,2011-07-01T11:33:00,8.95,17706,United Kingdom
558686,85099B,JUMBO BAG RED RETROSPOT,10,2011-07-01T11:33:00,2.08,17706,United Kingdom
558687,23158,SET OF 5 LUCKY CAT MAGNETS ,24,2011-07-01T11:43:00,2.08,12598,France
558687,20719,WOODLAND CHARLOTTE BAG,10,2011-07-01T11:43:00,0.85,12598,France
558687,20723,STRAWBERRY CHARLOTTE BAG,30,2011-07-01T11:43:00,0.85,12598,France
558687,23204,CHARLOTTE BAG APPLES DESIGN,30,2011-07-01T11:43:00,0.85,12598,France
558687,20724,RED RETROSPOT CHARLOTTE BAG,30,2011-07-01T11:43:00,0.85,12598,France
558687,22661,CHARLOTTE BAG DOLLY GIRL DESIGN,10,2011-07-01T11:43:00,0.85,12598,France
558687,21700,BIG DOUGHNUT FRIDGE MAGNETS,24,2011-07-01T11:43:00,0.85,12598,France
558687,22551,PLASTERS IN TIN SPACEBOY,12,2011-07-01T11:43:00,1.65,12598,France
558687,22554,PLASTERS IN TIN WOODLAND ANIMALS,12,2011-07-01T11:43:00,1.65,12598,France
558687,22556,PLASTERS IN TIN CIRCUS PARADE ,12,2011-07-01T11:43:00,1.65,12598,France
558687,23238,SET OF 4 KNICK KNACK TINS LONDON ,6,2011-07-01T11:43:00,4.15,12598,France
558687,22608,PENS ASSORTED FUNKY JEWELED ,36,2011-07-01T11:43:00,0.19,12598,France
558687,22422,TOOTHPASTE TUBE PEN,24,2011-07-01T11:43:00,0.65,12598,France
558687,22029,SPACEBOY BIRTHDAY CARD,12,2011-07-01T11:43:00,0.42,12598,France
558687,22027,TEA PARTY BIRTHDAY CARD,12,2011-07-01T11:43:00,0.42,12598,France
558687,POST,POSTAGE,1,2011-07-01T11:43:00,18,12598,France
558696,23199,JUMBO BAG APPLES,10,2011-07-01T12:09:00,2.08,16746,United Kingdom
558696,22386,JUMBO BAG PINK POLKADOT,10,2011-07-01T12:09:00,2.08,16746,United Kingdom
558696,20713,JUMBO BAG OWLS,10,2011-07-01T12:09:00,2.08,16746,United Kingdom
558696,22411,JUMBO SHOPPER VINTAGE RED PAISLEY,10,2011-07-01T12:09:00,2.08,16746,United Kingdom
558696,20712,JUMBO BAG WOODLAND ANIMALS,10,2011-07-01T12:09:00,2.08,16746,United Kingdom
558696,23200,JUMBO BAG PEARS,10,2011-07-01T12:09:00,2.08,16746,United Kingdom
558696,23202,JUMBO BAG VINTAGE LEAF,10,2011-07-01T12:09:00,2.08,16746,United Kingdom
558696,20972,PINK CREAM FELT CRAFT TRINKET BOX ,12,2011-07-01T12:09:00,1.25,16746,United Kingdom
558696,22382,LUNCH BAG SPACEBOY DESIGN ,10,2011-07-01T12:09:00,1.65,16746,United Kingdom
558696,21933,PINK VINTAGE PAISLEY PICNIC BAG,10,2011-07-01T12:09:00,1.65,16746,United Kingdom
558696,20719,WOODLAND CHARLOTTE BAG,10,2011-07-01T12:09:00,0.85,16746,United Kingdom
558696,22356,CHARLOTTE BAG PINK POLKADOT,10,2011-07-01T12:09:00,0.85,16746,United Kingdom
558696,20723,STRAWBERRY CHARLOTTE BAG,10,2011-07-01T12:09:00,0.85,16746,United Kingdom
558696,23204,CHARLOTTE BAG APPLES DESIGN,10,2011-07-01T12:09:00,0.85,16746,United Kingdom
558696,23208,LUNCH BAG VINTAGE LEAF DESIGN,10,2011-07-01T12:09:00,1.65,16746,United Kingdom
558696,20728,LUNCH BAG CARS BLUE,10,2011-07-01T12:09:00,1.65,16746,United Kingdom
558696,23206,LUNCH BAG APPLE DESIGN,10,2011-07-01T12:09:00,1.65,16746,United Kingdom
558696,20724,RED RETROSPOT CHARLOTTE BAG,10,2011-07-01T12:09:00,0.85,16746,United Kingdom
558696,22607,WOODEN ROUNDERS GARDEN SET ,1,2011-07-01T12:09:00,9.95,16746,United Kingdom
558696,23290,SPACEBOY CHILDRENS BOWL,4,2011-07-01T12:09:00,1.25,16746,United Kingdom
558696,23289,DOLLY GIRL CHILDRENS BOWL,4,2011-07-01T12:09:00,1.25,16746,United Kingdom
558696,23108,SET OF 10 LED DOLLY LIGHTS,2,2011-07-01T12:09:00,6.25,16746,United Kingdom
558696,22383,LUNCH BAG SUKI DESIGN ,10,2011-07-01T12:09:00,1.65,16746,United Kingdom
558696,22355,CHARLOTTE BAG SUKI DESIGN,10,2011-07-01T12:09:00,0.85,16746,United Kingdom
558696,22728,ALARM CLOCK BAKELIKE PINK,1,2011-07-01T12:09:00,3.75,16746,United Kingdom
558696,21155,RED RETROSPOT PEG BAG,4,2011-07-01T12:09:00,2.55,16746,United Kingdom
558696,22968,ROSE COTTAGE KEEPSAKE BOX ,1,2011-07-01T12:09:00,9.95,16746,United Kingdom
558696,16237,SLEEPING CAT ERASERS,30,2011-07-01T12:09:00,0.21,16746,United Kingdom
558696,23188,VINTAGE  2 METER FOLDING RULER,4,2011-07-01T12:09:00,1.65,16746,United Kingdom
558696,85049C,ROMANTIC PINKS RIBBONS ,2,2011-07-01T12:09:00,1.25,16746,United Kingdom
558696,22449,SILK PURSE BABUSHKA PINK,2,2011-07-01T12:09:00,3.35,16746,United Kingdom
558696,85049E,SCANDINAVIAN REDS RIBBONS,2,2011-07-01T12:09:00,1.25,16746,United Kingdom
558696,22558,CLOTHES PEGS RETROSPOT PACK 24 ,8,2011-07-01T12:09:00,1.65,16746,United Kingdom
558696,22423,REGENCY CAKESTAND 3 TIER,2,2011-07-01T12:09:00,12.75,16746,United Kingdom
558696,20679,EDWARDIAN PARASOL RED,1,2011-07-01T12:09:00,5.95,16746,United Kingdom
558696,15056N,EDWARDIAN PARASOL NATURAL,1,2011-07-01T12:09:00,5.95,16746,United Kingdom
558696,15056P,EDWARDIAN PARASOL PINK,1,2011-07-01T12:09:00,5.95,16746,United Kingdom
558696,15056BL,EDWARDIAN PARASOL BLACK,2,2011-07-01T12:09:00,5.95,16746,United Kingdom
558696,22468,BABUSHKA LIGHTS STRING OF 10,1,2011-07-01T12:09:00,6.75,16746,United Kingdom
558696,20727,LUNCH BAG  BLACK SKULL.,10,2011-07-01T12:09:00,1.65,16746,United Kingdom
558696,22780,LIGHT GARLAND BUTTERFILES PINK,2,2011-07-01T12:09:00,4.25,16746,United Kingdom
558696,22779,WOODEN OWLS LIGHT GARLAND ,2,2011-07-01T12:09:00,4.25,16746,United Kingdom
558696,15044C,PURPLE PAPER PARASOL,1,2011-07-01T12:09:00,2.95,16746,United Kingdom
558696,22621,TRADITIONAL KNITTING NANCY,10,2011-07-01T12:09:00,1.65,16746,United Kingdom
558696,79000,MOROCCAN TEA GLASS,12,2011-07-01T12:09:00,0.85,16746,United Kingdom
558696,23192,BUNDLE OF 3 ALPHABET EXERCISE BOOKS,3,2011-07-01T12:09:00,1.65,16746,United Kingdom
558696,23191,BUNDLE OF 3 RETRO NOTE BOOKS,3,2011-07-01T12:09:00,1.65,16746,United Kingdom
558696,23292,SPACEBOY CHILDRENS CUP,4,2011-07-01T12:09:00,1.25,16746,United Kingdom
558696,23291,DOLLY GIRL CHILDRENS CUP,4,2011-07-01T12:09:00,1.25,16746,United Kingdom
558696,23245,SET OF 3 REGENCY CAKE TINS,4,2011-07-01T12:09:00,4.95,16746,United Kingdom
558696,21232,STRAWBERRY CERAMIC TRINKET BOX,4,2011-07-01T12:09:00,1.25,16746,United Kingdom
558696,22727,ALARM CLOCK BAKELIKE RED ,1,2011-07-01T12:09:00,3.75,16746,United Kingdom
558696,23079,TOADSTOOL BEDSIDE LIGHT ,1,2011-07-01T12:09:00,8.95,16746,United Kingdom
558697,90122B,JADE CRYSTAL+GLASS BRACELET,1,2011-07-01T12:11:00,4.95,,United Kingdom
C558698,20719,WOODLAND CHARLOTTE BAG,-1,2011-07-01T12:11:00,0.85,16746,United Kingdom
C558698,23205,CHARLOTTE BAG VINTAGE ALPHABET ,-1,2011-07-01T12:11:00,0.85,16746,United Kingdom
C558698,20725,LUNCH BAG RED RETROSPOT,-1,2011-07-01T12:11:00,1.65,16746,United Kingdom
558699,23079,TOADSTOOL BEDSIDE LIGHT ,2,2011-07-01T12:17:00,8.95,12494,France
558699,23119,PACK OF 6 LARGE FRUIT STRAWS ,12,2011-07-01T12:17:00,0.62,12494,France
558699,23121,PACK OF 6 COCKTAIL PARASOL STRAWS,24,2011-07-01T12:17:00,0.42,12494,France
558699,23236,DOILEY STORAGE TIN,6,2011-07-01T12:17:00,2.89,12494,France
558699,23241,TREASURE TIN GYMKHANA DESIGN,6,2011-07-01T12:17:00,2.08,12494,France
558699,23242,TREASURE TIN BUFFALO BILL ,6,2011-07-01T12:17:00,2.08,12494,France
558699,23289,DOLLY GIRL CHILDRENS BOWL,8,2011-07-01T12:17:00,1.25,12494,France
558699,23291,DOLLY GIRL CHILDRENS CUP,8,2011-07-01T12:17:00,1.25,12494,France
558699,23108,SET OF 10 LED DOLLY LIGHTS,6,2011-07-01T12:17:00,6.25,12494,France
558699,POST,POSTAGE,1,2011-07-01T12:17:00,18,12494,France
558700,20728,LUNCH BAG CARS BLUE,10,2011-07-01T12:33:00,1.65,17920,United Kingdom
558700,20727,LUNCH BAG  BLACK SKULL.,20,2011-07-01T12:33:00,1.65,17920,United Kingdom
558700,23204,CHARLOTTE BAG APPLES DESIGN,10,2011-07-01T12:33:00,0.85,17920,United Kingdom
558700,22355,CHARLOTTE BAG SUKI DESIGN,10,2011-07-01T12:33:00,0.85,17920,United Kingdom
558700,20719,WOODLAND CHARLOTTE BAG,10,2011-07-01T12:33:00,0.85,17920,United Kingdom
558700,20723,STRAWBERRY CHARLOTTE BAG,30,2011-07-01T12:33:00,0.85,17920,United Kingdom
558700,23205,CHARLOTTE BAG VINTAGE ALPHABET ,30,2011-07-01T12:33:00,0.85,17920,United Kingdom
558700,10125,MINI FUNKY DESIGN TAPES,3,2011-07-01T12:33:00,0.85,17920,United Kingdom
558700,21833,CAMOUFLAGE LED TORCH,4,2011-07-01T12:33:00,1.69,17920,United Kingdom
558700,23159,SET OF 5 PANCAKE DAY MAGNETS,1,2011-07-01T12:33:00,2.08,17920,United Kingdom
558700,22621,TRADITIONAL KNITTING NANCY,5,2011-07-01T12:33:00,1.65,17920,United Kingdom
558700,84596B,SMALL DOLLY MIX DESIGN ORANGE BOWL,2,2011-07-01T12:33:00,0.42,17920,United Kingdom
558700,20677,PINK POLKADOT BOWL,2,2011-07-01T12:33:00,1.25,17920,United Kingdom
558700,20676,RED RETROSPOT BOWL,2,2011-07-01T12:33:00,1.25,17920,United Kingdom
558700,20675,BLUE POLKADOT BOWL,2,2011-07-01T12:33:00,1.25,17920,United Kingdom
558700,20674,GREEN POLKADOT BOWL,2,2011-07-01T12:33:00,1.25,17920,United Kingdom
558700,23154,SET OF 4 JAM JAR MAGNETS,1,2011-07-01T12:33:00,2.08,17920,United Kingdom
558700,22915,ASSORTED BOTTLE TOP  MAGNETS ,8,2011-07-01T12:33:00,0.42,17920,United Kingdom
558700,23156,SET OF 5 MINI GROCERY MAGNETS,1,2011-07-01T12:33:00,2.08,17920,United Kingdom
558700,23158,SET OF 5 LUCKY CAT MAGNETS ,4,2011-07-01T12:33:00,2.08,17920,United Kingdom
558700,22197,POPCORN HOLDER,4,2011-07-01T12:33:00,0.85,17920,United Kingdom
558700,21221,SET/4 BADGES CUTE CREATURES,2,2011-07-01T12:33:00,1.25,17920,United Kingdom
558700,21224,SET/4 SKULL BADGES,2,2011-07-01T12:33:00,1.25,17920,United Kingdom
558700,21222,SET/4 BADGES BEETLES,1,2011-07-01T12:33:00,1.25,17920,United Kingdom
558700,22923,FRIDGE MAGNETS LES ENFANTS ASSORTED,18,2011-07-01T12:33:00,0.85,17920,United Kingdom
558700,22115,METAL SIGN EMPIRE TEA,1,2011-07-01T12:33:00,0.79,17920,United Kingdom
558700,21166,COOK WITH WINE METAL SIGN ,1,2011-07-01T12:33:00,2.08,17920,United Kingdom
558700,22413,METAL SIGN TAKE IT OR LEAVE IT ,1,2011-07-01T12:33:00,2.95,17920,United Kingdom
558700,21169,YOU'RE CONFUSING ME METAL SIGN ,1,2011-07-01T12:33:00,1.69,17920,United Kingdom
558700,21179,NO JUNK MAIL METAL SIGN,1,2011-07-01T12:33:00,0.39,17920,United Kingdom
558700,22332,SKULLS PARTY BAG + STICKER SET,1,2011-07-01T12:33:00,1.65,17920,United Kingdom
558700,22333,RETROSPOT PARTY BAG + STICKER SET,2,2011-07-01T12:33:00,1.65,17920,United Kingdom
558700,82600,NO SINGING METAL SIGN,1,2011-07-01T12:33:00,2.1,17920,United Kingdom
558700,82567,"AIRLINE LOUNGE,METAL SIGN",1,2011-07-01T12:33:00,2.1,17920,United Kingdom
558700,21905,MORE BUTTER METAL SIGN ,1,2011-07-01T12:33:00,0.79,17920,United Kingdom
558700,22897,OVEN MITT APPLES DESIGN,1,2011-07-01T12:33:00,1.45,17920,United Kingdom
558700,21907,I'M ON HOLIDAY METAL SIGN,1,2011-07-01T12:33:00,2.1,17920,United Kingdom
558700,23238,SET OF 4 KNICK KNACK TINS LONDON ,1,2011-07-01T12:33:00,4.15,17920,United Kingdom
558700,21175,GIN + TONIC DIET METAL SIGN,1,2011-07-01T12:33:00,2.55,17920,United Kingdom
558700,22412,METAL SIGN NEIGHBOURHOOD WITCH ,1,2011-07-01T12:33:00,2.1,17920,United Kingdom
558700,21726,MULTI HEARTS  STICKERS,1,2011-07-01T12:33:00,0.85,17920,United Kingdom
558700,22332,SKULLS PARTY BAG + STICKER SET,1,2011-07-01T12:33:00,1.65,17920,United Kingdom
558700,21544,SKULLS  WATER TRANSFER TATTOOS ,5,2011-07-01T12:33:00,0.85,17920,United Kingdom
558700,21171,BATHROOM METAL SIGN ,1,2011-07-01T12:33:00,1.45,17920,United Kingdom
558700,21172,PARTY METAL SIGN ,1,2011-07-01T12:33:00,1.45,17920,United Kingdom
558700,21908,CHOCOLATE THIS WAY METAL SIGN,1,2011-07-01T12:33:00,2.1,17920,United Kingdom
558700,21544,SKULLS  WATER TRANSFER TATTOOS ,3,2011-07-01T12:33:00,0.85,17920,United Kingdom
558700,20977,36 PENCILS TUBE WOODLAND,1,2011-07-01T12:33:00,1.25,17920,United Kingdom
558700,20978,36 PENCILS TUBE SKULLS,1,2011-07-01T12:33:00,1.25,17920,United Kingdom
558700,22551,PLASTERS IN TIN SPACEBOY,1,2011-07-01T12:33:00,1.65,17920,United Kingdom
558700,22553,PLASTERS IN TIN SKULLS,1,2011-07-01T12:33:00,1.65,17920,United Kingdom
558700,21244,BLUE POLKADOT PLATE ,2,2011-07-01T12:33:00,1.69,17920,United Kingdom
558700,21245,GREEN POLKADOT PLATE ,2,2011-07-01T12:33:00,1.69,17920,United Kingdom
558700,21243,PINK  POLKADOT PLATE ,2,2011-07-01T12:33:00,1.69,17920,United Kingdom
558700,21242,RED RETROSPOT PLATE ,1,2011-07-01T12:33:00,1.69,17920,United Kingdom
558700,21242,RED RETROSPOT PLATE ,1,2011-07-01T12:33:00,1.69,17920,United Kingdom
558700,22557,PLASTERS IN TIN VINTAGE PAISLEY ,1,2011-07-01T12:33:00,1.65,17920,United Kingdom
558700,22554,PLASTERS IN TIN WOODLAND ANIMALS,1,2011-07-01T12:33:00,1.65,17920,United Kingdom
558700,21034,REX CASH+CARRY JUMBO SHOPPER,1,2011-07-01T12:33:00,0.95,17920,United Kingdom
558700,22998,TRAVEL CARD WALLET KEEP CALM,2,2011-07-01T12:33:00,0.42,17920,United Kingdom
558700,22553,PLASTERS IN TIN SKULLS,1,2011-07-01T12:33:00,1.65,17920,United Kingdom
558700,22418,10 COLOUR SPACEBOY PEN,1,2011-07-01T12:33:00,0.85,17920,United Kingdom
558700,10125,MINI FUNKY DESIGN TAPES,1,2011-07-01T12:33:00,0.85,17920,United Kingdom
558700,20727,LUNCH BAG  BLACK SKULL.,1,2011-07-01T12:33:00,1.65,17920,United Kingdom
558700,21245,GREEN POLKADOT PLATE ,1,2011-07-01T12:33:00,1.69,17920,United Kingdom
558700,21242,RED RETROSPOT PLATE ,1,2011-07-01T12:33:00,1.69,17920,United Kingdom
558700,21244,BLUE POLKADOT PLATE ,1,2011-07-01T12:33:00,1.69,17920,United Kingdom
558700,21243,PINK  POLKADOT PLATE ,1,2011-07-01T12:33:00,1.69,17920,United Kingdom
558700,22332,SKULLS PARTY BAG + STICKER SET,2,2011-07-01T12:33:00,1.65,17920,United Kingdom
558700,21967,PACK OF 12 SKULL TISSUES,2,2011-07-01T12:33:00,0.29,17920,United Kingdom
558700,22437,SET OF 9 BLACK SKULL BALLOONS,2,2011-07-01T12:33:00,0.85,17920,United Kingdom
558700,22555,PLASTERS IN TIN STRONGMAN,1,2011-07-01T12:33:00,1.65,17920,United Kingdom
558700,22556,PLASTERS IN TIN CIRCUS PARADE ,1,2011-07-01T12:33:00,1.65,17920,United Kingdom
558700,21213,PACK OF 72 SKULL CAKE CASES,1,2011-07-01T12:33:00,0.55,17920,United Kingdom
558700,22551,PLASTERS IN TIN SPACEBOY,2,2011-07-01T12:33:00,1.65,17920,United Kingdom
558700,22439,6 ROCKET BALLOONS ,3,2011-07-01T12:33:00,0.65,17920,United Kingdom
558700,21935,SUKI  SHOULDER BAG,1,2011-07-01T12:33:00,1.65,17920,United Kingdom
558700,22953,BIRTHDAY PARTY CORDON BARRIER TAPE,1,2011-07-01T12:33:00,1.25,17920,United Kingdom
558700,22440,BALLOON WATER BOMB PACK OF 35,2,2011-07-01T12:33:00,0.42,17920,United Kingdom
558700,21967,PACK OF 12 SKULL TISSUES,14,2011-07-01T12:33:00,0.29,17920,United Kingdom
558700,21544,SKULLS  WATER TRANSFER TATTOOS ,3,2011-07-01T12:33:00,0.85,17920,United Kingdom
558700,23208,LUNCH BAG VINTAGE LEAF DESIGN,1,2011-07-01T12:33:00,1.65,17920,United Kingdom
558701,23315,IVORY REFECTORY CLOCK,3,2011-07-01T12:34:00,9.95,16866,United Kingdom
558701,23316,RED REFECTORY CLOCK ,4,2011-07-01T12:34:00,9.95,16866,United Kingdom
558701,23317,BLUE REFECTORY CLOCK ,3,2011-07-01T12:34:00,9.95,16866,United Kingdom
558701,22197,POPCORN HOLDER,10,2011-07-01T12:34:00,0.85,16866,United Kingdom
558701,21034,REX CASH+CARRY JUMBO SHOPPER,1,2011-07-01T12:34:00,0.95,16866,United Kingdom
C558712,M,Manual,-1,2011-07-01T13:06:00,2.95,17338,United Kingdom
C558712,21735,TWO DOOR CURIO CABINET,-1,2011-07-01T13:06:00,12.75,17338,United Kingdom
C558712,82482,WOODEN PICTURE FRAME WHITE FINISH,-2,2011-07-01T13:06:00,2.55,17338,United Kingdom
C558716,51014L,"FEATHER PEN,LIGHT PINK",-12,2011-07-01T13:22:00,0.39,17888,United Kingdom
C558716,51014C,"FEATHER PEN,COAL BLACK",-12,2011-07-01T13:22:00,0.39,17888,United Kingdom
C558716,23002,TRAVEL CARD WALLET SKULLS,-24,2011-07-01T13:22:00,0.42,17888,United Kingdom
C558716,22998,TRAVEL CARD WALLET KEEP CALM,-24,2011-07-01T13:22:00,0.42,17888,United Kingdom
C558716,22997,TRAVEL CARD WALLET UNION JACK,-24,2011-07-01T13:22:00,0.42,17888,United Kingdom
C558716,22992,REVOLVER WOODEN RULER ,-12,2011-07-01T13:22:00,1.95,17888,United Kingdom
C558716,22418,10 COLOUR SPACEBOY PEN,-10,2011-07-01T13:22:00,0.85,17888,United Kingdom
C558716,22374,AIRLINE BAG VINTAGE JET SET RED,-2,2011-07-01T13:22:00,4.25,17888,United Kingdom
C558716,22372,AIRLINE BAG VINTAGE WORLD CHAMPION ,-1,2011-07-01T13:22:00,4.25,17888,United Kingdom
C558716,22371,AIRLINE BAG VINTAGE TOKYO 78,-2,2011-07-01T13:22:00,4.25,17888,United Kingdom
C558716,21829,DINOSAUR KEYRINGS ASSORTED,-108,2011-07-01T13:22:00,0.21,17888,United Kingdom
C558716,16259,PIECE OF CAMO STATIONERY SET,-108,2011-07-01T13:22:00,0.08,17888,United Kingdom
C558716,10133,COLOURING PENCILS BROWN TUBE,-10,2011-07-01T13:22:00,0.42,17888,United Kingdom
C558722,22838,3 TIER CAKE TIN RED AND CREAM,-12,2011-07-01T14:18:00,12.75,12901,United Kingdom
C558726,17003,BROCADE RING PURSE ,-1,2011-07-01T14:32:00,57.6,16422,United Kingdom
561904,22075,6 RIBBONS ELEGANT CHRISTMAS ,96,2011-08-01T08:30:00,1.45,17941,United Kingdom
561904,85049E,SCANDINAVIAN REDS RIBBONS,156,2011-08-01T08:30:00,1.06,17941,United Kingdom
561905,21385,IVORY HANGING DECORATION  HEART,24,2011-08-01T09:31:00,0.85,14947,United Kingdom
561905,84970L,SINGLE HEART ZINC T-LIGHT HOLDER,12,2011-08-01T09:31:00,0.95,14947,United Kingdom
561905,84970S,HANGING HEART ZINC T-LIGHT HOLDER,12,2011-08-01T09:31:00,0.85,14947,United Kingdom
561905,84978,HANGING HEART JAR T-LIGHT HOLDER,12,2011-08-01T09:31:00,1.25,14947,United Kingdom
561905,21754,HOME BUILDING BLOCK WORD,3,2011-08-01T09:31:00,5.95,14947,United Kingdom
561905,23226,FILIGREE HEART DAISY WHITE,24,2011-08-01T09:31:00,1.25,14947,United Kingdom
561905,21715,GIRLS VINTAGE TIN SEASIDE BUCKET,8,2011-08-01T09:31:00,2.55,14947,United Kingdom
561905,21716,BOYS VINTAGE TIN SEASIDE BUCKET,8,2011-08-01T09:31:00,2.55,14947,United Kingdom
561905,21746,SMALL RED RETROSPOT WINDMILL,12,2011-08-01T09:31:00,1.25,14947,United Kingdom
561905,21755,LOVE BUILDING BLOCK WORD,3,2011-08-01T09:31:00,5.95,14947,United Kingdom
561906,22367,CHILDRENS APRON SPACEBOY DESIGN,8,2011-08-01T10:03:00,1.95,12921,United Kingdom
561906,20914,SET/5 RED RETROSPOT LID GLASS BOWLS,6,2011-08-01T10:03:00,2.95,12921,United Kingdom
561906,21240,BLUE POLKADOT CUP,16,2011-08-01T10:03:00,0.85,12921,United Kingdom
561906,20725,LUNCH BAG RED RETROSPOT,20,2011-08-01T10:03:00,1.65,12921,United Kingdom
561906,20726,LUNCH BAG WOODLAND,20,2011-08-01T10:03:00,1.65,12921,United Kingdom
561906,22382,LUNCH BAG SPACEBOY DESIGN ,10,2011-08-01T10:03:00,1.65,12921,United Kingdom
561906,22629,SPACEBOY LUNCH BOX ,12,2011-08-01T10:03:00,1.95,12921,United Kingdom
561906,22384,LUNCH BAG PINK POLKADOT,20,2011-08-01T10:03:00,1.65,12921,United Kingdom
561906,23206,LUNCH BAG APPLE DESIGN,20,2011-08-01T10:03:00,1.65,12921,United Kingdom
561906,23209,LUNCH BAG DOILEY PATTERN ,20,2011-08-01T10:03:00,1.65,12921,United Kingdom
561906,22898,CHILDRENS APRON APPLES DESIGN,8,2011-08-01T10:03:00,1.95,12921,United Kingdom
561906,21035,SET/2 RED RETROSPOT TEA TOWELS ,6,2011-08-01T10:03:00,3.25,12921,United Kingdom
561906,21217,RED RETROSPOT ROUND CAKE TINS,6,2011-08-01T10:03:00,9.95,12921,United Kingdom
561906,21155,RED RETROSPOT PEG BAG,6,2011-08-01T10:03:00,2.55,12921,United Kingdom
561906,21154,RED RETROSPOT OVEN GLOVE ,10,2011-08-01T10:03:00,1.25,12921,United Kingdom
561906,21094,SET/6 RED SPOTTY PAPER PLATES,12,2011-08-01T10:03:00,0.85,12921,United Kingdom
561906,21080,SET/20 RED RETROSPOT PAPER NAPKINS ,12,2011-08-01T10:03:00,0.85,12921,United Kingdom
561906,84991,60 TEATIME FAIRY CAKE CASES,24,2011-08-01T10:03:00,0.55,12921,United Kingdom
561906,21212,PACK OF 72 RETROSPOT CAKE CASES,24,2011-08-01T10:03:00,0.55,12921,United Kingdom
561906,21977,PACK OF 60 PINK PAISLEY CAKE CASES,24,2011-08-01T10:03:00,0.55,12921,United Kingdom
561906,21975,PACK OF 60 DINOSAUR CAKE CASES,24,2011-08-01T10:03:00,0.55,12921,United Kingdom
561906,84992,72 SWEETHEART FAIRY CAKE CASES,24,2011-08-01T10:03:00,0.55,12921,United Kingdom
561906,23307,SET OF 60 PANTRY DESIGN CAKE CASES ,24,2011-08-01T10:03:00,0.55,12921,United Kingdom
561906,23306,SET OF 36 DOILIES PANTRY DESIGN,12,2011-08-01T10:03:00,1.45,12921,United Kingdom
561906,21210,SET OF 72 RETROSPOT PAPER  DOILIES,24,2011-08-01T10:03:00,1.45,12921,United Kingdom
561906,22721,SET OF 3 CAKE TINS SKETCHBOOK,3,2011-08-01T10:03:00,4.95,12921,United Kingdom
561906,22749,FELTCRAFT PRINCESS CHARLOTTE DOLL,4,2011-08-01T10:03:00,3.75,12921,United Kingdom
561906,22273,FELTCRAFT DOLL MOLLY,6,2011-08-01T10:03:00,2.95,12921,United Kingdom
561906,22150,3 STRIPEY MICE FELTCRAFT,6,2011-08-01T10:03:00,1.95,12921,United Kingdom
561906,20971,PINK BLUE FELT CRAFT TRINKET BOX,12,2011-08-01T10:03:00,1.25,12921,United Kingdom
561906,21231,SWEETHEART CERAMIC TRINKET BOX,24,2011-08-01T10:03:00,1.25,12921,United Kingdom
561906,21232,STRAWBERRY CERAMIC TRINKET BOX,24,2011-08-01T10:03:00,1.25,12921,United Kingdom
561907,21982,PACK OF 12 SUKI TISSUES ,24,2011-08-01T10:08:00,0.29,14060,United Kingdom
561907,22621,TRADITIONAL KNITTING NANCY,12,2011-08-01T10:08:00,1.65,14060,United Kingdom
561907,22746,POPPY'S PLAYHOUSE LIVINGROOM ,6,2011-08-01T10:08:00,2.1,14060,United Kingdom
561907,22748,POPPY'S PLAYHOUSE KITCHEN,6,2011-08-01T10:08:00,2.1,14060,United Kingdom
561907,22745,POPPY'S PLAYHOUSE BEDROOM ,6,2011-08-01T10:08:00,2.1,14060,United Kingdom
561907,22547,MINI JIGSAW DINOSAUR ,24,2011-08-01T10:08:00,0.42,14060,United Kingdom
561907,22543,MINI JIGSAW BAKE A CAKE ,24,2011-08-01T10:08:00,0.42,14060,United Kingdom
561907,23158,SET OF 5 LUCKY CAT MAGNETS ,24,2011-08-01T10:08:00,2.08,14060,United Kingdom
561907,22781,GUMBALL MAGAZINE RACK,2,2011-08-01T10:08:00,7.65,14060,United Kingdom
561907,22178,VICTORIAN GLASS HANGING T-LIGHT,12,2011-08-01T10:08:00,1.25,14060,United Kingdom
561907,23232,WRAP VINTAGE LEAF DESIGN,25,2011-08-01T10:08:00,0.42,14060,United Kingdom
561907,23233,WRAP POPPIES  DESIGN,25,2011-08-01T10:08:00,0.42,14060,United Kingdom
561907,22030,SWALLOWS GREETING CARD,12,2011-08-01T10:08:00,0.42,14060,United Kingdom
561907,22815,CARD PSYCHEDELIC APPLES,12,2011-08-01T10:08:00,0.42,14060,United Kingdom
561907,22984,CARD GINGHAM ROSE ,12,2011-08-01T10:08:00,0.42,14060,United Kingdom
561907,22817,CARD SUKI BIRTHDAY,12,2011-08-01T10:08:00,0.42,14060,United Kingdom
561907,22718,CARD CAT AND TREE ,12,2011-08-01T10:08:00,0.42,14060,United Kingdom
561908,23209,LUNCH BAG DOILEY PATTERN ,10,2011-08-01T10:09:00,1.65,14239,United Kingdom
561908,85099F,JUMBO BAG STRAWBERRY,10,2011-08-01T10:09:00,2.08,14239,United Kingdom
561908,22386,JUMBO BAG PINK POLKADOT,10,2011-08-01T10:09:00,2.08,14239,United Kingdom
561908,85099B,JUMBO BAG RED RETROSPOT,10,2011-08-01T10:09:00,2.08,14239,United Kingdom
561908,23199,JUMBO BAG APPLES,10,2011-08-01T10:09:00,2.08,14239,United Kingdom
561908,23200,JUMBO BAG PEARS,10,2011-08-01T10:09:00,2.08,14239,United Kingdom
561909,21876,POTTERING MUG,24,2011-08-01T10:23:00,1.25,15625,United Kingdom
561909,20725,LUNCH BAG RED RETROSPOT,12,2011-08-01T10:23:00,1.65,15625,United Kingdom
561909,22966,GINGERBREAD MAN COOKIE CUTTER,12,2011-08-01T10:23:00,1.25,15625,United Kingdom
561909,23206,LUNCH BAG APPLE DESIGN,10,2011-08-01T10:23:00,1.65,15625,United Kingdom
561909,15036,ASSORTED COLOURS SILK FAN,48,2011-08-01T10:23:00,0.83,15625,United Kingdom
561909,21914,BLUE HARMONICA IN BOX ,48,2011-08-01T10:23:00,1.25,15625,United Kingdom
561909,21915,RED  HARMONICA IN BOX ,48,2011-08-01T10:23:00,1.25,15625,United Kingdom
561909,21877,HOME SWEET HOME MUG,48,2011-08-01T10:23:00,1.25,15625,United Kingdom
561910,85123A,WHITE HANGING HEART T-LIGHT HOLDER,12,2011-08-01T10:23:00,2.95,17053,United Kingdom
561910,85066,CREAM SWEETHEART MINI CHEST,6,2011-08-01T10:23:00,10.95,17053,United Kingdom
561910,22637,PIGGY BANK RETROSPOT ,12,2011-08-01T10:23:00,2.1,17053,United Kingdom
561910,22070,SMALL RED RETROSPOT MUG IN BOX ,12,2011-08-01T10:23:00,3.39,17053,United Kingdom
561910,21844,RED RETROSPOT MUG,12,2011-08-01T10:23:00,2.55,17053,United Kingdom
561910,21843,RED RETROSPOT CAKE STAND,6,2011-08-01T10:23:00,9.95,17053,United Kingdom
561910,21539,RED RETROSPOT BUTTER DISH,12,2011-08-01T10:23:00,4.25,17053,United Kingdom
561910,21533,RETROSPOT LARGE MILK JUG,12,2011-08-01T10:23:00,4.25,17053,United Kingdom
561910,21531,RED RETROSPOT SUGAR JAM BOWL,6,2011-08-01T10:23:00,2.1,17053,United Kingdom
561910,21218,RED SPOTTY BISCUIT TIN,6,2011-08-01T10:23:00,3.25,17053,United Kingdom
561910,21216,"SET 3 RETROSPOT TEA,COFFEE,SUGAR",12,2011-08-01T10:23:00,4.25,17053,United Kingdom
561910,20914,SET/5 RED RETROSPOT LID GLASS BOWLS,8,2011-08-01T10:23:00,2.55,17053,United Kingdom
561910,22795,SWEETHEART RECIPE BOOK STAND,6,2011-08-01T10:23:00,5.95,17053,United Kingdom
561911,22652,TRAVEL SEWING KIT,10,2011-08-01T10:26:00,1.65,12534,Germany
561911,85049E,SCANDINAVIAN REDS RIBBONS,12,2011-08-01T10:26:00,1.25,12534,Germany
561911,22077,6 RIBBONS RUSTIC CHARM,12,2011-08-01T10:26:00,1.65,12534,Germany
561911,22082,RIBBON REEL STRIPES DESIGN ,10,2011-08-01T10:26:00,1.65,12534,Germany
561911,85049H,URBAN BLACK RIBBONS ,12,2011-08-01T10:26:00,1.25,12534,Germany
561911,22150,3 STRIPEY MICE FELTCRAFT,6,2011-08-01T10:26:00,1.95,12534,Germany
561911,22668,PINK BABY BUNTING,5,2011-08-01T10:26:00,2.95,12534,Germany
561911,21672,WHITE SPOT RED CERAMIC DRAWER KNOB,12,2011-08-01T10:26:00,1.25,12534,Germany
561911,21668,RED STRIPE CERAMIC DRAWER KNOB,12,2011-08-01T10:26:00,1.25,12534,Germany
561911,21669,BLUE STRIPE CERAMIC DRAWER KNOB,12,2011-08-01T10:26:00,1.25,12534,Germany
561911,23028,DRAWER KNOB CRACKLE GLAZE BLUE,6,2011-08-01T10:26:00,1.65,12534,Germany
561911,23029,DRAWER KNOB CRACKLE GLAZE GREEN,6,2011-08-01T10:26:00,1.65,12534,Germany
561911,23031,DRAWER KNOB CRACKLE GLAZE PINK,6,2011-08-01T10:26:00,1.65,12534,Germany
561911,21670,BLUE SPOT CERAMIC DRAWER KNOB,12,2011-08-01T10:26:00,1.25,12534,Germany
561911,22469,HEART OF WICKER SMALL,12,2011-08-01T10:26:00,1.65,12534,Germany
561911,23321,SMALL WHITE HEART OF WICKER,12,2011-08-01T10:26:00,1.65,12534,Germany
561911,84879,ASSORTED COLOUR BIRD ORNAMENT,8,2011-08-01T10:26:00,1.69,12534,Germany
561911,22989,SET 2 PANTRY DESIGN TEA TOWELS,6,2011-08-01T10:26:00,3.25,12534,Germany
561911,22937,BAKING MOULD CHOCOLATE CUPCAKES,6,2011-08-01T10:26:00,2.55,12534,Germany
561911,21154,RED RETROSPOT OVEN GLOVE ,10,2011-08-01T10:26:00,1.25,12534,Germany
561911,35810A,ENAMEL PINK COFFEE CONTAINER,12,2011-08-01T10:26:00,0.83,12534,Germany
561911,23134,LARGE ZINC HEART WALL ORGANISER,2,2011-08-01T10:26:00,8.25,12534,Germany
561911,21977,PACK OF 60 PINK PAISLEY CAKE CASES,24,2011-08-01T10:26:00,0.55,12534,Germany
561911,21976,PACK OF 60 MUSHROOM CAKE CASES,24,2011-08-01T10:26:00,0.55,12534,Germany
561911,23297,SET 40 HEART SHAPE PETIT FOUR CASES,16,2011-08-01T10:26:00,1.65,12534,Germany
561911,22558,CLOTHES PEGS RETROSPOT PACK 24 ,12,2011-08-01T10:26:00,1.65,12534,Germany
561911,23245,SET OF 3 REGENCY CAKE TINS,4,2011-08-01T10:26:00,4.95,12534,Germany
561911,22196,SMALL HEART MEASURING SPOONS,12,2011-08-01T10:26:00,0.85,12534,Germany
561911,23108,SET OF 10 LED DOLLY LIGHTS,2,2011-08-01T10:26:00,6.25,12534,Germany
561911,22180,RETROSPOT LAMP,4,2011-08-01T10:26:00,9.95,12534,Germany
561911,22554,PLASTERS IN TIN WOODLAND ANIMALS,12,2011-08-01T10:26:00,1.65,12534,Germany
561911,21197,MULTICOLOUR  CONFETTI IN TUBE,12,2011-08-01T10:26:00,1.65,12534,Germany
561911,21700,BIG DOUGHNUT FRIDGE MAGNETS,12,2011-08-01T10:26:00,0.85,12534,Germany
561911,20977,36 PENCILS TUBE WOODLAND,16,2011-08-01T10:26:00,1.25,12534,Germany
561911,22505,MEMO BOARD COTTAGE DESIGN,4,2011-08-01T10:26:00,4.95,12534,Germany
561911,20997,ROSE DU SUD CUSHION COVER ,6,2011-08-01T10:26:00,4.95,12534,Germany
561911,23286,BLUE VINTAGE SPOT BEAKER,8,2011-08-01T10:26:00,0.85,12534,Germany
561911,23285,PINK VINTAGE SPOT BEAKER,8,2011-08-01T10:26:00,0.85,12534,Germany
561911,85014A,BLACK/BLUE POLKADOT UMBRELLA,3,2011-08-01T10:26:00,5.95,12534,Germany
561911,22129,PARTY CONES CANDY TREE DECORATION,12,2011-08-01T10:26:00,0.85,12534,Germany
561911,21577,SAVE THE PLANET COTTON TOTE BAG,6,2011-08-01T10:26:00,2.25,12534,Germany
561911,21578,WOODLAND DESIGN  COTTON TOTE BAG,6,2011-08-01T10:26:00,2.25,12534,Germany
561911,20718,RED RETROSPOT SHOPPER BAG,10,2011-08-01T10:26:00,1.25,12534,Germany
561911,84970L,SINGLE HEART ZINC T-LIGHT HOLDER,12,2011-08-01T10:26:00,0.95,12534,Germany
561911,84970S,HANGING HEART ZINC T-LIGHT HOLDER,12,2011-08-01T10:26:00,0.85,12534,Germany
561911,84978,HANGING HEART JAR T-LIGHT HOLDER,12,2011-08-01T10:26:00,1.25,12534,Germany
561911,21666,RIDGED GLASS T-LIGHT HOLDER,12,2011-08-01T10:26:00,0.65,12534,Germany
561911,22791,T-LIGHT GLASS FLUTED ANTIQUE,12,2011-08-01T10:26:00,1.25,12534,Germany
561911,84946,ANTIQUE SILVER T-LIGHT GLASS,12,2011-08-01T10:26:00,1.25,12534,Germany
561911,21124,SET/10 BLUE POLKADOT PARTY CANDLES,24,2011-08-01T10:26:00,1.25,12534,Germany
561911,21122,SET/10 PINK POLKADOT PARTY CANDLES,24,2011-08-01T10:26:00,1.25,12534,Germany
561911,21500,PINK POLKADOT WRAP ,25,2011-08-01T10:26:00,0.42,12534,Germany
561911,21498,RED RETROSPOT WRAP ,25,2011-08-01T10:26:00,0.42,12534,Germany
561911,21499,BLUE POLKADOT WRAP,25,2011-08-01T10:26:00,0.42,12534,Germany
561911,21735,TWO DOOR CURIO CABINET,2,2011-08-01T10:26:00,12.75,12534,Germany
561911,21894,POTTING SHED SEED ENVELOPES,12,2011-08-01T10:26:00,1.25,12534,Germany
561911,85161,ACRYLIC GEOMETRIC LAMP,1,2011-08-01T10:26:00,18.95,12534,Germany
561911,22487,WHITE WOOD GARDEN PLANT LADDER,2,2011-08-01T10:26:00,9.95,12534,Germany
561911,15058A,BLUE POLKADOT GARDEN PARASOL,2,2011-08-01T10:26:00,7.95,12534,Germany
561911,15058B,PINK POLKADOT GARDEN PARASOL,2,2011-08-01T10:26:00,7.95,12534,Germany
561911,22962,JAM JAR WITH PINK LID,12,2011-08-01T10:26:00,0.85,12534,Germany
561911,84819,DANISH ROSE ROUND SEWING BOX,3,2011-08-01T10:26:00,4.25,12534,Germany
561911,POST,POSTAGE,6,2011-08-01T10:26:00,18,12534,Germany
561912,23232,WRAP VINTAGE LEAF DESIGN,25,2011-08-01T11:08:00,0.42,13184,United Kingdom
561912,16161U,WRAP SUKI AND FRIENDS,25,2011-08-01T11:08:00,0.42,13184,United Kingdom
561912,22704,WRAP RED APPLES ,25,2011-08-01T11:08:00,0.42,13184,United Kingdom
561912,22047,EMPIRE GIFT WRAP,25,2011-08-01T11:08:00,0.42,13184,United Kingdom
561912,21794,CLASSIC FRENCH STYLE BASKET NATURAL,2,2011-08-01T11:08:00,3.95,13184,United Kingdom
561912,84508A,CAMOUFLAGE DESIGN TEDDY,1,2011-08-01T11:08:00,2.55,13184,United Kingdom
561912,21793,CLASSIC FRENCH STYLE BASKET BROWN,2,2011-08-01T11:08:00,3.95,13184,United Kingdom
561912,22057,CERAMIC PLATE STRAWBERRY DESIGN,4,2011-08-01T11:08:00,1.49,13184,United Kingdom
561912,37500,TEA TIME TEAPOT IN GIFT BOX,2,2011-08-01T11:08:00,4.95,13184,United Kingdom
561912,21696,SMALL SILVER TRELLIS CANDLEPOT,6,2011-08-01T11:08:00,2.95,13184,United Kingdom
561912,20832,RED FLOCK LOVE HEART PHOTO FRAME,24,2011-08-01T11:08:00,0.39,13184,United Kingdom
561912,21287,SCENTED VELVET LOUNGE CANDLE ,12,2011-08-01T11:08:00,0.38,13184,United Kingdom
561912,21359,RELAX LARGE WOOD LETTERS,2,2011-08-01T11:08:00,3.95,13184,United Kingdom
561912,79051A,SMOKEY GREY COLOUR D.O.F. GLASS,4,2011-08-01T11:08:00,0.29,13184,United Kingdom
561912,79030D,TUMBLER BAROQUE,6,2011-08-01T11:08:00,0.39,13184,United Kingdom
561912,21695,SMALL SILVER FLOWER CANDLE POT,6,2011-08-01T11:08:00,2.95,13184,United Kingdom
561912,37447,CERAMIC CAKE DESIGN SPOTTED PLATE,4,2011-08-01T11:08:00,1.49,13184,United Kingdom
561912,79051A,SMOKEY GREY COLOUR D.O.F. GLASS,8,2011-08-01T11:08:00,0.29,13184,United Kingdom
561912,79030D,TUMBLER BAROQUE,6,2011-08-01T11:08:00,0.39,13184,United Kingdom
561912,22649,STRAWBERRY FAIRY CAKE TEAPOT,2,2011-08-01T11:08:00,4.95,13184,United Kingdom
561912,22062,CERAMIC BOWL WITH LOVE HEART DESIGN,2,2011-08-01T11:08:00,0.83,13184,United Kingdom
561912,84944,SET OF 6 KASHMIR FOLKART BAUBLES,1,2011-08-01T11:08:00,1.65,13184,United Kingdom
561912,22157,ANGEL DECORATION WITH LACE PADDED,24,2011-08-01T11:08:00,0.85,13184,United Kingdom
561913,22601,CHRISTMAS RETROSPOT ANGEL WOOD,1,2011-08-01T11:12:00,0.85,13184,United Kingdom
561913,35954,SMALL FOLKART STAR CHRISTMAS DEC,2,2011-08-01T11:12:00,0.42,13184,United Kingdom
561913,84944,SET OF 6 KASHMIR FOLKART BAUBLES,4,2011-08-01T11:12:00,1.65,13184,United Kingdom
561914,79321,CHILLI LIGHTS,4,2011-08-01T11:13:00,5.75,17676,United Kingdom
561914,85123A,WHITE HANGING HEART T-LIGHT HOLDER,6,2011-08-01T11:13:00,2.95,17676,United Kingdom
561914,23208,LUNCH BAG VINTAGE LEAF DESIGN,10,2011-08-01T11:13:00,1.65,17676,United Kingdom
561914,21934,SKULL SHOULDER BAG,10,2011-08-01T11:13:00,1.65,17676,United Kingdom
561914,23148,MINIATURE ANTIQUE ROSE HOOK IVORY,12,2011-08-01T11:13:00,0.83,17676,United Kingdom
561914,21871,SAVE THE PLANET MUG,12,2011-08-01T11:13:00,1.25,17676,United Kingdom
561914,20725,LUNCH BAG RED RETROSPOT,10,2011-08-01T11:13:00,1.65,17676,United Kingdom
561914,20724,RED RETROSPOT CHARLOTTE BAG,10,2011-08-01T11:13:00,0.85,17676,United Kingdom
561914,20719,WOODLAND CHARLOTTE BAG,10,2011-08-01T11:13:00,0.85,17676,United Kingdom
561914,20723,STRAWBERRY CHARLOTTE BAG,10,2011-08-01T11:13:00,0.85,17676,United Kingdom
561914,22355,CHARLOTTE BAG SUKI DESIGN,10,2011-08-01T11:13:00,0.85,17676,United Kingdom
561914,22661,CHARLOTTE BAG DOLLY GIRL DESIGN,10,2011-08-01T11:13:00,0.85,17676,United Kingdom
561914,23206,LUNCH BAG APPLE DESIGN,10,2011-08-01T11:13:00,1.65,17676,United Kingdom
561914,23204,CHARLOTTE BAG APPLES DESIGN,10,2011-08-01T11:13:00,0.85,17676,United Kingdom
561915,22625,RED KITCHEN SCALES,1,2011-08-01T11:23:00,8.5,14408,United Kingdom
561915,23032,DRAWER KNOB CRACKLE GLAZE IVORY,6,2011-08-01T11:23:00,1.65,14408,United Kingdom
561915,23029,DRAWER KNOB CRACKLE GLAZE GREEN,6,2011-08-01T11:23:00,1.65,14408,United Kingdom
561915,22895,SET OF 2 TEA TOWELS APPLE AND PEARS,1,2011-08-01T11:23:00,3.25,14408,United Kingdom
561915,22939,APRON APPLE DELIGHT,1,2011-08-01T11:23:00,4.95,14408,United Kingdom
561915,23298,SPOTTY BUNTING,1,2011-08-01T11:23:00,4.95,14408,United Kingdom
561915,82484,WOOD BLACK BOARD ANT WHITE FINISH,2,2011-08-01T11:23:00,7.95,14408,United Kingdom
561915,21175,GIN + TONIC DIET METAL SIGN,12,2011-08-01T11:23:00,2.55,14408,United Kingdom
561915,22412,METAL SIGN NEIGHBOURHOOD WITCH ,12,2011-08-01T11:23:00,2.1,14408,United Kingdom
561915,82486,WOOD S/3 CABINET ANT WHITE FINISH,2,2011-08-01T11:23:00,8.95,14408,United Kingdom
561915,21175,GIN + TONIC DIET METAL SIGN,24,2011-08-01T11:23:00,2.55,14408,United Kingdom
561915,82600,NO SINGING METAL SIGN,24,2011-08-01T11:23:00,2.1,14408,United Kingdom
561915,85152,HAND OVER THE CHOCOLATE   SIGN ,12,2011-08-01T11:23:00,2.1,14408,United Kingdom
561915,82582,AREA PATROLLED METAL SIGN,12,2011-08-01T11:23:00,2.1,14408,United Kingdom
561915,21165,BEWARE OF THE CAT METAL SIGN ,24,2011-08-01T11:23:00,1.69,14408,United Kingdom
561915,84947,ANTIQUE SILVER TEA GLASS ENGRAVED,6,2011-08-01T11:23:00,1.25,14408,United Kingdom
561915,23217,LAUREL HEART ANTIQUE SILVER,36,2011-08-01T11:23:00,1.25,14408,United Kingdom
561915,21818,GLITTER HEART DECORATION,36,2011-08-01T11:23:00,0.85,14408,United Kingdom
561915,23076,ICE CREAM SUNDAE LIP GLOSS,48,2011-08-01T11:23:00,1.25,14408,United Kingdom
561915,22297,HEART IVORY TRELLIS SMALL,24,2011-08-01T11:23:00,1.25,14408,United Kingdom
561915,84947,ANTIQUE SILVER TEA GLASS ENGRAVED,6,2011-08-01T11:23:00,1.25,14408,United Kingdom
561915,84836,ZINC METAL HEART DECORATION,24,2011-08-01T11:23:00,1.25,14408,United Kingdom
561915,21811,HANGING HEART WITH BELL,48,2011-08-01T11:23:00,1.25,14408,United Kingdom
561915,21232,STRAWBERRY CERAMIC TRINKET BOX,8,2011-08-01T11:23:00,1.25,14408,United Kingdom
561915,84879,ASSORTED COLOUR BIRD ORNAMENT,16,2011-08-01T11:23:00,1.69,14408,United Kingdom
561915,21181,PLEASE ONE PERSON METAL SIGN,1,2011-08-01T11:23:00,2.1,14408,United Kingdom
561915,21770,OPEN CLOSED METAL SIGN,1,2011-08-01T11:23:00,4.95,14408,United Kingdom
561915,21907,I'M ON HOLIDAY METAL SIGN,6,2011-08-01T11:23:00,2.1,14408,United Kingdom
561915,23028,DRAWER KNOB CRACKLE GLAZE BLUE,2,2011-08-01T11:23:00,1.65,14408,United Kingdom
561915,21874,GIN AND TONIC MUG,6,2011-08-01T11:23:00,1.25,14408,United Kingdom
561915,22178,VICTORIAN GLASS HANGING T-LIGHT,24,2011-08-01T11:23:00,1.25,14408,United Kingdom
561915,84559B,3D SHEET OF CAT STICKERS,21,2011-08-01T11:23:00,0.85,14408,United Kingdom
561915,22030,SWALLOWS GREETING CARD,12,2011-08-01T11:23:00,0.42,14408,United Kingdom
561915,21985,PACK OF 12 HEARTS DESIGN TISSUES ,12,2011-08-01T11:23:00,0.29,14408,United Kingdom
561915,21986,PACK OF 12 PINK POLKADOT TISSUES,12,2011-08-01T11:23:00,0.29,14408,United Kingdom
561915,23032,DRAWER KNOB CRACKLE GLAZE IVORY,2,2011-08-01T11:23:00,1.65,14408,United Kingdom
561915,23027,DRAWER KNOB VINTAGE GLASS HEXAGON,2,2011-08-01T11:23:00,2.08,14408,United Kingdom
561915,20992,JAZZ HEARTS PURSE NOTEBOOK,8,2011-08-01T11:23:00,0.39,14408,United Kingdom
561915,84536A,ENGLISH ROSE NOTEBOOK A7 SIZE,12,2011-08-01T11:23:00,0.42,14408,United Kingdom
561915,22757,LARGE RED BABUSHKA NOTEBOOK ,4,2011-08-01T11:23:00,1.25,14408,United Kingdom
561915,22758,LARGE PURPLE BABUSHKA NOTEBOOK  ,4,2011-08-01T11:23:00,1.25,14408,United Kingdom
561915,22753,SMALL YELLOW BABUSHKA NOTEBOOK ,4,2011-08-01T11:23:00,0.85,14408,United Kingdom
561915,51014L,"FEATHER PEN,LIGHT PINK",24,2011-08-01T11:23:00,0.39,14408,United Kingdom
561915,51014A,"FEATHER PEN,HOT PINK",24,2011-08-01T11:23:00,0.39,14408,United Kingdom
561915,21034,REX CASH+CARRY JUMBO SHOPPER,2,2011-08-01T11:23:00,0.95,14408,United Kingdom
561916,M,Manual,1,2011-08-01T11:44:00,0,15581,United Kingdom
561916,M,Manual,1,2011-08-01T11:44:00,250,15581,United Kingdom
561917,84971S,SMALL HEART FLOWERS HOOK ,2,2011-08-01T11:57:00,0.85,16904,United Kingdom
561917,23139,SINGLE WIRE HOOK PINK HEART,2,2011-08-01T11:57:00,1.45,16904,United Kingdom
561917,21054,NURSE'S BAG SOFT TOY,1,2011-08-01T11:57:00,8.95,16904,United Kingdom
561917,21056,DOCTOR'S BAG SOFT TOY,1,2011-08-01T11:57:00,8.95,16904,United Kingdom
561917,23301,GARDENERS KNEELING PAD KEEP CALM ,4,2011-08-01T11:57:00,1.65,16904,United Kingdom
561917,23300,GARDENERS KNEELING PAD CUP OF TEA ,5,2011-08-01T11:57:00,1.65,16904,United Kingdom
561917,21793,CLASSIC FRENCH STYLE BASKET BROWN,1,2011-08-01T11:57:00,3.95,16904,United Kingdom
561917,23203,JUMBO BAG DOILEY PATTERNS,1,2011-08-01T11:57:00,2.08,16904,United Kingdom
561917,23200,JUMBO BAG PEARS,1,2011-08-01T11:57:00,2.08,16904,United Kingdom
561917,23199,JUMBO BAG APPLES,1,2011-08-01T11:57:00,2.08,16904,United Kingdom
561917,22386,JUMBO BAG PINK POLKADOT,3,2011-08-01T11:57:00,2.08,16904,United Kingdom
561917,21794,CLASSIC FRENCH STYLE BASKET NATURAL,1,2011-08-01T11:57:00,3.95,16904,United Kingdom
561917,15044D,RED PAPER PARASOL,1,2011-08-01T11:57:00,2.95,16904,United Kingdom
561917,15044C,PURPLE PAPER PARASOL,1,2011-08-01T11:57:00,2.95,16904,United Kingdom
561917,15044A,PINK PAPER PARASOL ,1,2011-08-01T11:57:00,2.95,16904,United Kingdom
561917,21411,GINGHAM HEART  DOORSTOP RED,2,2011-08-01T11:57:00,4.25,16904,United Kingdom
561917,84406B,CREAM CUPID HEARTS COAT HANGER,2,2011-08-01T11:57:00,4.15,16904,United Kingdom
561917,84792,ENCHANTED BIRD COATHANGER 5 HOOK,1,2011-08-01T11:57:00,4.65,16904,United Kingdom
561917,23147,SINGLE ANTIQUE ROSE HOOK IVORY,2,2011-08-01T11:57:00,1.45,16904,United Kingdom
561917,23148,MINIATURE ANTIQUE ROSE HOOK IVORY,2,2011-08-01T11:57:00,0.83,16904,United Kingdom
561917,23146,TRIPLE HOOK ANTIQUE IVORY ROSE,1,2011-08-01T11:57:00,3.29,16904,United Kingdom
561917,21922,UNION STRIPE WITH FRINGE  HAMMOCK,1,2011-08-01T11:57:00,7.95,16904,United Kingdom
561917,84795B,SUNSET CHECK HAMMOCK,1,2011-08-01T11:57:00,7.95,16904,United Kingdom
561917,22671,FRENCH LAUNDRY SIGN BLUE METAL,1,2011-08-01T11:57:00,1.65,16904,United Kingdom
561917,22672,FRENCH BATHROOM SIGN BLUE METAL,1,2011-08-01T11:57:00,1.65,16904,United Kingdom
561917,22674,FRENCH TOILET SIGN BLUE METAL,1,2011-08-01T11:57:00,1.25,16904,United Kingdom
561917,22673,FRENCH GARDEN SIGN BLUE METAL,1,2011-08-01T11:57:00,1.25,16904,United Kingdom
561917,22675,FRENCH KITCHEN SIGN BLUE METAL,1,2011-08-01T11:57:00,1.25,16904,United Kingdom
561917,21162,TOXIC AREA  DOOR HANGER ,1,2011-08-01T11:57:00,0.39,16904,United Kingdom
561917,21159,MOODY BOY  DOOR HANGER ,2,2011-08-01T11:57:00,0.39,16904,United Kingdom
561917,21248,DOOR HANGER  MUM + DADS ROOM,1,2011-08-01T11:57:00,1.45,16904,United Kingdom
561917,22948,METAL DECORATION NAUGHTY CHILDREN ,3,2011-08-01T11:57:00,0.85,16904,United Kingdom
561917,85152,HAND OVER THE CHOCOLATE   SIGN ,1,2011-08-01T11:57:00,2.1,16904,United Kingdom
561917,82580,BATHROOM METAL SIGN,1,2011-08-01T11:57:00,0.55,16904,United Kingdom
561917,82581,TOILET METAL SIGN,1,2011-08-01T11:57:00,0.55,16904,United Kingdom
561917,82578,KITCHEN METAL SIGN,1,2011-08-01T11:57:00,0.55,16904,United Kingdom
561917,21174,POTTERING IN THE SHED METAL SIGN,1,2011-08-01T11:57:00,2.08,16904,United Kingdom
561917,21172,PARTY METAL SIGN ,2,2011-08-01T11:57:00,1.45,16904,United Kingdom
561917,21171,BATHROOM METAL SIGN ,1,2011-08-01T11:57:00,1.45,16904,United Kingdom
561917,22117,METAL SIGN HER DINNER IS SERVED ,1,2011-08-01T11:57:00,2.95,16904,United Kingdom
561917,21158,MOODY GIRL DOOR HANGER ,2,2011-08-01T11:57:00,0.39,16904,United Kingdom
561917,21165,BEWARE OF THE CAT METAL SIGN ,1,2011-08-01T11:57:00,1.69,16904,United Kingdom
561917,23049,RECYCLED ACAPULCO MAT RED,1,2011-08-01T11:57:00,8.25,16904,United Kingdom
561917,35650,VINTAGE BEAD PINK JEWEL STAND,1,2011-08-01T11:57:00,4.95,16904,United Kingdom
561917,22385,JUMBO BAG SPACEBOY DESIGN,1,2011-08-01T11:57:00,2.08,16904,United Kingdom
561917,21929,JUMBO BAG PINK VINTAGE PAISLEY,2,2011-08-01T11:57:00,2.08,16904,United Kingdom
561917,22411,JUMBO SHOPPER VINTAGE RED PAISLEY,1,2011-08-01T11:57:00,2.08,16904,United Kingdom
561917,85099B,JUMBO BAG RED RETROSPOT,1,2011-08-01T11:57:00,2.08,16904,United Kingdom
561917,85099C,JUMBO  BAG BAROQUE BLACK WHITE,2,2011-08-01T11:57:00,2.08,16904,United Kingdom
561917,20677,PINK POLKADOT BOWL,1,2011-08-01T11:57:00,1.25,16904,United Kingdom
561917,20675,BLUE POLKADOT BOWL,1,2011-08-01T11:57:00,1.25,16904,United Kingdom
561917,23080,RED METAL BOX TOP SECRET,1,2011-08-01T11:57:00,8.25,16904,United Kingdom
561917,23301,GARDENERS KNEELING PAD KEEP CALM ,2,2011-08-01T11:57:00,1.65,16904,United Kingdom
561917,23202,JUMBO BAG VINTAGE LEAF,1,2011-08-01T11:57:00,2.08,16904,United Kingdom
561917,21033,JUMBO BAG CHARLIE AND LOLA TOYS,1,2011-08-01T11:57:00,2.08,16904,United Kingdom
561917,85099F,JUMBO BAG STRAWBERRY,1,2011-08-01T11:57:00,2.08,16904,United Kingdom
561917,21931,JUMBO STORAGE BAG SUKI,1,2011-08-01T11:57:00,2.08,16904,United Kingdom
561917,20712,JUMBO BAG WOODLAND ANIMALS,1,2011-08-01T11:57:00,2.08,16904,United Kingdom
561917,21930,JUMBO STORAGE BAG SKULLS,1,2011-08-01T11:57:00,2.08,16904,United Kingdom
561917,48138,DOORMAT UNION FLAG,1,2011-08-01T11:57:00,7.95,16904,United Kingdom
561917,22692,DOORMAT WELCOME TO OUR HOME,1,2011-08-01T11:57:00,7.95,16904,United Kingdom
561917,22690,DOORMAT HOME SWEET HOME BLUE ,1,2011-08-01T11:57:00,7.95,16904,United Kingdom
561917,23140,TRIPLE WIRE HOOK IVORY HEART,1,2011-08-01T11:57:00,4.15,16904,United Kingdom
561917,23141,TRIPLE WIRE HOOK PINK HEART,1,2011-08-01T11:57:00,4.15,16904,United Kingdom
561917,23138,SINGLE WIRE HOOK IVORY HEART,2,2011-08-01T11:57:00,1.45,16904,United Kingdom
561918,85127,,-6,2011-08-01T12:05:00,0,,United Kingdom
561919,85017B,,-188,2011-08-01T12:08:00,0,,United Kingdom
561920,84352,Damages/samples,-52,2011-08-01T12:10:00,0,,United Kingdom
561921,22044,,-240,2011-08-01T12:11:00,0,,United Kingdom
561922,82486,WOOD S/3 CABINET ANT WHITE FINISH,2,2011-08-01T12:12:00,8.95,13167,United Kingdom
561922,22544,MINI JIGSAW SPACEBOY,1,2011-08-01T12:12:00,0.42,13167,United Kingdom
561922,22537,MAGIC DRAWING SLATE DINOSAUR,1,2011-08-01T12:12:00,0.42,13167,United Kingdom
561922,22382,LUNCH BAG SPACEBOY DESIGN ,1,2011-08-01T12:12:00,1.65,13167,United Kingdom
561922,22549,PICTURE DOMINOES,1,2011-08-01T12:12:00,1.45,13167,United Kingdom
561922,21791,VINTAGE HEADS AND TAILS CARD GAME ,1,2011-08-01T12:12:00,1.25,13167,United Kingdom
561922,22548,HEADS AND TAILS SPORTING FUN,1,2011-08-01T12:12:00,1.25,13167,United Kingdom
561922,21790,VINTAGE SNAP CARDS,2,2011-08-01T12:12:00,0.85,13167,United Kingdom
561922,20974,12 PENCILS SMALL TUBE SKULL,1,2011-08-01T12:12:00,0.65,13167,United Kingdom
561922,21828,EIGHT PIECE SNAKE  SET,1,2011-08-01T12:12:00,1.25,13167,United Kingdom
561922,22639,SET OF 4 NAPKIN CHARMS HEARTS,6,2011-08-01T12:12:00,2.55,13167,United Kingdom
561922,22604,SET OF 4 NAPKIN CHARMS CUTLERY,6,2011-08-01T12:12:00,2.55,13167,United Kingdom
561922,23152,IVORY SWEETHEART WIRE LETTER RACK ,4,2011-08-01T12:12:00,3.75,13167,United Kingdom
561922,21294,ETCHED GLASS COASTER,16,2011-08-01T12:12:00,0.39,13167,United Kingdom
561922,23169,CLASSIC GLASS COOKIE JAR,1,2011-08-01T12:12:00,4.15,13167,United Kingdom
561922,23298,SPOTTY BUNTING,2,2011-08-01T12:12:00,4.95,13167,United Kingdom
561922,82483,WOOD 2 DRAWER CABINET WHITE FINISH,2,2011-08-01T12:12:00,6.95,13167,United Kingdom
561922,20748,KENSINGTON COFFEE SET,2,2011-08-01T12:12:00,12.75,13167,United Kingdom
561922,23019,SMALL APOTHECARY MEASURING JAR ,1,2011-08-01T12:12:00,8.25,13167,United Kingdom
561922,85014A,BLACK/BLUE POLKADOT UMBRELLA,2,2011-08-01T12:12:00,5.95,13167,United Kingdom
561922,85014B,RED RETROSPOT UMBRELLA,2,2011-08-01T12:12:00,5.95,13167,United Kingdom
561922,51014A,"FEATHER PEN,HOT PINK",12,2011-08-01T12:12:00,0.39,13167,United Kingdom
561922,51014L,"FEATHER PEN,LIGHT PINK",12,2011-08-01T12:12:00,0.39,13167,United Kingdom
561923,23076,ICE CREAM SUNDAE LIP GLOSS,24,2011-08-01T12:16:00,1.25,14112,United Kingdom
561923,23204,CHARLOTTE BAG APPLES DESIGN,10,2011-08-01T12:16:00,0.85,14112,United Kingdom
561923,22355,CHARLOTTE BAG SUKI DESIGN,10,2011-08-01T12:16:00,0.85,14112,United Kingdom
561923,23206,LUNCH BAG APPLE DESIGN,10,2011-08-01T12:16:00,1.65,14112,United Kingdom
561923,22663,JUMBO BAG DOLLY GIRL DESIGN,10,2011-08-01T12:16:00,2.08,14112,United Kingdom
561923,23201,JUMBO BAG ALPHABET,10,2011-08-01T12:16:00,2.08,14112,United Kingdom
561923,23200,JUMBO BAG PEARS,10,2011-08-01T12:16:00,2.08,14112,United Kingdom
561923,23199,JUMBO BAG APPLES,10,2011-08-01T12:16:00,2.08,14112,United Kingdom
561923,85099B,JUMBO BAG RED RETROSPOT,10,2011-08-01T12:16:00,2.08,14112,United Kingdom
561923,21931,JUMBO STORAGE BAG SUKI,10,2011-08-01T12:16:00,2.08,14112,United Kingdom
561923,22386,JUMBO BAG PINK POLKADOT,10,2011-08-01T12:16:00,2.08,14112,United Kingdom
561923,23202,JUMBO BAG VINTAGE LEAF,10,2011-08-01T12:16:00,2.08,14112,United Kingdom
561923,23203,JUMBO BAG DOILEY PATTERNS,10,2011-08-01T12:16:00,2.08,14112,United Kingdom
561923,22411,JUMBO SHOPPER VINTAGE RED PAISLEY,10,2011-08-01T12:16:00,2.08,14112,United Kingdom
561923,23077,DOUGHNUT LIP GLOSS ,20,2011-08-01T12:16:00,1.25,14112,United Kingdom
561923,21124,SET/10 BLUE POLKADOT PARTY CANDLES,24,2011-08-01T12:16:00,1.25,14112,United Kingdom
561923,21123,SET/10 IVORY POLKADOT PARTY CANDLES,24,2011-08-01T12:16:00,1.25,14112,United Kingdom
561923,21122,SET/10 PINK POLKADOT PARTY CANDLES,24,2011-08-01T12:16:00,1.25,14112,United Kingdom
561923,21121,SET/10 RED POLKADOT PARTY CANDLES,24,2011-08-01T12:16:00,1.25,14112,United Kingdom
561923,22505,MEMO BOARD COTTAGE DESIGN,4,2011-08-01T12:16:00,4.95,14112,United Kingdom
561923,21156,RETROSPOT CHILDRENS APRON,8,2011-08-01T12:16:00,1.95,14112,United Kingdom
561923,22898,CHILDRENS APRON APPLES DESIGN,8,2011-08-01T12:16:00,1.95,14112,United Kingdom
561923,22139,RETROSPOT TEA SET CERAMIC 11 PC ,3,2011-08-01T12:16:00,4.95,14112,United Kingdom
561923,22436,12 COLOURED PARTY BALLOONS,20,2011-08-01T12:16:00,0.65,14112,United Kingdom
561923,22149,FELTCRAFT 6 FLOWER FRIENDS,6,2011-08-01T12:16:00,2.1,14112,United Kingdom
561923,22906,12 MESSAGE CARDS WITH ENVELOPES,12,2011-08-01T12:16:00,1.65,14112,United Kingdom
561923,22562,MONSTERS STENCIL CRAFT,12,2011-08-01T12:16:00,1.25,14112,United Kingdom
561923,22564,ALPHABET STENCIL CRAFT,12,2011-08-01T12:16:00,1.25,14112,United Kingdom
561923,22563,HAPPY STENCIL CRAFT,12,2011-08-01T12:16:00,1.25,14112,United Kingdom
561923,21239,PINK  POLKADOT CUP,8,2011-08-01T12:16:00,0.85,14112,United Kingdom
561923,21238,RED RETROSPOT CUP,8,2011-08-01T12:16:00,0.85,14112,United Kingdom
561923,84997D,CHILDRENS CUTLERY POLKADOT PINK,8,2011-08-01T12:16:00,4.15,14112,United Kingdom
561923,84997B,CHILDRENS CUTLERY RETROSPOT RED ,8,2011-08-01T12:16:00,4.15,14112,United Kingdom
561923,84992,72 SWEETHEART FAIRY CAKE CASES,24,2011-08-01T12:16:00,0.55,14112,United Kingdom
561923,22752,SET 7 BABUSHKA NESTING BOXES,2,2011-08-01T12:16:00,8.5,14112,United Kingdom
561923,85123A,WHITE HANGING HEART T-LIGHT HOLDER,6,2011-08-01T12:16:00,2.95,14112,United Kingdom
561923,22456,NATURAL SLATE CHALKBOARD LARGE ,3,2011-08-01T12:16:00,4.95,14112,United Kingdom
561923,22457,NATURAL SLATE HEART CHALKBOARD ,6,2011-08-01T12:16:00,2.95,14112,United Kingdom
561923,23310,BUBBLEGUM RING ASSORTED,36,2011-08-01T12:16:00,0.42,14112,United Kingdom
561924,22042,,-197,2011-08-01T12:27:00,0,,United Kingdom
561925,10080,GROOVY CACTUS INFLATABLE,12,2011-08-01T12:28:00,0.39,16551,United Kingdom
561925,47504H,ENGLISH ROSE SPIRIT LEVEL ,24,2011-08-01T12:28:00,0.79,16551,United Kingdom
561925,37449,CERAMIC CAKE STAND + HANGING CAKES,6,2011-08-01T12:28:00,9.95,16551,United Kingdom
561925,21213,PACK OF 72 SKULL CAKE CASES,72,2011-08-01T12:28:00,0.55,16551,United Kingdom
561925,22417,PACK OF 60 SPACEBOY CAKE CASES,48,2011-08-01T12:28:00,0.55,16551,United Kingdom
561925,21975,PACK OF 60 DINOSAUR CAKE CASES,48,2011-08-01T12:28:00,0.55,16551,United Kingdom
561925,23293,SET OF 12 FAIRY CAKE BAKING CASES,16,2011-08-01T12:28:00,0.83,16551,United Kingdom
561925,23295,SET OF 12 MINI LOAF BAKING CASES,16,2011-08-01T12:28:00,0.83,16551,United Kingdom
561925,23297,SET 40 HEART SHAPE PETIT FOUR CASES,32,2011-08-01T12:28:00,1.65,16551,United Kingdom
561925,23308,SET OF 60 VINTAGE LEAF CAKE CASES ,24,2011-08-01T12:28:00,0.55,16551,United Kingdom
561925,22964,3 PIECE SPACEBOY COOKIE CUTTER SET,18,2011-08-01T12:28:00,2.1,16551,United Kingdom
561926,22969,HOMEMADE JAM SCENTED CANDLES,12,2011-08-01T12:48:00,1.45,12749,United Kingdom
561926,22965,3 TRADITIONAl BISCUIT CUTTERS  SET,6,2011-08-01T12:48:00,2.1,12749,United Kingdom
561926,22966,GINGERBREAD MAN COOKIE CUTTER,12,2011-08-01T12:48:00,1.25,12749,United Kingdom
561926,22980,PANTRY SCRUBBING BRUSH,12,2011-08-01T12:48:00,1.65,12749,United Kingdom
561926,22978,PANTRY ROLLING PIN,6,2011-08-01T12:48:00,3.75,12749,United Kingdom
561926,22981,PANTRY APPLE CORER,12,2011-08-01T12:48:00,1.45,12749,United Kingdom
561926,23243,SET OF TEA COFFEE SUGAR TINS PANTRY,4,2011-08-01T12:48:00,4.95,12749,United Kingdom
561926,23307,SET OF 60 PANTRY DESIGN CAKE CASES ,24,2011-08-01T12:48:00,0.55,12749,United Kingdom
561926,23306,SET OF 36 DOILIES PANTRY DESIGN,12,2011-08-01T12:48:00,1.45,12749,United Kingdom
561926,22979,PANTRY WASHING UP BRUSH,12,2011-08-01T12:48:00,1.45,12749,United Kingdom
561926,22982,PANTRY PASTRY BRUSH,12,2011-08-01T12:48:00,1.25,12749,United Kingdom
561926,84378,SET OF 3 HEART COOKIE CUTTERS,12,2011-08-01T12:48:00,1.25,12749,United Kingdom
561926,84380,SET OF 3 BUTTERFLY COOKIE CUTTERS,12,2011-08-01T12:48:00,1.25,12749,United Kingdom
561926,22666,RECIPE BOX PANTRY YELLOW DESIGN,6,2011-08-01T12:48:00,2.95,12749,United Kingdom
561926,22907,PACK OF 20 NAPKINS PANTRY DESIGN,12,2011-08-01T12:48:00,0.85,12749,United Kingdom
561926,22699,ROSES REGENCY TEACUP AND SAUCER ,6,2011-08-01T12:48:00,2.95,12749,United Kingdom
561926,23173,REGENCY TEAPOT ROSES ,2,2011-08-01T12:48:00,9.95,12749,United Kingdom
561926,22697,GREEN REGENCY TEACUP AND SAUCER,6,2011-08-01T12:48:00,2.95,12749,United Kingdom
561926,22698,PINK REGENCY TEACUP AND SAUCER,6,2011-08-01T12:48:00,2.95,12749,United Kingdom
561926,23017,APOTHECARY MEASURING JAR,2,2011-08-01T12:48:00,12.5,12749,United Kingdom
561926,23015,CORDIAL GLASS JUG,2,2011-08-01T12:48:00,8.25,12749,United Kingdom
561926,23018,LARGE APOTHECARY MEASURING JAR ,1,2011-08-01T12:48:00,12.5,12749,United Kingdom
561926,23019,SMALL APOTHECARY MEASURING JAR ,1,2011-08-01T12:48:00,8.25,12749,United Kingdom
561926,23020,GLASS  SONGBIRD STORAGE JAR,2,2011-08-01T12:48:00,12.5,12749,United Kingdom
561926,23022,SMALL BONNE JAM JAR  T-LIGHT HOLDER,6,2011-08-01T12:48:00,2.08,12749,United Kingdom
561926,23021,GLASS BONNE JAM JAR,4,2011-08-01T12:48:00,4.15,12749,United Kingdom
561926,23169,CLASSIC GLASS COOKIE JAR,6,2011-08-01T12:48:00,4.15,12749,United Kingdom
561926,82484,WOOD BLACK BOARD ANT WHITE FINISH,2,2011-08-01T12:48:00,7.95,12749,United Kingdom
561926,22776,SWEETHEART CAKESTAND 3 TIER,3,2011-08-01T12:48:00,9.95,12749,United Kingdom
561926,84879,ASSORTED COLOUR BIRD ORNAMENT,8,2011-08-01T12:48:00,1.69,12749,United Kingdom
561926,23226,FILIGREE HEART DAISY WHITE,24,2011-08-01T12:48:00,1.25,12749,United Kingdom
561926,23227,FILIGREE HEART BUTTERFLY WHITE ,24,2011-08-01T12:48:00,1.25,12749,United Kingdom
561926,23228,FILIGREE HEART BIRD WHITE ,24,2011-08-01T12:48:00,1.25,12749,United Kingdom
561926,22296,HEART IVORY TRELLIS LARGE,12,2011-08-01T12:48:00,1.65,12749,United Kingdom
561926,22297,HEART IVORY TRELLIS SMALL,24,2011-08-01T12:48:00,1.25,12749,United Kingdom
561926,22169,FAMILY ALBUM WHITE PICTURE FRAME,4,2011-08-01T12:48:00,8.5,12749,United Kingdom
561926,22170,PICTURE FRAME WOOD TRIPLE PORTRAIT,4,2011-08-01T12:48:00,6.75,12749,United Kingdom
561926,22766,PHOTO FRAME CORNICE,8,2011-08-01T12:48:00,2.95,12749,United Kingdom
561926,22767,TRIPLE PHOTO FRAME CORNICE ,4,2011-08-01T12:48:00,9.95,12749,United Kingdom
561926,22768,FAMILY PHOTO FRAME CORNICE,4,2011-08-01T12:48:00,9.95,12749,United Kingdom
561926,22796,PHOTO FRAME 3 CLASSIC HANGING,4,2011-08-01T12:48:00,9.95,12749,United Kingdom
561926,23092,LARGE ANTIQUE WHITE PHOTO FRAME,2,2011-08-01T12:48:00,7.9,12749,United Kingdom
561926,82486,WOOD S/3 CABINET ANT WHITE FINISH,2,2011-08-01T12:48:00,8.95,12749,United Kingdom
561926,82483,WOOD 2 DRAWER CABINET WHITE FINISH,2,2011-08-01T12:48:00,6.95,12749,United Kingdom
561926,23118,PARISIENNE JEWELLERY DRAWER ,2,2011-08-01T12:48:00,7.5,12749,United Kingdom
561926,23111,PARISIENNE SEWING BOX,3,2011-08-01T12:48:00,12.5,12749,United Kingdom
561926,23112,PARISIENNE CURIO CABINET,2,2011-08-01T12:48:00,7.5,12749,United Kingdom
561926,23110,PARISIENNE KEY CABINET ,4,2011-08-01T12:48:00,5.75,12749,United Kingdom
561926,85066,CREAM SWEETHEART MINI CHEST,2,2011-08-01T12:48:00,12.75,12749,United Kingdom
561926,22171,3 HOOK PHOTO SHELF ANTIQUE WHITE,2,2011-08-01T12:48:00,8.5,12749,United Kingdom
561926,22456,NATURAL SLATE CHALKBOARD LARGE ,3,2011-08-01T12:48:00,4.95,12749,United Kingdom
561926,22760,"TRAY, BREAKFAST IN BED",2,2011-08-01T12:48:00,12.75,12749,United Kingdom
561926,22770,MIRROR CORNICE,2,2011-08-01T12:48:00,14.95,12749,United Kingdom
561926,23144,ZINC T-LIGHT HOLDER STARS SMALL,12,2011-08-01T12:48:00,0.83,12749,United Kingdom
561926,23145,ZINC T-LIGHT HOLDER STAR LARGE,12,2011-08-01T12:48:00,0.95,12749,United Kingdom
561926,23147,SINGLE ANTIQUE ROSE HOOK IVORY,12,2011-08-01T12:48:00,1.45,12749,United Kingdom
561926,22624,IVORY KITCHEN SCALES,2,2011-08-01T12:48:00,8.5,12749,United Kingdom
561926,22626,BLACK KITCHEN SCALES,2,2011-08-01T12:48:00,8.5,12749,United Kingdom
561926,23240,SET OF 4 KNICK KNACK TINS DOILEY ,6,2011-08-01T12:48:00,4.15,12749,United Kingdom
561926,23236,DOILEY STORAGE TIN,6,2011-08-01T12:48:00,2.89,12749,United Kingdom
561926,22081,RIBBON REEL FLORA + FAUNA ,10,2011-08-01T12:48:00,1.65,12749,United Kingdom
561926,22082,RIBBON REEL STRIPES DESIGN ,10,2011-08-01T12:48:00,1.65,12749,United Kingdom
561926,22423,REGENCY CAKESTAND 3 TIER,9,2011-08-01T12:48:00,12.75,12749,United Kingdom
561926,75049L,LARGE CIRCULAR MIRROR MOBILE,6,2011-08-01T12:48:00,1.25,12749,United Kingdom
561926,23245,SET OF 3 REGENCY CAKE TINS,8,2011-08-01T12:48:00,4.95,12749,United Kingdom
561926,23239,SET OF 4 KNICK KNACK TINS POPPIES,18,2011-08-01T12:48:00,4.15,12749,United Kingdom
561926,23308,SET OF 60 VINTAGE LEAF CAKE CASES ,48,2011-08-01T12:48:00,0.55,12749,United Kingdom
561926,23244,ROUND STORAGE TIN VINTAGE LEAF,12,2011-08-01T12:48:00,1.95,12749,United Kingdom
561926,23232,WRAP VINTAGE LEAF DESIGN,75,2011-08-01T12:48:00,0.42,12749,United Kingdom
561926,23235,STORAGE TIN VINTAGE LEAF,18,2011-08-01T12:48:00,2.89,12749,United Kingdom
561926,23196,VINTAGE LEAF MAGNETIC NOTEPAD,12,2011-08-01T12:48:00,1.45,12749,United Kingdom
561926,22077,6 RIBBONS RUSTIC CHARM,12,2011-08-01T12:48:00,1.65,12749,United Kingdom
561926,23233,WRAP POPPIES  DESIGN,25,2011-08-01T12:48:00,0.42,12749,United Kingdom
561926,23231,WRAP DOILEY DESIGN,25,2011-08-01T12:48:00,0.42,12749,United Kingdom
561926,23191,BUNDLE OF 3 RETRO NOTE BOOKS,12,2011-08-01T12:48:00,1.65,12749,United Kingdom
561926,23237,SET OF 4 KNICK KNACK TINS LEAF,6,2011-08-01T12:48:00,4.15,12749,United Kingdom
561926,79191C,RETRO PLASTIC ELEPHANT TRAY,12,2011-08-01T12:48:00,0.85,12749,United Kingdom
561926,23094,LE GRAND TRAY CHIC SET,2,2011-08-01T12:48:00,12.5,12749,United Kingdom
561926,22720,SET OF 3 CAKE TINS PANTRY DESIGN ,3,2011-08-01T12:48:00,4.95,12749,United Kingdom
561926,21217,RED RETROSPOT ROUND CAKE TINS,2,2011-08-01T12:48:00,9.95,12749,United Kingdom
561926,23165,LARGE CERAMIC TOP STORAGE JAR,12,2011-08-01T12:48:00,1.65,12749,United Kingdom
561926,23166,MEDIUM CERAMIC TOP STORAGE JAR,12,2011-08-01T12:48:00,1.25,12749,United Kingdom
561926,23167,SMALL CERAMIC TOP STORAGE JAR ,12,2011-08-01T12:48:00,0.83,12749,United Kingdom
561926,23198,PANTRY MAGNETIC  SHOPPING LIST,12,2011-08-01T12:48:00,1.45,12749,United Kingdom
561927,22740,?,-1060,2011-08-01T12:49:00,0,,United Kingdom
561928,23245,SET OF 3 REGENCY CAKE TINS,6,2011-08-01T12:50:00,4.95,12749,United Kingdom
C561966,22371,AIRLINE BAG VINTAGE TOKYO 78,-1,2011-08-01T13:11:00,4.13,,United Kingdom
C562016,21650,ASSORTED TUTTI FRUTTI BRACELET,-24,2011-08-01T14:12:00,0.19,14738,United Kingdom
C562020,23029,DRAWER KNOB CRACKLE GLAZE GREEN,-4,2011-08-01T15:13:00,1.65,16774,United Kingdom
C562022,22960,JAM MAKING SET WITH JARS,-2,2011-08-01T15:39:00,3.75,17389,United Kingdom
C562030,84595E,LARGE TORTILLA DESIGN RED BOWL,-1,2011-08-01T17:03:00,3.29,,United Kingdom
565080,20677,PINK POLKADOT BOWL,8,2011-09-01T08:25:00,1.25,13509,United Kingdom
565080,22128,PARTY CONES CANDY ASSORTED,24,2011-09-01T08:25:00,1.25,13509,United Kingdom
565081,21067,,1,2011-09-01T09:03:00,0,,United Kingdom
565082,22423,REGENCY CAKESTAND 3 TIER,2,2011-09-01T09:15:00,12.75,13305,United Kingdom
565082,15060B,FAIRY CAKE DESIGN UMBRELLA,8,2011-09-01T09:15:00,3.75,13305,United Kingdom
565082,23245,SET OF 3 REGENCY CAKE TINS,4,2011-09-01T09:15:00,4.95,13305,United Kingdom
565083,22609,PENS ASSORTED SPACEBALL,36,2011-09-01T09:19:00,0.19,16187,United Kingdom
565083,22741,FUNKY DIVA PEN,48,2011-09-01T09:19:00,0.85,16187,United Kingdom
565083,23146,TRIPLE HOOK ANTIQUE IVORY ROSE,16,2011-09-01T09:19:00,3.29,16187,United Kingdom
565083,72351A,SET/6 TURQUOISE BUTTERFLY T-LIGHTS,24,2011-09-01T09:19:00,2.1,16187,United Kingdom
565083,72351B,SET/6 PINK  BUTTERFLY T-LIGHTS,12,2011-09-01T09:19:00,2.1,16187,United Kingdom
565083,22652,TRAVEL SEWING KIT,10,2011-09-01T09:19:00,1.65,16187,United Kingdom
565083,22489,PACK OF 12 TRADITIONAL CRAYONS,24,2011-09-01T09:19:00,0.42,16187,United Kingdom
565083,22653,BUTTON BOX ,20,2011-09-01T09:19:00,1.95,16187,United Kingdom
565083,23263,SET OF 3 WOODEN HEART DECORATIONS,24,2011-09-01T09:19:00,1.25,16187,United Kingdom
565083,21415,CLAM SHELL SMALL ,24,2011-09-01T09:19:00,2.1,16187,United Kingdom
565083,22212,FOUR HOOK  WHITE LOVEBIRDS,6,2011-09-01T09:19:00,2.1,16187,United Kingdom
565084,23309,SET OF 60 I LOVE LONDON CAKE CASES ,120,2011-09-01T09:39:00,0.42,17306,United Kingdom
565084,22970,LONDON BUS COFFEE MUG,36,2011-09-01T09:39:00,2.1,17306,United Kingdom
565084,22988,SOLDIERS EGG CUP ,144,2011-09-01T09:39:00,1.06,17306,United Kingdom
565084,22902,TOTE BAG I LOVE LONDON,50,2011-09-01T09:39:00,1.69,17306,United Kingdom
565084,22659,LUNCH BOX I LOVE LONDON,64,2011-09-01T09:39:00,1.65,17306,United Kingdom
565084,22616,PACK OF 12 LONDON TISSUES ,432,2011-09-01T09:39:00,0.25,17306,United Kingdom
C565085,23079,TOADSTOOL BEDSIDE LIGHT ,-2,2011-09-01T09:40:00,8.95,12474,Germany
565086,22625,RED KITCHEN SCALES,7,2011-09-01T09:57:00,7.5,13631,United Kingdom
565087,23085,ANTIQUE SILVER BAUBLE LAMP  ,4,2011-09-01T10:03:00,10.4,13276,United Kingdom
565087,85048,15CM CHRISTMAS GLASS BALL 20 LIGHTS,2,2011-09-01T10:03:00,7.95,13276,United Kingdom
565087,22943,CHRISTMAS LIGHTS 10 VINTAGE BAUBLES,3,2011-09-01T10:03:00,4.95,13276,United Kingdom
565087,22423,REGENCY CAKESTAND 3 TIER,1,2011-09-01T10:03:00,12.75,13276,United Kingdom
565087,22890,NOVELTY BISCUITS CAKE STAND 3 TIER,2,2011-09-01T10:03:00,9.95,13276,United Kingdom
565087,37449,CERAMIC CAKE STAND + HANGING CAKES,2,2011-09-01T10:03:00,9.95,13276,United Kingdom
565087,23084,RABBIT NIGHT LIGHT,6,2011-09-01T10:03:00,2.08,13276,United Kingdom
565088,23293,SET OF 12 FAIRY CAKE BAKING CASES,8,2011-09-01T10:11:00,0.83,16145,United Kingdom
565088,23296,SET OF 6 TEA TIME BAKING CASES,8,2011-09-01T10:11:00,1.25,16145,United Kingdom
565088,23294,SET OF 6 SNACK LOAF BAKING CASES,8,2011-09-01T10:11:00,0.83,16145,United Kingdom
565088,23295,SET OF 12 MINI LOAF BAKING CASES,8,2011-09-01T10:11:00,0.83,16145,United Kingdom
565088,23328,SET 6 SCHOOL MILK BOTTLES IN CRATE,4,2011-09-01T10:11:00,3.75,16145,United Kingdom
565088,16008,SMALL FOLDING SCISSOR(POINTED EDGE),24,2011-09-01T10:11:00,0.12,16145,United Kingdom
565088,22095,LADS ONLY TISSUE BOX,36,2011-09-01T10:11:00,0.39,16145,United Kingdom
565088,22610,PENS ASSORTED FUNNY FACE,36,2011-09-01T10:11:00,0.19,16145,United Kingdom
565088,84625C,BLUE NEW BAROQUE CANDLESTICK CANDLE,24,2011-09-01T10:11:00,0.85,16145,United Kingdom
565088,23187,FRENCH STYLE STORAGE JAR BONBONS,48,2011-09-01T10:11:00,0.29,16145,United Kingdom
565088,85123A,WHITE HANGING HEART T-LIGHT HOLDER,6,2011-09-01T10:11:00,2.95,16145,United Kingdom
565088,23436,VINTAGE CHRISTMAS GIFT BAG LARGE ,12,2011-09-01T10:11:00,1.25,16145,United Kingdom
565088,23437, 50'S CHRISTMAS GIFT BAG LARGE,12,2011-09-01T10:11:00,1.25,16145,United Kingdom
565088,23354,6 GIFT TAGS 50'S CHRISTMAS ,12,2011-09-01T10:11:00,0.83,16145,United Kingdom
565088,22077,6 RIBBONS RUSTIC CHARM,12,2011-09-01T10:11:00,1.65,16145,United Kingdom
565088,23275,SET OF 3 HANGING OWLS OLLIE BEAK,12,2011-09-01T10:11:00,1.25,16145,United Kingdom
565088,23298,SPOTTY BUNTING,3,2011-09-01T10:11:00,4.95,16145,United Kingdom
565088,23313,VINTAGE CHRISTMAS BUNTING,5,2011-09-01T10:11:00,4.95,16145,United Kingdom
565088,22720,SET OF 3 CAKE TINS PANTRY DESIGN ,3,2011-09-01T10:11:00,4.95,16145,United Kingdom
565088,22196,SMALL HEART MEASURING SPOONS,12,2011-09-01T10:11:00,0.85,16145,United Kingdom
565088,21231,SWEETHEART CERAMIC TRINKET BOX,12,2011-09-01T10:11:00,1.25,16145,United Kingdom
565088,21232,STRAWBERRY CERAMIC TRINKET BOX,12,2011-09-01T10:11:00,1.25,16145,United Kingdom
565088,20914,SET/5 RED RETROSPOT LID GLASS BOWLS,6,2011-09-01T10:11:00,2.95,16145,United Kingdom
565088,22907,PACK OF 20 NAPKINS PANTRY DESIGN,12,2011-09-01T10:11:00,0.85,16145,United Kingdom
C565089,22553,PLASTERS IN TIN SKULLS,-12,2011-09-01T10:27:00,1.65,12645,Germany
565090,72741,GRAND CHOCOLATECANDLE,18,2011-09-01T10:28:00,1.45,17572,United Kingdom
565090,21107,CREAM SLICE FLANNEL PINK SPOT ,6,2011-09-01T10:28:00,2.95,17572,United Kingdom
565091,23032,DRAWER KNOB CRACKLE GLAZE IVORY,24,2011-09-01T10:28:00,1.65,16011,United Kingdom
565091,23034,DRAWER KNOB CERAMIC BLACK,12,2011-09-01T10:28:00,1.45,16011,United Kingdom
565091,23035,DRAWER KNOB CERAMIC IVORY,12,2011-09-01T10:28:00,1.45,16011,United Kingdom
565091,22077,6 RIBBONS RUSTIC CHARM,12,2011-09-01T10:28:00,1.65,16011,United Kingdom
565091,85049E,SCANDINAVIAN REDS RIBBONS,12,2011-09-01T10:28:00,1.25,16011,United Kingdom
565091,22076,6 RIBBONS EMPIRE  ,12,2011-09-01T10:28:00,1.65,16011,United Kingdom
565091,22676,FRENCH BLUE METAL DOOR SIGN 1,10,2011-09-01T10:28:00,1.25,16011,United Kingdom
565091,22677,FRENCH BLUE METAL DOOR SIGN 2,20,2011-09-01T10:28:00,1.25,16011,United Kingdom
565091,22681,FRENCH BLUE METAL DOOR SIGN 6,10,2011-09-01T10:28:00,1.25,16011,United Kingdom
565091,22685,FRENCH BLUE METAL DOOR SIGN 0,10,2011-09-01T10:28:00,1.25,16011,United Kingdom
565091,22680,FRENCH BLUE METAL DOOR SIGN 5,10,2011-09-01T10:28:00,1.25,16011,United Kingdom
565091,22943,CHRISTMAS LIGHTS 10 VINTAGE BAUBLES,3,2011-09-01T10:28:00,4.95,16011,United Kingdom
565091,22457,NATURAL SLATE HEART CHALKBOARD ,12,2011-09-01T10:28:00,2.95,16011,United Kingdom
565091,84946,ANTIQUE SILVER T-LIGHT GLASS,12,2011-09-01T10:28:00,1.25,16011,United Kingdom
565091,21668,RED STRIPE CERAMIC DRAWER KNOB,12,2011-09-01T10:28:00,1.25,16011,United Kingdom
565091,21670,BLUE SPOT CERAMIC DRAWER KNOB,12,2011-09-01T10:28:00,1.25,16011,United Kingdom
565092,23293,SET OF 12 FAIRY CAKE BAKING CASES,16,2011-09-01T10:36:00,0.83,14092,United Kingdom
565092,23296,SET OF 6 TEA TIME BAKING CASES,8,2011-09-01T10:36:00,1.25,14092,United Kingdom
565092,23084,RABBIT NIGHT LIGHT,18,2011-09-01T10:36:00,2.08,14092,United Kingdom
565092,22966,GINGERBREAD MAN COOKIE CUTTER,12,2011-09-01T10:36:00,1.25,14092,United Kingdom
565092,84380,SET OF 3 BUTTERFLY COOKIE CUTTERS,12,2011-09-01T10:36:00,1.25,14092,United Kingdom
565092,85123A,WHITE HANGING HEART T-LIGHT HOLDER,12,2011-09-01T10:36:00,2.95,14092,United Kingdom
565092,84978,HANGING HEART JAR T-LIGHT HOLDER,12,2011-09-01T10:36:00,1.25,14092,United Kingdom
565092,21212,PACK OF 72 RETROSPOT CAKE CASES,24,2011-09-01T10:36:00,0.55,14092,United Kingdom
565092,22956,36 FOIL HEART CAKE CASES,6,2011-09-01T10:36:00,2.1,14092,United Kingdom
565092,23307,SET OF 60 PANTRY DESIGN CAKE CASES ,24,2011-09-01T10:36:00,0.55,14092,United Kingdom
565092,23438, RED SPOT GIFT BAG LARGE,12,2011-09-01T10:36:00,1.25,14092,United Kingdom
565092,21314,SMALL GLASS HEART TRINKET POT,8,2011-09-01T10:36:00,2.1,14092,United Kingdom
565092,22197,POPCORN HOLDER,12,2011-09-01T10:36:00,0.85,14092,United Kingdom
565092,22993,SET OF 4 PANTRY JELLY MOULDS,12,2011-09-01T10:36:00,1.25,14092,United Kingdom
565092,22963,JAM JAR WITH GREEN LID,12,2011-09-01T10:36:00,0.85,14092,United Kingdom
565092,23245,SET OF 3 REGENCY CAKE TINS,4,2011-09-01T10:36:00,4.95,14092,United Kingdom
565092,22379,RECYCLING BAG RETROSPOT ,5,2011-09-01T10:36:00,2.1,14092,United Kingdom
565092,21121,SET/10 RED POLKADOT PARTY CANDLES,24,2011-09-01T10:36:00,1.25,14092,United Kingdom
565093,23012,GLASS APOTHECARY BOTTLE PERFUME,12,2011-09-01T10:38:00,3.45,13408,United Kingdom
565093,23013,GLASS APOTHECARY BOTTLE TONIC,12,2011-09-01T10:38:00,3.45,13408,United Kingdom
565093,23014,GLASS APOTHECARY BOTTLE ELIXIR,12,2011-09-01T10:38:00,3.45,13408,United Kingdom
565093,22147,FELTCRAFT BUTTERFLY HEARTS,40,2011-09-01T10:38:00,1.25,13408,United Kingdom
565093,22423,REGENCY CAKESTAND 3 TIER,16,2011-09-01T10:38:00,10.95,13408,United Kingdom
565093,84755,COLOUR GLASS T-LIGHT HOLDER HANGING,144,2011-09-01T10:38:00,0.55,13408,United Kingdom
565114,21789,KIDS RAIN MAC PINK,24,2011-09-01T11:15:00,0.85,13588,United Kingdom
565114,22492,MINI PAINT SET VINTAGE ,36,2011-09-01T11:15:00,0.65,13588,United Kingdom
565114,22493,PAINT YOUR OWN CANVAS SET,12,2011-09-01T11:15:00,1.65,13588,United Kingdom
565114,22536,MAGIC DRAWING SLATE PURDEY,24,2011-09-01T11:15:00,0.42,13588,United Kingdom
565114,22535,MAGIC DRAWING SLATE BUNNIES ,24,2011-09-01T11:15:00,0.42,13588,United Kingdom
565114,22545,MINI JIGSAW BUNNIES,24,2011-09-01T11:15:00,0.42,13588,United Kingdom
565114,22546,MINI JIGSAW PURDEY,24,2011-09-01T11:15:00,0.42,13588,United Kingdom
565114,23311,VINTAGE CHRISTMAS STOCKING ,6,2011-09-01T11:15:00,2.55,13588,United Kingdom
565114,22210,WOOD STAMP SET BEST WISHES,12,2011-09-01T11:15:00,0.83,13588,United Kingdom
565114,22208,WOOD STAMP SET THANK YOU,12,2011-09-01T11:15:00,0.83,13588,United Kingdom
565114,22209,WOOD STAMP SET HAPPY BIRTHDAY,12,2011-09-01T11:15:00,0.83,13588,United Kingdom
565114,16011,ANIMAL STICKERS,24,2011-09-01T11:15:00,0.21,13588,United Kingdom
565114,51014L,"FEATHER PEN,LIGHT PINK",24,2011-09-01T11:15:00,0.39,13588,United Kingdom
565114,84077,WORLD WAR 2 GLIDERS ASSTD DESIGNS,96,2011-09-01T11:15:00,0.29,13588,United Kingdom
565114,23445,ICE CREAM BUBBLES,20,2011-09-01T11:15:00,0.83,13588,United Kingdom
565114,21830,ASSORTED CREEPY CRAWLIES,24,2011-09-01T11:15:00,0.42,13588,United Kingdom
565114,22619,SET OF 6 SOLDIER SKITTLES,8,2011-09-01T11:15:00,3.75,13588,United Kingdom
565114,23355,HOT WATER BOTTLE KEEP CALM,4,2011-09-01T11:15:00,4.95,13588,United Kingdom
565114,15034,PAPER POCKET TRAVELING FAN ,24,2011-09-01T11:15:00,0.14,13588,United Kingdom
565114,22567,20 DOLLY PEGS RETROSPOT,24,2011-09-01T11:15:00,1.45,13588,United Kingdom
565114,22998,TRAVEL CARD WALLET KEEP CALM,24,2011-09-01T11:15:00,0.42,13588,United Kingdom
565114,22093,MOTORING TISSUE BOX,36,2011-09-01T11:15:00,0.39,13588,United Kingdom
565114,22410,MONEY BOX HOUSEKEEPING DESIGN,12,2011-09-01T11:15:00,1.25,13588,United Kingdom
565115,23018,LARGE APOTHECARY MEASURING JAR ,1,2011-09-01T11:22:00,12.5,16880,United Kingdom
565115,48138,DOORMAT UNION FLAG,3,2011-09-01T11:22:00,8.25,16880,United Kingdom
565115,20685,DOORMAT RED RETROSPOT,1,2011-09-01T11:22:00,8.25,16880,United Kingdom
565115,21955,DOORMAT UNION JACK GUNS AND ROSES,1,2011-09-01T11:22:00,8.25,16880,United Kingdom
565115,22690,DOORMAT HOME SWEET HOME BLUE ,1,2011-09-01T11:22:00,8.25,16880,United Kingdom
565115,48129,DOORMAT TOPIARY,1,2011-09-01T11:22:00,8.25,16880,United Kingdom
565115,22687,DOORMAT CHRISTMAS VILLAGE,3,2011-09-01T11:22:00,8.25,16880,United Kingdom
565115,21745,GAOLERS KEYS DECORATIVE GARDEN ,1,2011-09-01T11:22:00,3.75,16880,United Kingdom
565115,22197,POPCORN HOLDER,22,2011-09-01T11:22:00,0.85,16880,United Kingdom
565115,22412,METAL SIGN NEIGHBOURHOOD WITCH ,6,2011-09-01T11:22:00,2.1,16880,United Kingdom
565115,21172,PARTY METAL SIGN ,5,2011-09-01T11:22:00,1.45,16880,United Kingdom
565115,22481,BLACK TEA TOWEL CLASSIC DESIGN,1,2011-09-01T11:22:00,1.25,16880,United Kingdom
565115,82552,WASHROOM METAL SIGN,3,2011-09-01T11:22:00,1.45,16880,United Kingdom
565115,82551,LAUNDRY 15C METAL SIGN,3,2011-09-01T11:22:00,1.45,16880,United Kingdom
565115,21179,NO JUNK MAIL METAL SIGN,5,2011-09-01T11:22:00,0.39,16880,United Kingdom
565115,21028,NINJA RABBIT BLACK,4,2011-09-01T11:22:00,1.25,16880,United Kingdom
565115,21027,NINJA RABBIT PINK,9,2011-09-01T11:22:00,1.25,16880,United Kingdom
565115,21621,VINTAGE UNION JACK BUNTING,3,2011-09-01T11:22:00,8.5,16880,United Kingdom
565115,21830,ASSORTED CREEPY CRAWLIES,48,2011-09-01T11:22:00,0.42,16880,United Kingdom
565115,23017,APOTHECARY MEASURING JAR,2,2011-09-01T11:22:00,12.5,16880,United Kingdom
565115,23169,CLASSIC GLASS COOKIE JAR,1,2011-09-01T11:22:00,4.15,16880,United Kingdom
565115,23012,GLASS APOTHECARY BOTTLE PERFUME,1,2011-09-01T11:22:00,3.95,16880,United Kingdom
565115,23013,GLASS APOTHECARY BOTTLE TONIC,2,2011-09-01T11:22:00,3.95,16880,United Kingdom
565116,22086,PAPER CHAIN KIT 50'S CHRISTMAS ,40,2011-09-01T11:30:00,2.55,13089,United Kingdom
565116,23144,ZINC T-LIGHT HOLDER STARS SMALL,24,2011-09-01T11:30:00,0.83,13089,United Kingdom
565116,22867,HAND WARMER BIRD DESIGN,96,2011-09-01T11:30:00,1.85,13089,United Kingdom
565116,23439,HAND WARMER RED LOVE HEART,96,2011-09-01T11:30:00,1.85,13089,United Kingdom
565116,84945,MULTI COLOUR SILVER T-LIGHT HOLDER,192,2011-09-01T11:30:00,0.72,13089,United Kingdom
565116,23355,HOT WATER BOTTLE KEEP CALM,24,2011-09-01T11:30:00,4.15,13089,United Kingdom
565116,21485,RETROSPOT HEART HOT WATER BOTTLE,24,2011-09-01T11:30:00,4.25,13089,United Kingdom
565116,21479,WHITE SKULL HOT WATER BOTTLE ,24,2011-09-01T11:30:00,3.39,13089,United Kingdom
565116,23356,LOVE HOT WATER BOTTLE,24,2011-09-01T11:30:00,4.95,13089,United Kingdom
565116,22112,CHOCOLATE HOT WATER BOTTLE,24,2011-09-01T11:30:00,4.25,13089,United Kingdom
565116,84030E,ENGLISH ROSE HOT WATER BOTTLE,24,2011-09-01T11:30:00,3.75,13089,United Kingdom
565116,23358,HOT STUFF HOT WATER BOTTLE,36,2011-09-01T11:30:00,3.29,13089,United Kingdom
565116,23068,ALUMINIUM STAMPED HEART,16,2011-09-01T11:30:00,2.49,13089,United Kingdom
565116,21326,AGED GLASS SILVER T-LIGHT HOLDER,48,2011-09-01T11:30:00,0.65,13089,United Kingdom
565116,84946,ANTIQUE SILVER T-LIGHT GLASS,24,2011-09-01T11:30:00,1.25,13089,United Kingdom
565116,23223,CHRISTMAS TREE HANGING SILVER ,48,2011-09-01T11:30:00,0.83,13089,United Kingdom
565116,23215,JINGLE BELL HEART ANTIQUE SILVER,24,2011-09-01T11:30:00,2.08,13089,United Kingdom
565116,23225,CHERUB HEART DECORATION SILVER ,48,2011-09-01T11:30:00,0.83,13089,United Kingdom
565116,22952,60 CAKE CASES VINTAGE CHRISTMAS,48,2011-09-01T11:30:00,0.55,13089,United Kingdom
565116,23376,PACK OF 12 VINTAGE CHRISTMAS TISSUE,48,2011-09-01T11:30:00,0.39,13089,United Kingdom
565116,22632,HAND WARMER RED RETROSPOT,96,2011-09-01T11:30:00,1.85,13089,United Kingdom
565116,22865,HAND WARMER OWL DESIGN,96,2011-09-01T11:30:00,1.85,13089,United Kingdom
565116,22866,HAND WARMER SCOTTY DOG DESIGN,96,2011-09-01T11:30:00,1.85,13089,United Kingdom
565116,23320,GIANT 50'S CHRISTMAS CRACKER,12,2011-09-01T11:30:00,2.89,13089,United Kingdom
565116,85048,15CM CHRISTMAS GLASS BALL 20 LIGHTS,12,2011-09-01T11:30:00,6.95,13089,United Kingdom
565116,23375,50'S CHRISTMAS PAPER GIFT BAG,30,2011-09-01T11:30:00,0.82,13089,United Kingdom
565116,23378,PACK OF 12 50'S CHRISTMAS TISSUES,48,2011-09-01T11:30:00,0.39,13089,United Kingdom
565117,48185,DOORMAT FAIRY CAKE,4,2011-09-01T11:33:00,7.95,13089,United Kingdom
565117,22077,6 RIBBONS RUSTIC CHARM,12,2011-09-01T11:33:00,1.65,13089,United Kingdom
565117,20685,DOORMAT RED RETROSPOT,4,2011-09-01T11:33:00,7.95,13089,United Kingdom
565117,22464,HANGING METAL HEART LANTERN,12,2011-09-01T11:33:00,1.65,13089,United Kingdom
565117,22361,GLASS JAR DAISY FRESH COTTON WOOL,6,2011-09-01T11:33:00,2.95,13089,United Kingdom
565117,84978,HANGING HEART JAR T-LIGHT HOLDER,24,2011-09-01T11:33:00,1.25,13089,United Kingdom
565117,82600,NO SINGING METAL SIGN,12,2011-09-01T11:33:00,2.1,13089,United Kingdom
565117,47566,PARTY BUNTING,12,2011-09-01T11:33:00,4.95,13089,United Kingdom
565117,23307,SET OF 60 PANTRY DESIGN CAKE CASES ,24,2011-09-01T11:33:00,0.55,13089,United Kingdom
565117,23296,SET OF 6 TEA TIME BAKING CASES,16,2011-09-01T11:33:00,1.25,13089,United Kingdom
565117,23295,SET OF 12 MINI LOAF BAKING CASES,24,2011-09-01T11:33:00,0.83,13089,United Kingdom
565117,23282,FOLDING BUTTERFLY MIRROR IVORY ,12,2011-09-01T11:33:00,0.83,13089,United Kingdom
565117,23281,FOLDING BUTTERFLY MIRROR RED  ,12,2011-09-01T11:33:00,0.83,13089,United Kingdom
565117,23280,FOLDING BUTTERFLY MIRROR HOT PINK ,12,2011-09-01T11:33:00,0.83,13089,United Kingdom
565117,23245,SET OF 3 REGENCY CAKE TINS,6,2011-09-01T11:33:00,4.95,13089,United Kingdom
565117,23240,SET OF 4 KNICK KNACK TINS DOILY ,12,2011-09-01T11:33:00,4.15,13089,United Kingdom
565117,23206,LUNCH BAG APPLE DESIGN,12,2011-09-01T11:33:00,1.65,13089,United Kingdom
565117,23148,MINIATURE ANTIQUE ROSE HOOK IVORY,24,2011-09-01T11:33:00,0.83,13089,United Kingdom
565117,23118,PARISIENNE JEWELLERY DRAWER ,6,2011-09-01T11:33:00,7.5,13089,United Kingdom
565117,23111,PARISIENNE SEWING BOX,4,2011-09-01T11:33:00,12.5,13089,United Kingdom
565117,23110,PARISIENNE KEY CABINET ,4,2011-09-01T11:33:00,5.75,13089,United Kingdom
565117,23093,SMALL PARISIENNE HEART PHOTO FRAME ,8,2011-09-01T11:33:00,2.49,13089,United Kingdom
565117,23032,DRAWER KNOB CRACKLE GLAZE IVORY,12,2011-09-01T11:33:00,1.65,13089,United Kingdom
565117,23029,DRAWER KNOB CRACKLE GLAZE GREEN,12,2011-09-01T11:33:00,1.65,13089,United Kingdom
565117,23028,DRAWER KNOB CRACKLE GLAZE BLUE,24,2011-09-01T11:33:00,1.65,13089,United Kingdom
565117,23013,GLASS APOTHECARY BOTTLE TONIC,6,2011-09-01T11:33:00,3.95,13089,United Kingdom
565117,22892,SET OF SALT AND PEPPER TOADSTOOLS,12,2011-09-01T11:33:00,1.25,13089,United Kingdom
565117,22771,CLEAR DRAWER KNOB ACRYLIC EDWARDIAN,24,2011-09-01T11:33:00,1.25,13089,United Kingdom
565117,22699,ROSES REGENCY TEACUP AND SAUCER ,6,2011-09-01T11:33:00,2.95,13089,United Kingdom
565117,22697,GREEN REGENCY TEACUP AND SAUCER,12,2011-09-01T11:33:00,2.95,13089,United Kingdom
565117,22631,CIRCUS PARADE LUNCH BOX ,12,2011-09-01T11:33:00,1.95,13089,United Kingdom
565117,22558,CLOTHES PEGS RETROSPOT PACK 24 ,24,2011-09-01T11:33:00,1.65,13089,United Kingdom
565117,22467,GUMBALL COAT RACK,6,2011-09-01T11:33:00,2.55,13089,United Kingdom
565117,22360,GLASS JAR ENGLISH CONFECTIONERY,6,2011-09-01T11:33:00,2.95,13089,United Kingdom
565117,22169,FAMILY ALBUM WHITE PICTURE FRAME,6,2011-09-01T11:33:00,8.5,13089,United Kingdom
565117,22083,PAPER CHAIN KIT RETROSPOT,12,2011-09-01T11:33:00,2.95,13089,United Kingdom
565117,21955,DOORMAT UNION JACK GUNS AND ROSES,4,2011-09-01T11:33:00,7.95,13089,United Kingdom
565117,21754,HOME BUILDING BLOCK WORD,4,2011-09-01T11:33:00,5.95,13089,United Kingdom
565117,21672,WHITE SPOT RED CERAMIC DRAWER KNOB,12,2011-09-01T11:33:00,1.25,13089,United Kingdom
565117,21671,RED SPOT CERAMIC DRAWER KNOB,12,2011-09-01T11:33:00,1.25,13089,United Kingdom
565117,21670,BLUE SPOT CERAMIC DRAWER KNOB,12,2011-09-01T11:33:00,1.25,13089,United Kingdom
565117,15056N,EDWARDIAN PARASOL NATURAL,6,2011-09-01T11:33:00,5.95,13089,United Kingdom
565117,22365,DOORMAT RESPECTABLE HOUSE,4,2011-09-01T11:33:00,7.95,13089,United Kingdom
565117,22151,PLACE SETTING WHITE HEART,24,2011-09-01T11:33:00,0.42,13089,United Kingdom
565117,22772,PINK DRAWER KNOB ACRYLIC EDWARDIAN,12,2011-09-01T11:33:00,1.25,13089,United Kingdom
565117,84946,ANTIQUE SILVER T-LIGHT GLASS,24,2011-09-01T11:33:00,1.25,13089,United Kingdom
565117,85099B,JUMBO BAG RED RETROSPOT,12,2011-09-01T11:33:00,2.08,13089,United Kingdom
565117,22798,ANTIQUE GLASS DRESSING TABLE POT,12,2011-09-01T11:33:00,2.95,13089,United Kingdom
565117,23126,FELTCRAFT GIRL AMELIE KIT,6,2011-09-01T11:33:00,4.95,13089,United Kingdom
565117,22630,DOLLY GIRL LUNCH BOX,12,2011-09-01T11:33:00,1.95,13089,United Kingdom
565117,20725,LUNCH BAG RED RETROSPOT,12,2011-09-01T11:33:00,1.65,13089,United Kingdom
565117,22662,LUNCH BAG DOLLY GIRL DESIGN,12,2011-09-01T11:33:00,1.65,13089,United Kingdom
565117,23209,LUNCH BAG VINTAGE DOILY ,12,2011-09-01T11:33:00,1.65,13089,United Kingdom
565117,22457,NATURAL SLATE HEART CHALKBOARD ,12,2011-09-01T11:33:00,2.95,13089,United Kingdom
565117,22773,GREEN DRAWER KNOB ACRYLIC EDWARDIAN,12,2011-09-01T11:33:00,1.25,13089,United Kingdom
565117,84949,SILVER HANGING T-LIGHT HOLDER,36,2011-09-01T11:33:00,1.65,13089,United Kingdom
565117,85123A,WHITE HANGING HEART T-LIGHT HOLDER,32,2011-09-01T11:33:00,2.55,13089,United Kingdom
565117,84406B,CREAM CUPID HEARTS COAT HANGER,12,2011-09-01T11:33:00,4.15,13089,United Kingdom
565117,22456,NATURAL SLATE CHALKBOARD LARGE ,12,2011-09-01T11:33:00,4.95,13089,United Kingdom
565117,23203,JUMBO BAG VINTAGE DOILY ,12,2011-09-01T11:33:00,2.08,13089,United Kingdom
565117,82484,WOOD BLACK BOARD ANT WHITE FINISH,12,2011-09-01T11:33:00,6.75,13089,United Kingdom
565117,23298,SPOTTY BUNTING,12,2011-09-01T11:33:00,4.95,13089,United Kingdom
565117,84879,ASSORTED COLOUR BIRD ORNAMENT,40,2011-09-01T11:33:00,1.69,13089,United Kingdom
565117,22720,SET OF 3 CAKE TINS PANTRY DESIGN ,6,2011-09-01T11:33:00,4.95,13089,United Kingdom
565117,22362,GLASS JAR PEACOCK BATH SALTS,6,2011-09-01T11:33:00,2.95,13089,United Kingdom
565117,21442,GREEN BIRDHOUSE DECORATION,12,2011-09-01T11:33:00,0.85,13089,United Kingdom
565117,22296,HEART IVORY TRELLIS LARGE,12,2011-09-01T11:33:00,1.65,13089,United Kingdom
565117,20669,RED HEART LUGGAGE TAG,24,2011-09-01T11:33:00,1.25,13089,United Kingdom
565117,21284,RETROSPOT CANDLE  SMALL,12,2011-09-01T11:33:00,1.69,13089,United Kingdom
565118,22197,POPCORN HOLDER,12,2011-09-01T11:33:00,0.85,15039,United Kingdom
565118,22994,TRAVEL CARD WALLET RETROSPOT,2,2011-09-01T11:33:00,0.42,15039,United Kingdom
565118,22999,TRAVEL CARD WALLET VINTAGE LEAF,2,2011-09-01T11:33:00,0.42,15039,United Kingdom
565118,22998,TRAVEL CARD WALLET KEEP CALM,2,2011-09-01T11:33:00,0.42,15039,United Kingdom
565118,23006,TRAVEL CARD WALLET FLOWER MEADOW,2,2011-09-01T11:33:00,0.42,15039,United Kingdom
565118,22672,FRENCH BATHROOM SIGN BLUE METAL,2,2011-09-01T11:33:00,1.65,15039,United Kingdom
565118,22686,FRENCH BLUE METAL DOOR SIGN No,1,2011-09-01T11:33:00,1.25,15039,United Kingdom
565118,22676,FRENCH BLUE METAL DOOR SIGN 1,1,2011-09-01T11:33:00,1.25,15039,United Kingdom
565118,22650,CERAMIC PIRATE CHEST MONEY BANK,1,2011-09-01T11:33:00,1.45,15039,United Kingdom
565118,22624,IVORY KITCHEN SCALES,2,2011-09-01T11:33:00,8.5,15039,United Kingdom
565118,22721,SET OF 3 CAKE TINS SKETCHBOOK,1,2011-09-01T11:33:00,4.95,15039,United Kingdom
565118,22665,RECIPE BOX BLUE SKETCHBOOK DESIGN,1,2011-09-01T11:33:00,2.95,15039,United Kingdom
565118,20727,LUNCH BAG  BLACK SKULL.,1,2011-09-01T11:33:00,1.65,15039,United Kingdom
565118,47599B,BLUE PARTY BAGS ,1,2011-09-01T11:33:00,2.1,15039,United Kingdom
565118,47599A,PINK PARTY BAGS,1,2011-09-01T11:33:00,2.1,15039,United Kingdom
565118,23243,SET OF TEA COFFEE SUGAR TINS PANTRY,2,2011-09-01T11:33:00,4.95,15039,United Kingdom
565118,21535,RED RETROSPOT SMALL MILK JUG,1,2011-09-01T11:33:00,2.55,15039,United Kingdom
565118,22470,HEART OF WICKER LARGE,1,2011-09-01T11:33:00,2.95,15039,United Kingdom
565118,22469,HEART OF WICKER SMALL,2,2011-09-01T11:33:00,1.65,15039,United Kingdom
565118,21078,SET/20 STRAWBERRY PAPER NAPKINS ,1,2011-09-01T11:33:00,0.85,15039,United Kingdom
565118,22851,SET 20 NAPKINS FAIRY CAKES DESIGN ,1,2011-09-01T11:33:00,0.85,15039,United Kingdom
565118,22090,PAPER BUNTING RETROSPOT,1,2011-09-01T11:33:00,2.95,15039,United Kingdom
565118,21430,SET/3 RED GINGHAM ROSE STORAGE BOX,24,2011-09-01T11:33:00,3.39,15039,United Kingdom
565118,21238,RED RETROSPOT CUP,1,2011-09-01T11:33:00,0.85,15039,United Kingdom
565118,21080,SET/20 RED RETROSPOT PAPER NAPKINS ,1,2011-09-01T11:33:00,0.85,15039,United Kingdom
565118,20727,LUNCH BAG  BLACK SKULL.,3,2011-09-01T11:33:00,1.65,15039,United Kingdom
565118,47566,PARTY BUNTING,18,2011-09-01T11:33:00,4.95,15039,United Kingdom
565118,22424,ENAMEL BREAD BIN CREAM,2,2011-09-01T11:33:00,12.75,15039,United Kingdom
565118,22383,LUNCH BAG SUKI DESIGN ,10,2011-09-01T11:33:00,1.65,15039,United Kingdom
565118,84508A,CAMOUFLAGE DESIGN TEDDY,1,2011-09-01T11:33:00,2.55,15039,United Kingdom
565118,22662,LUNCH BAG DOLLY GIRL DESIGN,2,2011-09-01T11:33:00,1.65,15039,United Kingdom
565118,22384,LUNCH BAG PINK POLKADOT,2,2011-09-01T11:33:00,1.65,15039,United Kingdom
565118,23207,LUNCH BAG ALPHABET DESIGN,4,2011-09-01T11:33:00,1.65,15039,United Kingdom
565118,22366,DOORMAT AIRMAIL ,1,2011-09-01T11:33:00,8.25,15039,United Kingdom
565118,22414,DOORMAT NEIGHBOURHOOD WITCH ,1,2011-09-01T11:33:00,8.25,15039,United Kingdom
565118,22365,DOORMAT RESPECTABLE HOUSE,1,2011-09-01T11:33:00,8.25,15039,United Kingdom
565118,20685,DOORMAT RED RETROSPOT,1,2011-09-01T11:33:00,8.25,15039,United Kingdom
565118,15056N,EDWARDIAN PARASOL NATURAL,5,2011-09-01T11:33:00,5.95,15039,United Kingdom
565118,23203,JUMBO BAG VINTAGE DOILY ,10,2011-09-01T11:33:00,2.08,15039,United Kingdom
565118,23202,JUMBO BAG VINTAGE LEAF,20,2011-09-01T11:33:00,2.08,15039,United Kingdom
565118,23201,JUMBO BAG ALPHABET,10,2011-09-01T11:33:00,2.08,15039,United Kingdom
565118,22386,JUMBO BAG PINK POLKADOT,10,2011-09-01T11:33:00,2.08,15039,United Kingdom
565118,22385,JUMBO BAG SPACEBOY DESIGN,10,2011-09-01T11:33:00,2.08,15039,United Kingdom
565118,22411,JUMBO SHOPPER VINTAGE RED PAISLEY,30,2011-09-01T11:33:00,2.08,15039,United Kingdom
565119,85099B,JUMBO BAG RED RETROSPOT,10,2011-09-01T11:38:00,2.08,16722,United Kingdom
565119,20727,LUNCH BAG  BLACK SKULL.,10,2011-09-01T11:38:00,1.65,16722,United Kingdom
565119,20726,LUNCH BAG WOODLAND,10,2011-09-01T11:38:00,1.65,16722,United Kingdom
565119,23209,LUNCH BAG VINTAGE DOILY ,10,2011-09-01T11:38:00,1.65,16722,United Kingdom
565119,22382,LUNCH BAG SPACEBOY DESIGN ,10,2011-09-01T11:38:00,1.65,16722,United Kingdom
565119,22383,LUNCH BAG SUKI DESIGN ,10,2011-09-01T11:38:00,1.65,16722,United Kingdom
565119,21498,RED RETROSPOT WRAP ,25,2011-09-01T11:38:00,0.42,16722,United Kingdom
565119,21495,SKULLS AND CROSSBONES WRAP,25,2011-09-01T11:38:00,0.42,16722,United Kingdom
565119,22045,SPACEBOY GIFT WRAP,25,2011-09-01T11:38:00,0.42,16722,United Kingdom
565119,22711,WRAP CIRCUS PARADE,25,2011-09-01T11:38:00,0.42,16722,United Kingdom
565119,23549,WRAP BIRD GARDEN ,25,2011-09-01T11:38:00,0.42,16722,United Kingdom
565119,16161U,WRAP SUKI AND FRIENDS,25,2011-09-01T11:38:00,0.42,16722,United Kingdom
565119,23547,WRAP FLOWER SHOP  ,25,2011-09-01T11:38:00,0.42,16722,United Kingdom
565119,23550,WRAP ALPHABET POSTER  ,25,2011-09-01T11:38:00,0.42,16722,United Kingdom
565119,22610,PENS ASSORTED FUNNY FACE,36,2011-09-01T11:38:00,0.19,16722,United Kingdom
565119,23310,BUBBLEGUM RING ASSORTED,36,2011-09-01T11:38:00,0.42,16722,United Kingdom
565119,21062,PARTY INVITES SPACEMAN,12,2011-09-01T11:38:00,0.85,16722,United Kingdom
565119,21061,PARTY INVITES FOOTBALL,12,2011-09-01T11:38:00,0.85,16722,United Kingdom
565119,21059,PARTY INVITES DINOSAURS,12,2011-09-01T11:38:00,0.85,16722,United Kingdom
565119,22750,FELTCRAFT PRINCESS LOLA DOLL,48,2011-09-01T11:38:00,3.39,16722,United Kingdom
565119,20682,RED RETROSPOT CHILDRENS UMBRELLA,6,2011-09-01T11:38:00,3.25,16722,United Kingdom
565120,22699,ROSES REGENCY TEACUP AND SAUCER ,24,2011-09-01T11:41:00,2.55,15206,United Kingdom
565120,22697,GREEN REGENCY TEACUP AND SAUCER,24,2011-09-01T11:41:00,2.55,15206,United Kingdom
565120,22698,PINK REGENCY TEACUP AND SAUCER,24,2011-09-01T11:41:00,2.55,15206,United Kingdom
565121,21733,RED HANGING HEART T-LIGHT HOLDER,6,2011-09-01T11:43:00,2.95,14239,United Kingdom
565121,85123A,WHITE HANGING HEART T-LIGHT HOLDER,6,2011-09-01T11:43:00,2.95,14239,United Kingdom
565121,22470,HEART OF WICKER LARGE,6,2011-09-01T11:43:00,2.95,14239,United Kingdom
565121,23329,DECORATIVE WICKER HEART LARGE,12,2011-09-01T11:43:00,1.65,14239,United Kingdom
565121,20685,DOORMAT RED RETROSPOT,2,2011-09-01T11:43:00,7.95,14239,United Kingdom
565121,48138,DOORMAT UNION FLAG,2,2011-09-01T11:43:00,7.95,14239,United Kingdom
565121,21535,RED RETROSPOT SMALL MILK JUG,6,2011-09-01T11:43:00,2.55,14239,United Kingdom
565121,21533,RETROSPOT LARGE MILK JUG,6,2011-09-01T11:43:00,4.95,14239,United Kingdom
565122,21975,PACK OF 60 DINOSAUR CAKE CASES,12,2011-09-01T11:48:00,0.55,13069,United Kingdom
565122,22417,PACK OF 60 SPACEBOY CAKE CASES,4,2011-09-01T11:48:00,0.55,13069,United Kingdom
565122,22951,60 CAKE CASES DOLLY GIRL DESIGN,1,2011-09-01T11:48:00,0.55,13069,United Kingdom
565122,23307,SET OF 60 PANTRY DESIGN CAKE CASES ,2,2011-09-01T11:48:00,0.55,13069,United Kingdom
565122,23309,SET OF 60 I LOVE LONDON CAKE CASES ,2,2011-09-01T11:48:00,0.55,13069,United Kingdom
565122,23308,SET OF 60 VINTAGE LEAF CAKE CASES ,2,2011-09-01T11:48:00,0.55,13069,United Kingdom
565122,21976,PACK OF 60 MUSHROOM CAKE CASES,1,2011-09-01T11:48:00,0.55,13069,United Kingdom
565122,20677,PINK POLKADOT BOWL,8,2011-09-01T11:48:00,1.25,13069,United Kingdom
565122,21242,RED RETROSPOT PLATE ,12,2011-09-01T11:48:00,1.69,13069,United Kingdom
565122,21244,BLUE POLKADOT PLATE ,12,2011-09-01T11:48:00,1.69,13069,United Kingdom
565122,21243,PINK  POLKADOT PLATE ,12,2011-09-01T11:48:00,1.69,13069,United Kingdom
565122,22120,WELCOME  WOODEN BLOCK LETTERS,1,2011-09-01T11:48:00,9.95,13069,United Kingdom
565122,21754,HOME BUILDING BLOCK WORD,1,2011-09-01T11:48:00,6.25,13069,United Kingdom
565122,21755,LOVE BUILDING BLOCK WORD,5,2011-09-01T11:48:00,6.25,13069,United Kingdom
565122,23343,JUMBO BAG VINTAGE CHRISTMAS ,1,2011-09-01T11:48:00,2.08,13069,United Kingdom
565122,23344,JUMBO BAG 50'S CHRISTMAS ,1,2011-09-01T11:48:00,2.08,13069,United Kingdom
565122,23313,VINTAGE CHRISTMAS BUNTING,1,2011-09-01T11:48:00,4.95,13069,United Kingdom
565122,16259,PIECE OF CAMO STATIONERY SET,108,2011-09-01T11:48:00,0.08,13069,United Kingdom
565122,84568,GIRLS ALPHABET IRON ON PATCHES ,1440,2011-09-01T11:48:00,0.17,13069,United Kingdom
565122,23323,WHITE WICKER STAR ,2,2011-09-01T11:48:00,2.1,13069,United Kingdom
565122,23322,LARGE WHITE HEART OF WICKER,2,2011-09-01T11:48:00,2.95,13069,United Kingdom
565122,22470,HEART OF WICKER LARGE,2,2011-09-01T11:48:00,2.95,13069,United Kingdom
565122,23185,FRENCH STYLE STORAGE JAR JAM,6,2011-09-01T11:48:00,0.29,13069,United Kingdom
565122,23263,SET OF 3 WOODEN HEART DECORATIONS,2,2011-09-01T11:48:00,1.25,13069,United Kingdom
565122,23328,SET 6 SCHOOL MILK BOTTLES IN CRATE,1,2011-09-01T11:48:00,3.75,13069,United Kingdom
565122,20676,RED RETROSPOT BOWL,6,2011-09-01T11:48:00,1.25,13069,United Kingdom
565122,23005,TRAVEL CARD WALLET I LOVE LONDON,5,2011-09-01T11:48:00,0.42,13069,United Kingdom
565122,22998,TRAVEL CARD WALLET KEEP CALM,5,2011-09-01T11:48:00,0.42,13069,United Kingdom
565122,22327,ROUND SNACK BOXES SET OF 4 SKULLS,2,2011-09-01T11:48:00,2.95,13069,United Kingdom
565122,22326,ROUND SNACK BOXES SET OF4 WOODLAND ,2,2011-09-01T11:48:00,2.95,13069,United Kingdom
565122,22328,ROUND SNACK BOXES SET OF 4 FRUITS ,2,2011-09-01T11:48:00,2.95,13069,United Kingdom
565122,47590B,PINK HAPPY BIRTHDAY BUNTING,1,2011-09-01T11:48:00,5.45,13069,United Kingdom
565122,22551,PLASTERS IN TIN SPACEBOY,2,2011-09-01T11:48:00,1.65,13069,United Kingdom
565122,82552,WASHROOM METAL SIGN,3,2011-09-01T11:48:00,1.45,13069,United Kingdom
565122,82551,LAUNDRY 15C METAL SIGN,3,2011-09-01T11:48:00,1.45,13069,United Kingdom
565122,21240,BLUE POLKADOT CUP,8,2011-09-01T11:48:00,0.85,13069,United Kingdom
565122,21238,RED RETROSPOT CUP,5,2011-09-01T11:48:00,0.85,13069,United Kingdom
565122,23293,SET OF 12 FAIRY CAKE BAKING CASES,1,2011-09-01T11:48:00,0.83,13069,United Kingdom
565123,M,Manual,96,2011-09-01T11:56:00,5,17949,United Kingdom
565124,22965,3 TRADITIONAl BISCUIT CUTTERS  SET,6,2011-09-01T12:09:00,2.1,12436,Norway
565124,22720,SET OF 3 CAKE TINS PANTRY DESIGN ,6,2011-09-01T12:09:00,4.95,12436,Norway
565124,22668,PINK BABY BUNTING,10,2011-09-01T12:09:00,2.95,12436,Norway
565124,23298,SPOTTY BUNTING,9,2011-09-01T12:09:00,4.95,12436,Norway
565124,47590B,PINK HAPPY BIRTHDAY BUNTING,9,2011-09-01T12:09:00,5.45,12436,Norway
565124,47566,PARTY BUNTING,8,2011-09-01T12:09:00,4.95,12436,Norway
565124,47590A,BLUE HAPPY BIRTHDAY BUNTING,9,2011-09-01T12:09:00,5.45,12436,Norway
565124,23308,SET OF 60 VINTAGE LEAF CAKE CASES ,24,2011-09-01T12:09:00,0.55,12436,Norway
565124,23309,SET OF 60 I LOVE LONDON CAKE CASES ,24,2011-09-01T12:09:00,0.55,12436,Norway
565124,84992,72 SWEETHEART FAIRY CAKE CASES,24,2011-09-01T12:09:00,0.55,12436,Norway
565124,22417,PACK OF 60 SPACEBOY CAKE CASES,24,2011-09-01T12:09:00,0.55,12436,Norway
565124,21975,PACK OF 60 DINOSAUR CAKE CASES,24,2011-09-01T12:09:00,0.55,12436,Norway
565124,23234,BISCUIT TIN VINTAGE CHRISTMAS,12,2011-09-01T12:09:00,2.89,12436,Norway
565124,23247,BISCUIT TIN 50'S CHRISTMAS,12,2011-09-01T12:09:00,2.89,12436,Norway
565124,23243,SET OF TEA COFFEE SUGAR TINS PANTRY,8,2011-09-01T12:09:00,4.95,12436,Norway
565124,POST,POSTAGE,2,2011-09-01T12:09:00,40,12436,Norway
565125,23322,LARGE WHITE HEART OF WICKER,6,2011-09-01T12:16:00,2.95,14217,United Kingdom
565125,23321,SMALL WHITE HEART OF WICKER,12,2011-09-01T12:16:00,1.65,14217,United Kingdom
565125,23332,IVORY WICKER HEART LARGE,12,2011-09-01T12:16:00,1.65,14217,United Kingdom
565125,21621,VINTAGE UNION JACK BUNTING,2,2011-09-01T12:16:00,8.5,14217,United Kingdom
565125,47566,PARTY BUNTING,4,2011-09-01T12:16:00,4.95,14217,United Kingdom
565125,23075,PARLOUR CERAMIC WALL HOOK,4,2011-09-01T12:16:00,4.15,14217,United Kingdom
565125,22723,SET OF 6 HERB TINS SKETCHBOOK,4,2011-09-01T12:16:00,3.95,14217,United Kingdom
565126,90018A,SILVER M.O.P ORBIT DROP EARRINGS,2,2011-09-01T12:17:00,4.25,17653,United Kingdom
565126,22424,ENAMEL BREAD BIN CREAM,2,2011-09-01T12:17:00,12.75,17653,United Kingdom
565126,10133,COLOURING PENCILS BROWN TUBE,140,2011-09-01T12:17:00,0.42,17653,United Kingdom
565126,20984,12 PENCILS TALL TUBE POSY,240,2011-09-01T12:17:00,0.29,17653,United Kingdom
565126,90183A,AMBER DROP EARRINGS W LONG BEADS,6,2011-09-01T12:17:00,2.95,17653,United Kingdom
C565140,22326,ROUND SNACK BOXES SET OF4 WOODLAND ,-1,2011-09-01T12:56:00,2.95,17841,United Kingdom
C565140,20725,LUNCH BAG RED RETROSPOT,-1,2011-09-01T12:56:00,1.65,17841,United Kingdom
C565140,22429,ENAMEL MEASURING JUG CREAM,-1,2011-09-01T12:56:00,4.25,17841,United Kingdom
C565215,21581,SKULLS  DESIGN  COTTON TOTE BAG,-12,2011-09-01T17:22:00,2.25,16474,United Kingdom
C565227,85053,FRENCH ENAMEL CANDLEHOLDER,-1,2011-09-02T09:06:00,2.1,12708,Germany
569203,79321,CHILLI LIGHTS,48,2011-10-02T10:32:00,4.95,16353,United Kingdom
569203,21154,RED RETROSPOT OVEN GLOVE ,20,2011-10-02T10:32:00,1.25,16353,United Kingdom
569204,21790,VINTAGE SNAP CARDS,4,2011-10-02T10:43:00,0.85,16591,United Kingdom
569204,23284,DOORMAT KEEP CALM AND COME IN,15,2011-10-02T10:43:00,7.08,16591,United Kingdom
569204,23355,HOT WATER BOTTLE KEEP CALM,4,2011-10-02T10:43:00,4.95,16591,United Kingdom
569204,22207,FRYING PAN UNION FLAG,2,2011-10-02T10:43:00,4.25,16591,United Kingdom
569204,22111,SCOTTIE DOG HOT WATER BOTTLE,2,2011-10-02T10:43:00,4.95,16591,United Kingdom
569204,22112,CHOCOLATE HOT WATER BOTTLE,3,2011-10-02T10:43:00,4.95,16591,United Kingdom
569204,22835,HOT WATER BOTTLE I AM SO POORLY,2,2011-10-02T10:43:00,4.95,16591,United Kingdom
569204,22476,EMPIRE UNION JACK TV DINNER TRAY,6,2011-10-02T10:43:00,4.95,16591,United Kingdom
569204,22728,ALARM CLOCK BAKELIKE PINK,2,2011-10-02T10:43:00,3.75,16591,United Kingdom
569204,22730,ALARM CLOCK BAKELIKE IVORY,1,2011-10-02T10:43:00,3.75,16591,United Kingdom
569205,22910,PAPER CHAIN KIT VINTAGE CHRISTMAS,2,2011-10-02T10:55:00,2.95,16923,United Kingdom
569205,23332,IVORY WICKER HEART LARGE,9,2011-10-02T10:55:00,1.65,16923,United Kingdom
569205,23322,LARGE WHITE HEART OF WICKER,5,2011-10-02T10:55:00,2.95,16923,United Kingdom
569205,23323,WHITE WICKER STAR ,5,2011-10-02T10:55:00,2.1,16923,United Kingdom
569205,23404,HOME SWEET HOME BLACKBOARD,12,2011-10-02T10:55:00,4.95,16923,United Kingdom
569205,23400,SHELF WITH 4 HOOKS HOME SWEET HOME,4,2011-10-02T10:55:00,6.25,16923,United Kingdom
569205,23393,HOME SWEET HOME CUSHION COVER ,5,2011-10-02T10:55:00,3.75,16923,United Kingdom
569205,23328,SET 6 SCHOOL MILK BOTTLES IN CRATE,12,2011-10-02T10:55:00,3.75,16923,United Kingdom
569205,23396,LE JARDIN BOTANIQUE CUSHION COVER,5,2011-10-02T10:55:00,3.75,16923,United Kingdom
569205,23394,POSTE FRANCE CUSHION COVER,5,2011-10-02T10:55:00,3.75,16923,United Kingdom
569205,21809,CHRISTMAS HANGING TREE WITH BELL,192,2011-10-02T10:55:00,0.39,16923,United Kingdom
569205,21900,"KEY FOB , SHED",7,2011-10-02T10:55:00,0.65,16923,United Kingdom
569205,21901,"KEY FOB , BACK DOOR ",4,2011-10-02T10:55:00,0.65,16923,United Kingdom
569205,20728,LUNCH BAG CARS BLUE,10,2011-10-02T10:55:00,1.65,16923,United Kingdom
569205,23406,HOME SWEET HOME KEY HOLDER,4,2011-10-02T10:55:00,6.25,16923,United Kingdom
569205,21756,BATH BUILDING BLOCK WORD,2,2011-10-02T10:55:00,6.25,16923,United Kingdom
569205,22423,REGENCY CAKESTAND 3 TIER,1,2011-10-02T10:55:00,12.75,16923,United Kingdom
569205,22896,PEG BAG APPLES DESIGN,3,2011-10-02T10:55:00,2.55,16923,United Kingdom
569205,22899,CHILDREN'S APRON DOLLY GIRL ,2,2011-10-02T10:55:00,2.1,16923,United Kingdom
569205,22898,CHILDRENS APRON APPLES DESIGN,3,2011-10-02T10:55:00,1.95,16923,United Kingdom
569205,21156,RETROSPOT CHILDRENS APRON,2,2011-10-02T10:55:00,1.95,16923,United Kingdom
569205,23355,HOT WATER BOTTLE KEEP CALM,4,2011-10-02T10:55:00,4.95,16923,United Kingdom
569205,22114,HOT WATER BOTTLE TEA AND SYMPATHY,3,2011-10-02T10:55:00,4.25,16923,United Kingdom
569205,22384,LUNCH BAG PINK POLKADOT,10,2011-10-02T10:55:00,1.65,16923,United Kingdom
569205,22624,IVORY KITCHEN SCALES,1,2011-10-02T10:55:00,8.5,16923,United Kingdom
569205,23426,METAL SIGN DROP YOUR PANTS,12,2011-10-02T10:55:00,2.89,16923,United Kingdom
569205,20724,RED RETROSPOT CHARLOTTE BAG,10,2011-10-02T10:55:00,0.85,16923,United Kingdom
569205,21258,VICTORIAN SEWING BOX LARGE,2,2011-10-02T10:55:00,12.75,16923,United Kingdom
569205,22627,MINT KITCHEN SCALES,1,2011-10-02T10:55:00,8.5,16923,United Kingdom
569205,22624,IVORY KITCHEN SCALES,1,2011-10-02T10:55:00,8.5,16923,United Kingdom
569205,20723,STRAWBERRY CHARLOTTE BAG,10,2011-10-02T10:55:00,0.85,16923,United Kingdom
569205,23207,LUNCH BAG ALPHABET DESIGN,10,2011-10-02T10:55:00,1.65,16923,United Kingdom
569205,22776,SWEETHEART 3 TIER CAKE STAND ,1,2011-10-02T10:55:00,9.95,16923,United Kingdom
569205,20727,LUNCH BAG  BLACK SKULL.,10,2011-10-02T10:55:00,1.65,16923,United Kingdom
569205,22382,LUNCH BAG SPACEBOY DESIGN ,10,2011-10-02T10:55:00,1.65,16923,United Kingdom
569205,22356,CHARLOTTE BAG PINK POLKADOT,10,2011-10-02T10:55:00,0.85,16923,United Kingdom
569205,23205,CHARLOTTE BAG VINTAGE ALPHABET ,3,2011-10-02T10:55:00,0.85,16923,United Kingdom
569205,22138,BAKING SET 9 PIECE RETROSPOT ,2,2011-10-02T10:55:00,4.95,16923,United Kingdom
569205,23108,SET OF 10 LED DOLLY LIGHTS,1,2011-10-02T10:55:00,6.25,16923,United Kingdom
569205,82494L,WOODEN FRAME ANTIQUE WHITE ,6,2011-10-02T10:55:00,2.95,16923,United Kingdom
569206,90209B,GREEN ENAMEL+GLASS HAIR COMB,1,2011-10-02T10:58:00,2.1,15038,United Kingdom
569206,90209C,PINK ENAMEL+GLASS HAIR COMB,1,2011-10-02T10:58:00,2.1,15038,United Kingdom
569206,23284,DOORMAT KEEP CALM AND COME IN,6,2011-10-02T10:58:00,8.25,15038,United Kingdom
569206,22469,HEART OF WICKER SMALL,1,2011-10-02T10:58:00,1.65,15038,United Kingdom
569206,23431,NATURAL HANGING QUILTED HEARTS ,12,2011-10-02T10:58:00,0.83,15038,United Kingdom
569206,23250,VINTAGE RED TRIM ENAMEL BOWL ,6,2011-10-02T10:58:00,1.25,15038,United Kingdom
569206,23085,ANTIQUE SILVER BAUBLE LAMP  ,2,2011-10-02T10:58:00,10.4,15038,United Kingdom
569206,23249,VINTAGE RED ENAMEL TRIM PLATE,6,2011-10-02T10:58:00,1.65,15038,United Kingdom
569206,84970S,HANGING HEART ZINC T-LIGHT HOLDER,2,2011-10-02T10:58:00,0.85,15038,United Kingdom
569206,23251,VINTAGE RED ENAMEL TRIM MUG ,6,2011-10-02T10:58:00,1.25,15038,United Kingdom
569206,85053,FRENCH ENAMEL CANDLEHOLDER,1,2011-10-02T10:58:00,2.1,15038,United Kingdom
569206,23355,HOT WATER BOTTLE KEEP CALM,1,2011-10-02T10:58:00,4.95,15038,United Kingdom
569206,21677,HEARTS  STICKERS,10,2011-10-02T10:58:00,0.85,15038,United Kingdom
569206,85107,CUT GLASS T-LIGHT HOLDER OCTAGON,4,2011-10-02T10:58:00,2.55,15038,United Kingdom
569206,22071,SMALL WHITE RETROSPOT MUG IN BOX ,2,2011-10-02T10:58:00,3.75,15038,United Kingdom
569206,85123A,WHITE HANGING HEART T-LIGHT HOLDER,2,2011-10-02T10:58:00,2.95,15038,United Kingdom
569206,20765,CHRYSANTHEMUM SKETCHBOOK ,1,2011-10-02T10:58:00,3.75,15038,United Kingdom
569206,51014L,"FEATHER PEN,LIGHT PINK",12,2011-10-02T10:58:00,0.39,15038,United Kingdom
569206,21340,CLASSIC METAL BIRDCAGE PLANT HOLDER,1,2011-10-02T10:58:00,12.75,15038,United Kingdom
569207,22381,TOY TIDY PINK POLKADOT,3,2011-10-02T11:04:00,2.1,17811,United Kingdom
569207,22379,RECYCLING BAG RETROSPOT ,3,2011-10-02T11:04:00,2.1,17811,United Kingdom
569207,22845,VINTAGE CREAM CAT FOOD CONTAINER,1,2011-10-02T11:04:00,6.35,17811,United Kingdom
569207,22993,SET OF 4 PANTRY JELLY MOULDS,2,2011-10-02T11:04:00,1.25,17811,United Kingdom
569207,22865,HAND WARMER OWL DESIGN,1,2011-10-02T11:04:00,2.1,17811,United Kingdom
569207,22812,PACK 3 BOXES CHRISTMAS PANNETONE,13,2011-10-02T11:04:00,1.95,17811,United Kingdom
569207,22469,HEART OF WICKER SMALL,3,2011-10-02T11:04:00,1.65,17811,United Kingdom
569207,23321,SMALL WHITE HEART OF WICKER,9,2011-10-02T11:04:00,1.65,17811,United Kingdom
569207,20914,SET/5 RED RETROSPOT LID GLASS BOWLS,1,2011-10-02T11:04:00,2.95,17811,United Kingdom
569207,22306,SILVER MUG BONE CHINA TREE OF LIFE,6,2011-10-02T11:04:00,1.06,17811,United Kingdom
569207,21533,RETROSPOT LARGE MILK JUG,1,2011-10-02T11:04:00,4.95,17811,United Kingdom
569207,21534,DAIRY MAID LARGE MILK JUG,1,2011-10-02T11:04:00,4.95,17811,United Kingdom
569207,22865,HAND WARMER OWL DESIGN,5,2011-10-02T11:04:00,2.1,17811,United Kingdom
569207,22633,HAND WARMER UNION JACK,5,2011-10-02T11:04:00,2.1,17811,United Kingdom
569207,22961,JAM MAKING SET PRINTED,24,2011-10-02T11:04:00,1.45,17811,United Kingdom
569207,47566B,TEA TIME PARTY BUNTING,2,2011-10-02T11:04:00,4.95,17811,United Kingdom
569207,22306,SILVER MUG BONE CHINA TREE OF LIFE,6,2011-10-02T11:04:00,1.06,17811,United Kingdom
569207,22307,GOLD MUG BONE CHINA TREE OF LIFE,6,2011-10-02T11:04:00,1.06,17811,United Kingdom
569208,21592,RETROSPOT CIGAR BOX MATCHES ,6,2011-10-02T11:10:00,1.25,16693,United Kingdom
569208,22487,WHITE WOOD GARDEN PLANT LADDER,1,2011-10-02T11:10:00,9.95,16693,United Kingdom
569208,23354,6 GIFT TAGS 50'S CHRISTMAS ,10,2011-10-02T11:10:00,0.83,16693,United Kingdom
569208,22812,PACK 3 BOXES CHRISTMAS PANNETONE,5,2011-10-02T11:10:00,1.95,16693,United Kingdom
569208,23020,GLASS  SONGBIRD STORAGE JAR,2,2011-10-02T11:10:00,12.5,16693,United Kingdom
569208,23395,BELLE JARDINIERE CUSHION COVER,6,2011-10-02T11:10:00,3.75,16693,United Kingdom
569208,23396,LE JARDIN BOTANIQUE CUSHION COVER,3,2011-10-02T11:10:00,3.75,16693,United Kingdom
569208,23393,HOME SWEET HOME CUSHION COVER ,3,2011-10-02T11:10:00,3.75,16693,United Kingdom
569208,78034B,BLUE NETTING STORAGE HANGER,1,2011-10-02T11:10:00,1.95,16693,United Kingdom
569208,16169E,WRAP 50'S  CHRISTMAS,25,2011-10-02T11:10:00,0.42,16693,United Kingdom
569208,22990,COTTON APRON PANTRY DESIGN,1,2011-10-02T11:10:00,4.95,16693,United Kingdom
569208,21588,RETROSPOT GIANT TUBE MATCHES,6,2011-10-02T11:10:00,2.55,16693,United Kingdom
569208,22659,LUNCH BOX I LOVE LONDON,1,2011-10-02T11:10:00,1.95,16693,United Kingdom
569208,23094,LE GRAND TRAY CHIC SET,1,2011-10-02T11:10:00,12.5,16693,United Kingdom
569208,22095,LADS ONLY TISSUE BOX,1,2011-10-02T11:10:00,0.39,16693,United Kingdom
569208,22174,PHOTO CUBE,1,2011-10-02T11:10:00,1.65,16693,United Kingdom
569208,22089,PAPER BUNTING VINTAGE PAISLEY,2,2011-10-02T11:10:00,2.95,16693,United Kingdom
569208,22090,PAPER BUNTING RETROSPOT,2,2011-10-02T11:10:00,2.95,16693,United Kingdom
569208,22426,ENAMEL WASH BOWL CREAM,2,2011-10-02T11:10:00,3.75,16693,United Kingdom
569208,21755,LOVE BUILDING BLOCK WORD,1,2011-10-02T11:10:00,6.25,16693,United Kingdom
569208,23092,LARGE ANTIQUE WHITE PHOTO FRAME,2,2011-10-02T11:10:00,7.9,16693,United Kingdom
569208,21470,FLOWER VINE RAFFIA FOOD COVER,1,2011-10-02T11:10:00,3.75,16693,United Kingdom
569208,21466,RED FLOWER CROCHET FOOD COVER,1,2011-10-02T11:10:00,3.75,16693,United Kingdom
569208,21468,BUTTERFLY CROCHET FOOD COVER,1,2011-10-02T11:10:00,3.75,16693,United Kingdom
569208,21465,PINK FLOWER CROCHET FOOD COVER,1,2011-10-02T11:10:00,3.75,16693,United Kingdom
569208,23328,SET 6 SCHOOL MILK BOTTLES IN CRATE,2,2011-10-02T11:10:00,3.75,16693,United Kingdom
569208,22839,3 TIER CAKE TIN GREEN AND CREAM,1,2011-10-02T11:10:00,14.95,16693,United Kingdom
569208,22665,RECIPE BOX BLUE SKETCHBOOK DESIGN,1,2011-10-02T11:10:00,2.95,16693,United Kingdom
569208,22151,PLACE SETTING WHITE HEART,24,2011-10-02T11:10:00,0.42,16693,United Kingdom
569208,22152,PLACE SETTING WHITE STAR,24,2011-10-02T11:10:00,0.42,16693,United Kingdom
569208,22721,SET OF 3 CAKE TINS SKETCHBOOK,1,2011-10-02T11:10:00,4.95,16693,United Kingdom
569208,23083,SET 6 PAPER TABLE LANTERN STARS ,1,2011-10-02T11:10:00,3.75,16693,United Kingdom
569208,23082,SET 6 PAPER TABLE LANTERN HEARTS ,1,2011-10-02T11:10:00,3.75,16693,United Kingdom
569208,22158,3 HEARTS HANGING DECORATION RUSTIC,8,2011-10-02T11:10:00,2.95,16693,United Kingdom
569208,23012,GLASS APOTHECARY BOTTLE PERFUME,1,2011-10-02T11:10:00,3.95,16693,United Kingdom
569208,23013,GLASS APOTHECARY BOTTLE TONIC,1,2011-10-02T11:10:00,3.95,16693,United Kingdom
569208,23014,GLASS APOTHECARY BOTTLE ELIXIR,1,2011-10-02T11:10:00,3.95,16693,United Kingdom
569208,21473,SWEETHEART CREAM STEEL TABLE RECT,1,2011-10-02T11:10:00,19.95,16693,United Kingdom
569209,21326,AGED GLASS SILVER T-LIGHT HOLDER,288,2011-10-02T11:30:00,0.55,16626,United Kingdom
569209,23503,PLAYING CARDS KEEP CALM & CARRY ON,12,2011-10-02T11:30:00,1.25,16626,United Kingdom
569209,23284,DOORMAT KEEP CALM AND COME IN,2,2011-10-02T11:30:00,8.25,16626,United Kingdom
569210,22696,WICKER WREATH LARGE,5,2011-10-02T11:41:00,1.95,13681,United Kingdom
569210,22695,WICKER WREATH SMALL,10,2011-10-02T11:41:00,1.45,13681,United Kingdom
569210,22469,HEART OF WICKER SMALL,10,2011-10-02T11:41:00,1.65,13681,United Kingdom
569210,23321,SMALL WHITE HEART OF WICKER,10,2011-10-02T11:41:00,1.65,13681,United Kingdom
569210,23322,LARGE WHITE HEART OF WICKER,5,2011-10-02T11:41:00,2.95,13681,United Kingdom
569210,22470,HEART OF WICKER LARGE,6,2011-10-02T11:41:00,2.95,13681,United Kingdom
569210,23323,WHITE WICKER STAR ,6,2011-10-02T11:41:00,2.1,13681,United Kingdom
569210,22694,WICKER STAR ,6,2011-10-02T11:41:00,2.1,13681,United Kingdom
569210,23329,DECORATIVE WICKER HEART LARGE,25,2011-10-02T11:41:00,1.65,13681,United Kingdom
569210,23332,IVORY WICKER HEART LARGE,25,2011-10-02T11:41:00,1.65,13681,United Kingdom
569210,22283,6 EGG HOUSE PAINTED WOOD,2,2011-10-02T11:41:00,7.95,13681,United Kingdom
569210,84849D,HOT BATHS SOAP HOLDER,3,2011-10-02T11:41:00,1.69,13681,United Kingdom
569210,23461,SWEETHEART BIRD HOUSE,5,2011-10-02T11:41:00,4.15,13681,United Kingdom
569210,22508,DOORSTOP RETROSPOT HEART,2,2011-10-02T11:41:00,3.75,13681,United Kingdom
569210,84029E,RED WOOLLY HOTTIE WHITE HEART.,4,2011-10-02T11:41:00,4.25,13681,United Kingdom
569210,22111,SCOTTIE DOG HOT WATER BOTTLE,4,2011-10-02T11:41:00,4.95,13681,United Kingdom
569210,23356,LOVE HOT WATER BOTTLE,4,2011-10-02T11:41:00,5.95,13681,United Kingdom
569210,21985,PACK OF 12 HEARTS DESIGN TISSUES ,10,2011-10-02T11:41:00,0.39,13681,United Kingdom
569210,23301,GARDENERS KNEELING PAD KEEP CALM ,5,2011-10-02T11:41:00,1.65,13681,United Kingdom
569210,23300,GARDENERS KNEELING PAD CUP OF TEA ,5,2011-10-02T11:41:00,1.65,13681,United Kingdom
569211,90051,CRACKED GLAZE NECKLACE RED,2,2011-10-02T12:04:00,6.95,15774,United Kingdom
569211,90064B,BLACK VINTAGE  CRYSTAL EARRINGS,2,2011-10-02T12:04:00,3.75,15774,United Kingdom
569211,90063B,BLACK VINT ART DEC CRYSTAL NECKLACE,2,2011-10-02T12:04:00,8.5,15774,United Kingdom
569211,90191,SILVER LARIAT 40CM,2,2011-10-02T12:04:00,12.75,15774,United Kingdom
569211,90194,SILVER LARIAT BLACK STONE EARRINGS,2,2011-10-02T12:04:00,4.25,15774,United Kingdom
569211,90010E,AMBER GLASS/SILVER BRACELET,2,2011-10-02T12:04:00,8.95,15774,United Kingdom
569211,22574,HEART WOODEN CHRISTMAS DECORATION,6,2011-10-02T12:04:00,0.85,15774,United Kingdom
569211,23330,DECORATIVE WICKER HEART MEDIUM,6,2011-10-02T12:04:00,1.25,15774,United Kingdom
569211,23333,IVORY WICKER HEART MEDIUM,20,2011-10-02T12:04:00,1.25,15774,United Kingdom
569211,22112,CHOCOLATE HOT WATER BOTTLE,1,2011-10-02T12:04:00,4.95,15774,United Kingdom
569211,22113,GREY HEART HOT WATER BOTTLE,2,2011-10-02T12:04:00,4.25,15774,United Kingdom
569211,22500,SET OF 2 TINS JARDIN DE PROVENCE,1,2011-10-02T12:04:00,4.95,15774,United Kingdom
569211,23410,CURIO CABINET LINEN AND LACE ,1,2011-10-02T12:04:00,8.15,15774,United Kingdom
569211,23091,ZINC HERB GARDEN CONTAINER,1,2011-10-02T12:04:00,6.25,15774,United Kingdom
569211,22558,CLOTHES PEGS RETROSPOT PACK 24 ,1,2011-10-02T12:04:00,1.65,15774,United Kingdom
569211,23061,VINTAGE EMBOSSED HEART,6,2011-10-02T12:04:00,1.25,15774,United Kingdom
569211,85123A,WHITE HANGING HEART T-LIGHT HOLDER,4,2011-10-02T12:04:00,2.95,15774,United Kingdom
569211,21407,BROWN CHECK CAT DOORSTOP ,2,2011-10-02T12:04:00,4.25,15774,United Kingdom
569211,23322,LARGE WHITE HEART OF WICKER,4,2011-10-02T12:04:00,2.95,15774,United Kingdom
569211,23321,SMALL WHITE HEART OF WICKER,3,2011-10-02T12:04:00,1.65,15774,United Kingdom
569211,23332,IVORY WICKER HEART LARGE,8,2011-10-02T12:04:00,1.65,15774,United Kingdom
569211,23405,HOME SWEET HOME 2 DRAWER CABINET,4,2011-10-02T12:04:00,4.95,15774,United Kingdom
569211,23404,HOME SWEET HOME BLACKBOARD,2,2011-10-02T12:04:00,4.95,15774,United Kingdom
569211,35001G,HAND OPEN SHAPE GOLD,2,2011-10-02T12:04:00,4.25,15774,United Kingdom
569211,23427,STOOL HOME SWEET HOME ,1,2011-10-02T12:04:00,12.5,15774,United Kingdom
569212,23331,DECORATIVE WICKER HEART SMALL,6,2011-10-02T12:05:00,0.63,15164,United Kingdom
569212,23334,IVORY WICKER HEART SMALL,6,2011-10-02T12:05:00,0.63,15164,United Kingdom
569212,23333,IVORY WICKER HEART MEDIUM,5,2011-10-02T12:05:00,1.25,15164,United Kingdom
569212,23330,DECORATIVE WICKER HEART MEDIUM,6,2011-10-02T12:05:00,1.25,15164,United Kingdom
569212,23332,IVORY WICKER HEART LARGE,3,2011-10-02T12:05:00,1.65,15164,United Kingdom
569212,23329,DECORATIVE WICKER HEART LARGE,3,2011-10-02T12:05:00,1.65,15164,United Kingdom
569212,22469,HEART OF WICKER SMALL,3,2011-10-02T12:05:00,1.65,15164,United Kingdom
569212,23322,LARGE WHITE HEART OF WICKER,3,2011-10-02T12:05:00,2.95,15164,United Kingdom
569212,23321,SMALL WHITE HEART OF WICKER,3,2011-10-02T12:05:00,1.65,15164,United Kingdom
569212,22470,HEART OF WICKER LARGE,3,2011-10-02T12:05:00,2.95,15164,United Kingdom
569212,85152,HAND OVER THE CHOCOLATE   SIGN ,4,2011-10-02T12:05:00,2.1,15164,United Kingdom
569212,21181,PLEASE ONE PERSON METAL SIGN,4,2011-10-02T12:05:00,2.1,15164,United Kingdom
569212,23228,FILIGREE HEART BIRD WHITE ,12,2011-10-02T12:05:00,1.25,15164,United Kingdom
569212,22219,LOVEBIRD HANGING DECORATION WHITE ,3,2011-10-02T12:05:00,0.85,15164,United Kingdom
569212,23400,SHELF WITH 4 HOOKS HOME SWEET HOME,2,2011-10-02T12:05:00,6.25,15164,United Kingdom
569212,22335,HEART DECORATION PAINTED ZINC ,6,2011-10-02T12:05:00,0.65,15164,United Kingdom
569212,22297,HEART IVORY TRELLIS SMALL,6,2011-10-02T12:05:00,1.25,15164,United Kingdom
569212,22295,HEART FILIGREE DOVE LARGE,6,2011-10-02T12:05:00,1.65,15164,United Kingdom
569212,22294,HEART FILIGREE DOVE  SMALL,6,2011-10-02T12:05:00,1.25,15164,United Kingdom
569212,21385,IVORY HANGING DECORATION  HEART,8,2011-10-02T12:05:00,0.85,15164,United Kingdom
569212,22456,NATURAL SLATE CHALKBOARD LARGE ,2,2011-10-02T12:05:00,4.95,15164,United Kingdom
569212,22296,HEART IVORY TRELLIS LARGE,6,2011-10-02T12:05:00,1.65,15164,United Kingdom
569212,85123A,WHITE HANGING HEART T-LIGHT HOLDER,2,2011-10-02T12:05:00,2.95,15164,United Kingdom
569212,22109,FULL ENGLISH BREAKFAST PLATE,3,2011-10-02T12:05:00,3.75,15164,United Kingdom
569212,84836,ZINC METAL HEART DECORATION,12,2011-10-02T12:05:00,1.25,15164,United Kingdom
569212,21068,VINTAGE BILLBOARD LOVE/HATE MUG,6,2011-10-02T12:05:00,1.25,15164,United Kingdom
569212,21070,VINTAGE BILLBOARD MUG ,4,2011-10-02T12:05:00,1.25,15164,United Kingdom
569212,21071,VINTAGE BILLBOARD DRINK ME MUG,5,2011-10-02T12:05:00,1.25,15164,United Kingdom
569212,21136,PAINTED METAL PEARS ASSORTED,8,2011-10-02T12:05:00,1.69,15164,United Kingdom
569212,21755,LOVE BUILDING BLOCK WORD,4,2011-10-02T12:05:00,6.25,15164,United Kingdom
569212,84792,ENCHANTED BIRD COATHANGER 5 HOOK,2,2011-10-02T12:05:00,4.65,15164,United Kingdom
569212,23301,GARDENERS KNEELING PAD KEEP CALM ,3,2011-10-02T12:05:00,1.65,15164,United Kingdom
569212,23300,GARDENERS KNEELING PAD CUP OF TEA ,3,2011-10-02T12:05:00,1.65,15164,United Kingdom
569212,22113,GREY HEART HOT WATER BOTTLE,4,2011-10-02T12:05:00,4.25,15164,United Kingdom
569212,22112,CHOCOLATE HOT WATER BOTTLE,4,2011-10-02T12:05:00,4.95,15164,United Kingdom
569212,22835,HOT WATER BOTTLE I AM SO POORLY,4,2011-10-02T12:05:00,4.95,15164,United Kingdom
569212,23356,LOVE HOT WATER BOTTLE,2,2011-10-02T12:05:00,5.95,15164,United Kingdom
569212,23355,HOT WATER BOTTLE KEEP CALM,6,2011-10-02T12:05:00,4.95,15164,United Kingdom
569212,22111,SCOTTIE DOG HOT WATER BOTTLE,3,2011-10-02T12:05:00,4.95,15164,United Kingdom
569212,23096,PETIT TRAY CHIC,3,2011-10-02T12:05:00,1.65,15164,United Kingdom
569212,84879,ASSORTED COLOUR BIRD ORNAMENT,8,2011-10-02T12:05:00,1.69,15164,United Kingdom
569212,22633,HAND WARMER UNION JACK,4,2011-10-02T12:05:00,2.1,15164,United Kingdom
569212,23439,HAND WARMER RED LOVE HEART,4,2011-10-02T12:05:00,2.1,15164,United Kingdom
569212,22632,HAND WARMER RED RETROSPOT,4,2011-10-02T12:05:00,2.1,15164,United Kingdom
569212,84879,ASSORTED COLOUR BIRD ORNAMENT,8,2011-10-02T12:05:00,1.69,15164,United Kingdom
569212,21754,HOME BUILDING BLOCK WORD,4,2011-10-02T12:05:00,6.25,15164,United Kingdom
569212,23397,FOOT STOOL HOME SWEET HOME ,1,2011-10-02T12:05:00,9.95,15164,United Kingdom
569213,85152,HAND OVER THE CHOCOLATE   SIGN ,2,2011-10-02T12:11:00,2.1,13782,United Kingdom
569213,21175,GIN + TONIC DIET METAL SIGN,2,2011-10-02T12:11:00,2.55,13782,United Kingdom
569213,23426,METAL SIGN DROP YOUR PANTS,2,2011-10-02T12:11:00,2.89,13782,United Kingdom
569213,82482,WOODEN PICTURE FRAME WHITE FINISH,3,2011-10-02T12:11:00,2.95,13782,United Kingdom
569213,23322,LARGE WHITE HEART OF WICKER,2,2011-10-02T12:11:00,2.95,13782,United Kingdom
569213,23321,SMALL WHITE HEART OF WICKER,2,2011-10-02T12:11:00,1.65,13782,United Kingdom
569213,21259,VICTORIAN SEWING BOX SMALL ,1,2011-10-02T12:11:00,5.95,13782,United Kingdom
569213,22588,CARD HOLDER GINGHAM HEART,2,2011-10-02T12:11:00,2.89,13782,United Kingdom
569213,21137,BLACK RECORD COVER FRAME,1,2011-10-02T12:11:00,3.75,13782,United Kingdom
569213,47566B,TEA TIME PARTY BUNTING,2,2011-10-02T12:11:00,4.95,13782,United Kingdom
569213,23298,SPOTTY BUNTING,2,2011-10-02T12:11:00,4.95,13782,United Kingdom
569213,47566,PARTY BUNTING,2,2011-10-02T12:11:00,4.95,13782,United Kingdom
569213,23472, NINE DRAWER OFFICE TIDY,1,2011-10-02T12:11:00,14.95,13782,United Kingdom
569213,23471,SIX DRAWER OFFICE TIDY,1,2011-10-02T12:11:00,9.95,13782,United Kingdom
569213,23152,IVORY SWEETHEART WIRE LETTER RACK ,2,2011-10-02T12:11:00,3.75,13782,United Kingdom
569213,82486,3 DRAWER ANTIQUE WHITE WOOD CABINET,2,2011-10-02T12:11:00,8.95,13782,United Kingdom
569213,82483,WOOD 2 DRAWER CABINET WHITE FINISH,2,2011-10-02T12:11:00,6.95,13782,United Kingdom
569214,16219,HOUSE SHAPE PENCIL SHARPENER,288,2011-10-02T12:22:00,0.06,14533,United Kingdom
569214,21642,ASSORTED TUTTI FRUTTI PEN,120,2011-10-02T12:22:00,0.29,14533,United Kingdom
569214,21650,ASSORTED TUTTI FRUTTI BRACELET,144,2011-10-02T12:22:00,0.19,14533,United Kingdom
569214,20974,12 PENCILS SMALL TUBE SKULL,48,2011-10-02T12:22:00,0.65,14533,United Kingdom
569214,20975,12 PENCILS SMALL TUBE RED RETROSPOT,48,2011-10-02T12:22:00,0.65,14533,United Kingdom
569214,23366,SET 12 COLOURING PENCILS DOILY,32,2011-10-02T12:22:00,0.65,14533,United Kingdom
569214,15034,PAPER POCKET TRAVELING FAN ,1200,2011-10-02T12:22:00,0.07,14533,United Kingdom
569214,22546,MINI JIGSAW PURDEY,48,2011-10-02T12:22:00,0.42,14533,United Kingdom
569214,22299,PIG KEYRING WITH LIGHT & SOUND ,48,2011-10-02T12:22:00,1.25,14533,United Kingdom
569215,23199,JUMBO BAG APPLES,2,2011-10-02T12:30:00,2.08,13571,United Kingdom
569215,23200,JUMBO BAG PEARS,3,2011-10-02T12:30:00,2.08,13571,United Kingdom
569215,23343,JUMBO BAG VINTAGE CHRISTMAS ,2,2011-10-02T12:30:00,2.08,13571,United Kingdom
569215,22411,JUMBO SHOPPER VINTAGE RED PAISLEY,3,2011-10-02T12:30:00,2.08,13571,United Kingdom
569215,22386,JUMBO BAG PINK POLKADOT,2,2011-10-02T12:30:00,2.08,13571,United Kingdom
569215,85099B,JUMBO BAG RED RETROSPOT,2,2011-10-02T12:30:00,2.08,13571,United Kingdom
569215,20712,JUMBO BAG WOODLAND ANIMALS,2,2011-10-02T12:30:00,2.08,13571,United Kingdom
569215,23203,JUMBO BAG VINTAGE DOILY ,10,2011-10-02T12:30:00,2.08,13571,United Kingdom
569215,20724,RED RETROSPOT CHARLOTTE BAG,6,2011-10-02T12:30:00,0.85,13571,United Kingdom
569215,22356,CHARLOTTE BAG PINK POLKADOT,5,2011-10-02T12:30:00,0.85,13571,United Kingdom
569215,20719,WOODLAND CHARLOTTE BAG,6,2011-10-02T12:30:00,0.85,13571,United Kingdom
569215,23204,CHARLOTTE BAG APPLES DESIGN,5,2011-10-02T12:30:00,0.85,13571,United Kingdom
569215,22355,CHARLOTTE BAG SUKI DESIGN,6,2011-10-02T12:30:00,0.85,13571,United Kingdom
569215,22910,PAPER CHAIN KIT VINTAGE CHRISTMAS,3,2011-10-02T12:30:00,2.95,13571,United Kingdom
569215,22994,TRAVEL CARD WALLET RETROSPOT,1,2011-10-02T12:30:00,0.42,13571,United Kingdom
569215,22995,TRAVEL CARD WALLET SUKI,1,2011-10-02T12:30:00,0.42,13571,United Kingdom
569215,84978,HANGING HEART JAR T-LIGHT HOLDER,12,2011-10-02T12:30:00,1.25,13571,United Kingdom
569215,23234,BISCUIT TIN VINTAGE CHRISTMAS,6,2011-10-02T12:30:00,2.89,13571,United Kingdom
569215,22197,POPCORN HOLDER,10,2011-10-02T12:30:00,0.85,13571,United Kingdom
569215,22091,EMPIRE TISSUE BOX,8,2011-10-02T12:30:00,0.39,13571,United Kingdom
569215,22093,MOTORING TISSUE BOX,8,2011-10-02T12:30:00,0.39,13571,United Kingdom
569215,22099,CARAVAN SQUARE TISSUE BOX,6,2011-10-02T12:30:00,0.39,13571,United Kingdom
569215,23369,SET 36 COLOUR PENCILS LOVE LONDON,1,2011-10-02T12:30:00,1.25,13571,United Kingdom
569215,85152,HAND OVER THE CHOCOLATE   SIGN ,2,2011-10-02T12:30:00,2.1,13571,United Kingdom
569215,21169,YOU'RE CONFUSING ME METAL SIGN ,3,2011-10-02T12:30:00,1.69,13571,United Kingdom
569215,21181,PLEASE ONE PERSON METAL SIGN,2,2011-10-02T12:30:00,2.1,13571,United Kingdom
569215,23240,SET OF 4 KNICK KNACK TINS DOILY ,3,2011-10-02T12:30:00,4.15,13571,United Kingdom
569215,23293,SET OF 12 FAIRY CAKE BAKING CASES,16,2011-10-02T12:30:00,0.83,13571,United Kingdom
569215,22092,BLUE PAISLEY TISSUE BOX,6,2011-10-02T12:30:00,0.39,13571,United Kingdom
569215,23295,SET OF 12 MINI LOAF BAKING CASES,8,2011-10-02T12:30:00,0.83,13571,United Kingdom
569215,23296,SET OF 6 TEA TIME BAKING CASES,4,2011-10-02T12:30:00,1.25,13571,United Kingdom
569215,23294,SET OF 6 SNACK LOAF BAKING CASES,8,2011-10-02T12:30:00,0.83,13571,United Kingdom
569215,22336,DOVE DECORATION PAINTED ZINC ,10,2011-10-02T12:30:00,0.19,13571,United Kingdom
569215,22338,STAR DECORATION PAINTED ZINC ,8,2011-10-02T12:30:00,0.19,13571,United Kingdom
569215,22339,CHRISTMAS TREE PAINTED ZINC ,20,2011-10-02T12:30:00,0.19,13571,United Kingdom
569216,82486,3 DRAWER ANTIQUE WHITE WOOD CABINET,2,2011-10-02T12:41:00,8.95,15555,United Kingdom
569216,82483,WOOD 2 DRAWER CABINET WHITE FINISH,2,2011-10-02T12:41:00,6.95,15555,United Kingdom
569216,35471D,SET OF 3 BIRD LIGHT PINK FEATHER ,12,2011-10-02T12:41:00,0.39,15555,United Kingdom
569216,72741,GRAND CHOCOLATECANDLE,9,2011-10-02T12:41:00,1.45,15555,United Kingdom
569216,84660A,WHITE STITCHED WALL CLOCK,2,2011-10-02T12:41:00,0.79,15555,United Kingdom
569216,22539,MINI JIGSAW DOLLY GIRL,5,2011-10-02T12:41:00,0.42,15555,United Kingdom
569216,22536,MAGIC DRAWING SLATE PURDEY,6,2011-10-02T12:41:00,0.42,15555,United Kingdom
569216,21381,MINI WOODEN HAPPY BIRTHDAY GARLAND,2,2011-10-02T12:41:00,1.69,15555,United Kingdom
569216,22555,PLASTERS IN TIN STRONGMAN,2,2011-10-02T12:41:00,1.65,15555,United Kingdom
569216,21703,BAG 125g SWIRLY MARBLES,5,2011-10-02T12:41:00,0.42,15555,United Kingdom
569216,22436,12 COLOURED PARTY BALLOONS,4,2011-10-02T12:41:00,0.65,15555,United Kingdom
569216,84341B,SMALL PINK MAGIC CHRISTMAS TREE,12,2011-10-02T12:41:00,0.38,15555,United Kingdom
569216,21071,VINTAGE BILLBOARD DRINK ME MUG,6,2011-10-02T12:41:00,1.25,15555,United Kingdom
569216,22187,GREEN CHRISTMAS TREE CARD HOLDER,2,2011-10-02T12:41:00,1.95,15555,United Kingdom
569216,22186,RED STAR CARD HOLDER,2,2011-10-02T12:41:00,1.95,15555,United Kingdom
569216,22776,SWEETHEART 3 TIER CAKE STAND ,1,2011-10-02T12:41:00,9.95,15555,United Kingdom
569216,22469,HEART OF WICKER SMALL,2,2011-10-02T12:41:00,1.65,15555,United Kingdom
569216,47559B,TEA TIME OVEN GLOVE,2,2011-10-02T12:41:00,1.25,15555,United Kingdom
569216,23321,SMALL WHITE HEART OF WICKER,2,2011-10-02T12:41:00,1.65,15555,United Kingdom
569216,23322,LARGE WHITE HEART OF WICKER,1,2011-10-02T12:41:00,2.95,15555,United Kingdom
569216,23263,SET OF 3 WOODEN HEART DECORATIONS,3,2011-10-02T12:41:00,1.25,15555,United Kingdom
569216,22602,RETROSPOT WOODEN HEART DECORATION,5,2011-10-02T12:41:00,0.85,15555,United Kingdom
569216,85204,HANGING WOOD AND FELT FLOWER,15,2011-10-02T12:41:00,0.12,15555,United Kingdom
569216,23122,PARTY CHARMS 50 PIECES,1,2011-10-02T12:41:00,0.83,15555,United Kingdom
569216,23503,PLAYING CARDS KEEP CALM & CARRY ON,3,2011-10-02T12:41:00,1.25,15555,United Kingdom
569216,21592,RETROSPOT CIGAR BOX MATCHES ,2,2011-10-02T12:41:00,1.25,15555,United Kingdom
569216,22210,WOOD STAMP SET BEST WISHES,3,2011-10-02T12:41:00,0.83,15555,United Kingdom
569216,22569,FELTCRAFT CUSHION BUTTERFLY,1,2011-10-02T12:41:00,3.75,15555,United Kingdom
569216,22568,FELTCRAFT CUSHION OWL,1,2011-10-02T12:41:00,3.75,15555,United Kingdom
569216,23389,SPACEBOY MINI BACKPACK,1,2011-10-02T12:41:00,4.15,15555,United Kingdom
569216,23388,WOODLAND MINI BACKPACK,1,2011-10-02T12:41:00,4.15,15555,United Kingdom
569216,21733,RED HANGING HEART T-LIGHT HOLDER,1,2011-10-02T12:41:00,2.95,15555,United Kingdom
569216,85123A,WHITE HANGING HEART T-LIGHT HOLDER,1,2011-10-02T12:41:00,2.95,15555,United Kingdom
569216,17003,BROCADE RING PURSE ,27,2011-10-02T12:41:00,0.39,15555,United Kingdom
569216,23198,PANTRY MAGNETIC  SHOPPING LIST,4,2011-10-02T12:41:00,1.45,15555,United Kingdom
569216,23196,VINTAGE LEAF MAGNETIC NOTEPAD,4,2011-10-02T12:41:00,1.45,15555,United Kingdom
569216,23197,SKETCHBOOK MAGNETIC SHOPPING LIST,4,2011-10-02T12:41:00,1.45,15555,United Kingdom
569216,22560,TRADITIONAL MODELLING CLAY,5,2011-10-02T12:41:00,1.25,15555,United Kingdom
569216,22563,HAPPY STENCIL CRAFT,4,2011-10-02T12:41:00,1.25,15555,United Kingdom
569216,22564,ALPHABET STENCIL CRAFT,1,2011-10-02T12:41:00,1.25,15555,United Kingdom
569216,22562,MONSTERS STENCIL CRAFT,1,2011-10-02T12:41:00,1.25,15555,United Kingdom
569216,22566,FELTCRAFT HAIRBAND PINK AND PURPLE,3,2011-10-02T12:41:00,0.85,15555,United Kingdom
569216,35967,FOLK ART METAL STAR T-LIGHT HOLDER,12,2011-10-02T12:41:00,0.38,15555,United Kingdom
569216,35968,FOLK ART METAL HEART T-LIGHT HOLDER,12,2011-10-02T12:41:00,0.38,15555,United Kingdom
569216,85111,SILVER GLITTER FLOWER VOTIVE HOLDER,12,2011-10-02T12:41:00,0.29,15555,United Kingdom
569216,85032A,ROMANTIC IMAGES GIFT WRAP SET,5,2011-10-02T12:41:00,0.65,15555,United Kingdom
569216,85032C,CURIOUS IMAGES GIFT WRAP SET,5,2011-10-02T12:41:00,0.65,15555,United Kingdom
569216,22493,PAINT YOUR OWN CANVAS SET,2,2011-10-02T12:41:00,1.65,15555,United Kingdom
569216,21328,BALLOONS  WRITING SET ,3,2011-10-02T12:41:00,1.65,15555,United Kingdom
569216,22558,CLOTHES PEGS RETROSPOT PACK 24 ,3,2011-10-02T12:41:00,1.65,15555,United Kingdom
569216,23209,LUNCH BAG VINTAGE DOILY ,3,2011-10-02T12:41:00,1.65,15555,United Kingdom
569216,20728,LUNCH BAG CARS BLUE,1,2011-10-02T12:41:00,1.65,15555,United Kingdom
569216,22996,TRAVEL CARD WALLET VINTAGE TICKET,5,2011-10-02T12:41:00,0.42,15555,United Kingdom
569216,23002,TRAVEL CARD WALLET SKULLS,5,2011-10-02T12:41:00,0.42,15555,United Kingdom
569216,22997,TRAVEL CARD WALLET UNION JACK,5,2011-10-02T12:41:00,0.42,15555,United Kingdom
569216,23005,TRAVEL CARD WALLET I LOVE LONDON,5,2011-10-02T12:41:00,0.42,15555,United Kingdom
569216,22999,TRAVEL CARD WALLET VINTAGE LEAF,5,2011-10-02T12:41:00,0.42,15555,United Kingdom
569216,23000,TRAVEL CARD WALLET TRANSPORT,5,2011-10-02T12:41:00,0.42,15555,United Kingdom
569216,22994,TRAVEL CARD WALLET RETROSPOT,5,2011-10-02T12:41:00,0.42,15555,United Kingdom
569216,23004,TRAVEL CARD WALLET PANTRY,5,2011-10-02T12:41:00,0.42,15555,United Kingdom
569216,22998,TRAVEL CARD WALLET KEEP CALM,10,2011-10-02T12:41:00,0.42,15555,United Kingdom
569216,22147,FELTCRAFT BUTTERFLY HEARTS,3,2011-10-02T12:41:00,1.45,15555,United Kingdom
569216,35598D,PINK/WHITE CHRISTMAS TREE 60CM,4,2011-10-02T12:41:00,0.65,15555,United Kingdom
569217,23068,ALUMINIUM STAMPED HEART,1,2011-10-02T12:45:00,2.49,15579,United Kingdom
569217,23067,HANGING ENGRAVED METAL HEART,1,2011-10-02T12:45:00,4.15,15579,United Kingdom
569217,84509A,SET OF 4 ENGLISH ROSE PLACEMATS,2,2011-10-02T12:45:00,3.75,15579,United Kingdom
569217,79191D,RETRO PLASTIC DAISY TRAY,1,2011-10-02T12:45:00,0.85,15579,United Kingdom
569217,21035,SET/2 RED RETROSPOT TEA TOWELS ,1,2011-10-02T12:45:00,3.25,15579,United Kingdom
569217,22989,SET 2 PANTRY DESIGN TEA TOWELS,1,2011-10-02T12:45:00,3.25,15579,United Kingdom
569217,21592,RETROSPOT CIGAR BOX MATCHES ,3,2011-10-02T12:45:00,1.25,15579,United Kingdom
569217,22844,VINTAGE CREAM DOG FOOD CONTAINER,1,2011-10-02T12:45:00,8.5,15579,United Kingdom
569217,22195,LARGE HEART MEASURING SPOONS,1,2011-10-02T12:45:00,1.65,15579,United Kingdom
569217,84596F,SMALL MARSHMALLOWS PINK BOWL,8,2011-10-02T12:45:00,0.42,15579,United Kingdom
569217,22059,CERAMIC STRAWBERRY DESIGN MUG,4,2011-10-02T12:45:00,1.49,15579,United Kingdom
569217,37448,CERAMIC CAKE DESIGN SPOTTED MUG,2,2011-10-02T12:45:00,1.49,15579,United Kingdom
569217,48138,DOORMAT UNION FLAG,1,2011-10-02T12:45:00,8.25,15579,United Kingdom
569217,20685,DOORMAT RED RETROSPOT,1,2011-10-02T12:45:00,8.25,15579,United Kingdom
569217,48194,DOORMAT HEARTS,1,2011-10-02T12:45:00,8.25,15579,United Kingdom
569217,48194,DOORMAT HEARTS,1,2011-10-02T12:45:00,8.25,15579,United Kingdom
569217,23077,DOUGHNUT LIP GLOSS ,20,2011-10-02T12:45:00,1.25,15579,United Kingdom
569217,22553,PLASTERS IN TIN SKULLS,1,2011-10-02T12:45:00,1.65,15579,United Kingdom
569217,22555,PLASTERS IN TIN STRONGMAN,1,2011-10-02T12:45:00,1.65,15579,United Kingdom
569217,22556,PLASTERS IN TIN CIRCUS PARADE ,1,2011-10-02T12:45:00,1.65,15579,United Kingdom
569217,22551,PLASTERS IN TIN SPACEBOY,1,2011-10-02T12:45:00,1.65,15579,United Kingdom
569217,22554,PLASTERS IN TIN WOODLAND ANIMALS,1,2011-10-02T12:45:00,1.65,15579,United Kingdom
569217,23068,ALUMINIUM STAMPED HEART,4,2011-10-02T12:45:00,2.49,15579,United Kingdom
569217,22844,VINTAGE CREAM DOG FOOD CONTAINER,1,2011-10-02T12:45:00,8.5,15579,United Kingdom
569217,23067,HANGING ENGRAVED METAL HEART,4,2011-10-02T12:45:00,4.15,15579,United Kingdom
569218,23130,MISTLETOE HEART WREATH GREEN,6,2011-10-02T12:47:00,4.15,15952,United Kingdom
569218,23131,MISTLETOE HEART WREATH CREAM,6,2011-10-02T12:47:00,4.15,15952,United Kingdom
569218,23067,HANGING ENGRAVED METAL HEART,4,2011-10-02T12:47:00,4.15,15952,United Kingdom
569218,22801,ANTIQUE GLASS PEDESTAL BOWL,1,2011-10-02T12:47:00,3.75,15952,United Kingdom
569218,23109,PACK OF SIX LED TEA LIGHTS,1,2011-10-02T12:47:00,2.89,15952,United Kingdom
569218,82482,WOODEN PICTURE FRAME WHITE FINISH,2,2011-10-02T12:47:00,2.95,15952,United Kingdom
569218,22759,SET OF 3 NOTEBOOKS IN PARCEL,3,2011-10-02T12:47:00,1.65,15952,United Kingdom
569218,23351,ROLL WRAP 50'S CHRISTMAS,4,2011-10-02T12:47:00,1.25,15952,United Kingdom
569218,21500,PINK POLKADOT WRAP ,25,2011-10-02T12:47:00,0.42,15952,United Kingdom
569218,21755,LOVE BUILDING BLOCK WORD,1,2011-10-02T12:47:00,6.25,15952,United Kingdom
569218,84536A,ENGLISH ROSE NOTEBOOK A7 SIZE,4,2011-10-02T12:47:00,0.42,15952,United Kingdom
569218,84030E,ENGLISH ROSE HOT WATER BOTTLE,2,2011-10-02T12:47:00,4.25,15952,United Kingdom
569218,22866,HAND WARMER SCOTTY DOG DESIGN,2,2011-10-02T12:47:00,2.1,15952,United Kingdom
569218,22632,HAND WARMER RED RETROSPOT,2,2011-10-02T12:47:00,2.1,15952,United Kingdom
569218,22865,HAND WARMER OWL DESIGN,4,2011-10-02T12:47:00,2.1,15952,United Kingdom
569218,23439,HAND WARMER RED LOVE HEART,2,2011-10-02T12:47:00,2.1,15952,United Kingdom
569218,22867,HAND WARMER BIRD DESIGN,2,2011-10-02T12:47:00,2.1,15952,United Kingdom
569218,21985,PACK OF 12 HEARTS DESIGN TISSUES ,12,2011-10-02T12:47:00,0.39,15952,United Kingdom
569218,23414,ZINC BOX SIGN HOME,1,2011-10-02T12:47:00,9.95,15952,United Kingdom
569218,23359,SET OF 12 T-LIGHTS VINTAGE DOILY,4,2011-10-02T12:47:00,1.95,15952,United Kingdom
569218,85035B,CHOCOLATE 3 WICK MORRIS BOX CANDLE,1,2011-10-02T12:47:00,4.25,15952,United Kingdom
569218,85035C,ROSE 3 WICK MORRIS BOX CANDLE,1,2011-10-02T12:47:00,4.25,15952,United Kingdom
569218,85035A,GARDENIA 3 WICK MORRIS BOXED CANDLE,1,2011-10-02T12:47:00,4.25,15952,United Kingdom
569218,22776,SWEETHEART 3 TIER CAKE STAND ,2,2011-10-02T12:47:00,9.95,15952,United Kingdom
569218,22423,REGENCY CAKESTAND 3 TIER,1,2011-10-02T12:47:00,12.75,15952,United Kingdom
569218,35970,ZINC FOLKART SLEIGH BELLS,6,2011-10-02T12:47:00,1.69,15952,United Kingdom
569218,22470,HEART OF WICKER LARGE,2,2011-10-02T12:47:00,2.95,15952,United Kingdom
569218,22694,WICKER STAR ,2,2011-10-02T12:47:00,2.1,15952,United Kingdom
569218,85099B,JUMBO BAG RED RETROSPOT,3,2011-10-02T12:47:00,2.08,15952,United Kingdom
569218,85099F,JUMBO BAG STRAWBERRY,2,2011-10-02T12:47:00,2.08,15952,United Kingdom
569218,22061,LARGE CAKE STAND  HANGING STRAWBERY,1,2011-10-02T12:47:00,9.95,15952,United Kingdom
569218,85099F,JUMBO BAG STRAWBERRY,2,2011-10-02T12:47:00,2.08,15952,United Kingdom
569219,23343,JUMBO BAG VINTAGE CHRISTMAS ,1,2011-10-02T13:01:00,2.08,13558,United Kingdom
569219,23344,JUMBO BAG 50'S CHRISTMAS ,1,2011-10-02T13:01:00,2.08,13558,United Kingdom
569219,21689,SILVER VANILLA  FLOWER CANDLE POT,1,2011-10-02T13:01:00,3.75,13558,United Kingdom
569219,22776,SWEETHEART 3 TIER CAKE STAND ,1,2011-10-02T13:01:00,9.95,13558,United Kingdom
569219,23408,PHOTO FRAME LINEN AND LACE SMALL,1,2011-10-02T13:01:00,2.08,13558,United Kingdom
569219,85049A,TRADITIONAL CHRISTMAS RIBBONS,1,2011-10-02T13:01:00,1.25,13558,United Kingdom
569219,22734,SET OF 6 RIBBONS VINTAGE CHRISTMAS,1,2011-10-02T13:01:00,2.89,13558,United Kingdom
569219,21034,REX CASH+CARRY JUMBO SHOPPER,1,2011-10-02T13:01:00,0.95,13558,United Kingdom
569219,22818,CARD CHRISTMAS VILLAGE,24,2011-10-02T13:01:00,0.42,13558,United Kingdom
569219,84247E,PACK OF 12 CHRISTMAS FUN CARDS,1,2011-10-02T13:01:00,2.95,13558,United Kingdom
569219,22576,SWALLOW WOODEN CHRISTMAS DECORATION,3,2011-10-02T13:01:00,0.85,13558,United Kingdom
569219,22150,3 STRIPEY MICE FELTCRAFT,1,2011-10-02T13:01:00,1.95,13558,United Kingdom
569219,85032D,YULETIDE IMAGES GIFT WRAP SET,2,2011-10-02T13:01:00,0.65,13558,United Kingdom
569219,22602,RETROSPOT WOODEN HEART DECORATION,3,2011-10-02T13:01:00,0.85,13558,United Kingdom
569219,22600,CHRISTMAS RETROSPOT STAR WOOD,3,2011-10-02T13:01:00,0.85,13558,United Kingdom
569219,84247E,PACK OF 12 CHRISTMAS FUN CARDS,1,2011-10-02T13:01:00,2.95,13558,United Kingdom
569219,23371,SET 36 COLOUR PENCILS SPACEBOY ,1,2011-10-02T13:01:00,1.25,13558,United Kingdom
569219,23370,SET 36 COLOURING PENCILS DOILY,1,2011-10-02T13:01:00,1.25,13558,United Kingdom
569219,23390,DOLLY GIRL MINI BACKPACK,1,2011-10-02T13:01:00,4.15,13558,United Kingdom
569219,23349,ROLL WRAP VINTAGE CHRISTMAS,12,2011-10-02T13:01:00,1.25,13558,United Kingdom
569219,22727,ALARM CLOCK BAKELIKE RED ,1,2011-10-02T13:01:00,3.75,13558,United Kingdom
569219,23247,BISCUIT TIN 50'S CHRISTMAS,1,2011-10-02T13:01:00,2.89,13558,United Kingdom
569219,21313,GLASS HEART T-LIGHT HOLDER ,2,2011-10-02T13:01:00,0.85,13558,United Kingdom
569219,23312,VINTAGE CHRISTMAS GIFT SACK,4,2011-10-02T13:01:00,4.15,13558,United Kingdom
569219,23354,6 GIFT TAGS 50'S CHRISTMAS ,3,2011-10-02T13:01:00,0.83,13558,United Kingdom
569219,23353,6 GIFT TAGS VINTAGE CHRISTMAS ,3,2011-10-02T13:01:00,0.83,13558,United Kingdom
569219,22996,TRAVEL CARD WALLET VINTAGE TICKET,1,2011-10-02T13:01:00,0.42,13558,United Kingdom
569219,22994,TRAVEL CARD WALLET RETROSPOT,2,2011-10-02T13:01:00,0.42,13558,United Kingdom
569219,23004,TRAVEL CARD WALLET PANTRY,2,2011-10-02T13:01:00,0.42,13558,United Kingdom
569219,22996,TRAVEL CARD WALLET VINTAGE TICKET,2,2011-10-02T13:01:00,0.42,13558,United Kingdom
569219,22734,SET OF 6 RIBBONS VINTAGE CHRISTMAS,1,2011-10-02T13:01:00,2.89,13558,United Kingdom
569219,85032B,BLOSSOM IMAGES GIFT WRAP SET,1,2011-10-02T13:01:00,0.65,13558,United Kingdom
569219,22110,BIRD HOUSE HOT WATER BOTTLE,1,2011-10-02T13:01:00,2.55,13558,United Kingdom
569219,21484,CHICK GREY HOT WATER BOTTLE,1,2011-10-02T13:01:00,4.25,13558,United Kingdom
569219,21485,RETROSPOT HEART HOT WATER BOTTLE,1,2011-10-02T13:01:00,4.95,13558,United Kingdom
569219,22423,REGENCY CAKESTAND 3 TIER,1,2011-10-02T13:01:00,12.75,13558,United Kingdom
569219,20718,RED RETROSPOT SHOPPER BAG,1,2011-10-02T13:01:00,1.25,13558,United Kingdom
569219,20717,STRAWBERRY SHOPPER BAG,1,2011-10-02T13:01:00,1.25,13558,United Kingdom
569219,15060B,FAIRY CAKE DESIGN UMBRELLA,1,2011-10-02T13:01:00,3.75,13558,United Kingdom
569219,23318,BOX OF 6 MINI VINTAGE CRACKERS,1,2011-10-02T13:01:00,2.49,13558,United Kingdom
569219,23319,BOX OF 6 MINI 50'S CRACKERS,1,2011-10-02T13:01:00,2.49,13558,United Kingdom
569219,22624,IVORY KITCHEN SCALES,1,2011-10-02T13:01:00,8.5,13558,United Kingdom
569219,23192,BUNDLE OF 3 ALPHABET EXERCISE BOOKS,2,2011-10-02T13:01:00,1.65,13558,United Kingdom
569219,22621,TRADITIONAL KNITTING NANCY,1,2011-10-02T13:01:00,1.65,13558,United Kingdom
569219,22587,FELTCRAFT HAIRBAND RED AND BLUE,1,2011-10-02T13:01:00,0.85,13558,United Kingdom
569219,22730,ALARM CLOCK BAKELIKE IVORY,1,2011-10-02T13:01:00,3.75,13558,United Kingdom
569219,21915,RED  HARMONICA IN BOX ,2,2011-10-02T13:01:00,1.25,13558,United Kingdom
569219,23371,SET 36 COLOUR PENCILS SPACEBOY ,1,2011-10-02T13:01:00,1.25,13558,United Kingdom
569219,23370,SET 36 COLOURING PENCILS DOILY,1,2011-10-02T13:01:00,1.25,13558,United Kingdom
569219,23372,SET 36 COLOUR PENCILS DOLLY GIRL,2,2011-10-02T13:01:00,1.25,13558,United Kingdom
569219,23503,PLAYING CARDS KEEP CALM & CARRY ON,1,2011-10-02T13:01:00,1.25,13558,United Kingdom
569219,23502,PLAYING CARDS VINTAGE DOILY ,1,2011-10-02T13:01:00,1.25,13558,United Kingdom
569219,21891,TRADITIONAL WOODEN SKIPPING ROPE,1,2011-10-02T13:01:00,1.45,13558,United Kingdom
569219,22086,PAPER CHAIN KIT 50'S CHRISTMAS ,1,2011-10-02T13:01:00,2.95,13558,United Kingdom
569219,22910,PAPER CHAIN KIT VINTAGE CHRISTMAS,1,2011-10-02T13:01:00,2.95,13558,United Kingdom
569219,22662,LUNCH BAG DOLLY GIRL DESIGN,2,2011-10-02T13:01:00,1.65,13558,United Kingdom
569219,23207,LUNCH BAG ALPHABET DESIGN,1,2011-10-02T13:01:00,1.65,13558,United Kingdom
569219,23350,ROLL WRAP VINTAGE SPOT ,12,2011-10-02T13:01:00,1.25,13558,United Kingdom
569219,21034,REX CASH+CARRY JUMBO SHOPPER,1,2011-10-02T13:01:00,0.95,13558,United Kingdom
569220,22663,JUMBO BAG DOLLY GIRL DESIGN,1,2011-10-02T13:26:00,2.08,16007,United Kingdom
569220,23323,WHITE WICKER STAR ,4,2011-10-02T13:26:00,2.1,16007,United Kingdom
569220,23322,LARGE WHITE HEART OF WICKER,4,2011-10-02T13:26:00,2.95,16007,United Kingdom
569220,21730,GLASS STAR FROSTED T-LIGHT HOLDER,4,2011-10-02T13:26:00,4.95,16007,United Kingdom
569220,23546,WRAP PAISLEY PARK ,25,2011-10-02T13:26:00,0.42,16007,United Kingdom
569220,16161P,WRAP ENGLISH ROSE ,25,2011-10-02T13:26:00,0.42,16007,United Kingdom
569220,23469,CARD HOLDER LOVE BIRD SMALL,2,2011-10-02T13:26:00,4.15,16007,United Kingdom
569220,23470,CARD HOLDER LOVE BIRD LARGE ,2,2011-10-02T13:26:00,6.25,16007,United Kingdom
569220,23202,JUMBO BAG VINTAGE LEAF,1,2011-10-02T13:26:00,2.08,16007,United Kingdom
569220,23201,JUMBO BAG ALPHABET,1,2011-10-02T13:26:00,2.08,16007,United Kingdom
569220,85099F,JUMBO BAG STRAWBERRY,1,2011-10-02T13:26:00,2.08,16007,United Kingdom
569220,20711,JUMBO BAG TOYS ,1,2011-10-02T13:26:00,2.08,16007,United Kingdom
569220,21931,JUMBO STORAGE BAG SUKI,1,2011-10-02T13:26:00,2.08,16007,United Kingdom
569220,20712,JUMBO BAG WOODLAND ANIMALS,1,2011-10-02T13:26:00,2.08,16007,United Kingdom
569220,21928,JUMBO BAG SCANDINAVIAN BLUE PAISLEY,1,2011-10-02T13:26:00,2.08,16007,United Kingdom
569220,85099B,JUMBO BAG RED RETROSPOT,1,2011-10-02T13:26:00,2.08,16007,United Kingdom
569220,22386,JUMBO BAG PINK POLKADOT,1,2011-10-02T13:26:00,2.08,16007,United Kingdom
569220,22411,JUMBO SHOPPER VINTAGE RED PAISLEY,1,2011-10-02T13:26:00,2.08,16007,United Kingdom
569220,21929,JUMBO BAG PINK VINTAGE PAISLEY,1,2011-10-02T13:26:00,2.08,16007,United Kingdom
569220,85099C,JUMBO  BAG BAROQUE BLACK WHITE,1,2011-10-02T13:26:00,2.08,16007,United Kingdom
569220,23203,JUMBO BAG VINTAGE DOILY ,2,2011-10-02T13:26:00,2.08,16007,United Kingdom
569220,23199,JUMBO BAG APPLES,2,2011-10-02T13:26:00,2.08,16007,United Kingdom
569220,23200,JUMBO BAG PEARS,2,2011-10-02T13:26:00,2.08,16007,United Kingdom
569220,22356,CHARLOTTE BAG PINK POLKADOT,1,2011-10-02T13:26:00,0.85,16007,United Kingdom
569220,22472,TV DINNER TRAY DOLLY GIRL,1,2011-10-02T13:26:00,4.95,16007,United Kingdom
569220,23412,HEART MIRROR ANTIQUE WHITE,2,2011-10-02T13:26:00,7.5,16007,United Kingdom
569220,23404,HOME SWEET HOME BLACKBOARD,2,2011-10-02T13:26:00,4.95,16007,United Kingdom
569220,82551,LAUNDRY 15C METAL SIGN,2,2011-10-02T13:26:00,1.45,16007,United Kingdom
569220,23379,PACK OF 12 RED APPLE TISSUES,12,2011-10-02T13:26:00,0.39,16007,United Kingdom
569220,47566,PARTY BUNTING,4,2011-10-02T13:26:00,4.95,16007,United Kingdom
569220,23298,SPOTTY BUNTING,2,2011-10-02T13:26:00,4.95,16007,United Kingdom
569220,23147,SINGLE ANTIQUE ROSE HOOK IVORY,6,2011-10-02T13:26:00,1.45,16007,United Kingdom
569220,23339,EGG FRYING PAN BLUE ,1,2011-10-02T13:26:00,2.08,16007,United Kingdom
569220,22553,PLASTERS IN TIN SKULLS,1,2011-10-02T13:26:00,1.65,16007,United Kingdom
569220,22555,PLASTERS IN TIN STRONGMAN,2,2011-10-02T13:26:00,1.65,16007,United Kingdom
569220,20971,PINK BLUE FELT CRAFT TRINKET BOX,4,2011-10-02T13:26:00,1.25,16007,United Kingdom
569220,23313,VINTAGE CHRISTMAS BUNTING,4,2011-10-02T13:26:00,4.95,16007,United Kingdom
569220,20723,STRAWBERRY CHARLOTTE BAG,1,2011-10-02T13:26:00,0.85,16007,United Kingdom
569220,23205,CHARLOTTE BAG VINTAGE ALPHABET ,1,2011-10-02T13:26:00,0.85,16007,United Kingdom
569220,20724,RED RETROSPOT CHARLOTTE BAG,1,2011-10-02T13:26:00,0.85,16007,United Kingdom
569220,22355,CHARLOTTE BAG SUKI DESIGN,1,2011-10-02T13:26:00,0.85,16007,United Kingdom
569220,22661,CHARLOTTE BAG DOLLY GIRL DESIGN,1,2011-10-02T13:26:00,0.85,16007,United Kingdom
569220,22356,CHARLOTTE BAG PINK POLKADOT,1,2011-10-02T13:26:00,0.85,16007,United Kingdom
569220,20719,WOODLAND CHARLOTTE BAG,1,2011-10-02T13:26:00,0.85,16007,United Kingdom
569220,23204,CHARLOTTE BAG APPLES DESIGN,1,2011-10-02T13:26:00,0.85,16007,United Kingdom
569220,22910,PAPER CHAIN KIT VINTAGE CHRISTMAS,4,2011-10-02T13:26:00,2.95,16007,United Kingdom
569220,22086,PAPER CHAIN KIT 50'S CHRISTMAS ,4,2011-10-02T13:26:00,2.95,16007,United Kingdom
569220,22645,CERAMIC HEART FAIRY CAKE MONEY BANK,2,2011-10-02T13:26:00,1.45,16007,United Kingdom
569220,22646,CERAMIC STRAWBERRY CAKE MONEY BANK,4,2011-10-02T13:26:00,1.45,16007,United Kingdom
569220,22548,HEADS AND TAILS SPORTING FUN,2,2011-10-02T13:26:00,1.25,16007,United Kingdom
569220,21790,VINTAGE SNAP CARDS,3,2011-10-02T13:26:00,0.85,16007,United Kingdom
569220,21914,BLUE HARMONICA IN BOX ,6,2011-10-02T13:26:00,1.25,16007,United Kingdom
569220,21915,RED  HARMONICA IN BOX ,6,2011-10-02T13:26:00,1.25,16007,United Kingdom
569220,21917,SET 12 KIDS  WHITE CHALK STICKS,3,2011-10-02T13:26:00,0.42,16007,United Kingdom
569220,21918,SET 12 KIDS COLOUR  CHALK STICKS,3,2011-10-02T13:26:00,0.42,16007,United Kingdom
569220,23308,SET OF 60 VINTAGE LEAF CAKE CASES ,4,2011-10-02T13:26:00,0.55,16007,United Kingdom
569220,21212,PACK OF 72 RETROSPOT CAKE CASES,4,2011-10-02T13:26:00,0.55,16007,United Kingdom
569220,84991,60 TEATIME FAIRY CAKE CASES,6,2011-10-02T13:26:00,0.55,16007,United Kingdom
569220,22988,SOLDIERS EGG CUP ,2,2011-10-02T13:26:00,1.25,16007,United Kingdom
569220,22909,SET OF 20 VINTAGE CHRISTMAS NAPKINS,8,2011-10-02T13:26:00,0.85,16007,United Kingdom
569220,21429,RED GINGHAM ROSE JEWELLERY BOX,2,2011-10-02T13:26:00,1.95,16007,United Kingdom
569220,35095A,BLUE VICTORIAN FABRIC OVAL BOX,6,2011-10-02T13:26:00,0.42,16007,United Kingdom
569220,35095B,RED VICTORIAN FABRIC OVAL BOX,6,2011-10-02T13:26:00,0.42,16007,United Kingdom
569220,21380,WOODEN HAPPY BIRTHDAY GARLAND,4,2011-10-02T13:26:00,2.95,16007,United Kingdom
569220,21381,MINI WOODEN HAPPY BIRTHDAY GARLAND,4,2011-10-02T13:26:00,1.69,16007,United Kingdom
569220,21494,ROTATING LEAVES T-LIGHT HOLDER,6,2011-10-02T13:26:00,1.25,16007,United Kingdom
569220,23395,BELLE JARDINIERE CUSHION COVER,5,2011-10-02T13:26:00,3.75,16007,United Kingdom
569220,23145,ZINC T-LIGHT HOLDER STAR LARGE,12,2011-10-02T13:26:00,0.95,16007,United Kingdom
569220,21430,SET/3 RED GINGHAM ROSE STORAGE BOX,2,2011-10-02T13:26:00,3.75,16007,United Kingdom
569220,82486,3 DRAWER ANTIQUE WHITE WOOD CABINET,2,2011-10-02T13:26:00,8.95,16007,United Kingdom
569220,84946,ANTIQUE SILVER T-LIGHT GLASS,6,2011-10-02T13:26:00,1.25,16007,United Kingdom
569220,82483,WOOD 2 DRAWER CABINET WHITE FINISH,2,2011-10-02T13:26:00,6.95,16007,United Kingdom
569220,84946,ANTIQUE SILVER T-LIGHT GLASS,12,2011-10-02T13:26:00,1.25,16007,United Kingdom
569220,23302,KNEELING MAT HOUSEWORK  DESIGN,2,2011-10-02T13:26:00,1.65,16007,United Kingdom
569220,23300,GARDENERS KNEELING PAD CUP OF TEA ,3,2011-10-02T13:26:00,1.65,16007,United Kingdom
569220,23301,GARDENERS KNEELING PAD KEEP CALM ,3,2011-10-02T13:26:00,1.65,16007,United Kingdom
569220,84755,COLOUR GLASS T-LIGHT HOLDER HANGING,8,2011-10-02T13:26:00,0.65,16007,United Kingdom
569220,23127,FELTCRAFT GIRL NICOLE KIT,1,2011-10-02T13:26:00,4.95,16007,United Kingdom
569220,22128,PARTY CONES CANDY ASSORTED,6,2011-10-02T13:26:00,1.25,16007,United Kingdom
569220,22114,HOT WATER BOTTLE TEA AND SYMPATHY,1,2011-10-02T13:26:00,4.25,16007,United Kingdom
569220,84077,WORLD WAR 2 GLIDERS ASSTD DESIGNS,48,2011-10-02T13:26:00,0.29,16007,United Kingdom
569220,21200,MULTICOLOUR HONEYCOMB PAPER GARLAND,2,2011-10-02T13:26:00,1.65,16007,United Kingdom
569220,21207,SKULL AND CROSSBONES  GARLAND ,3,2011-10-02T13:26:00,1.65,16007,United Kingdom
569220,22467,GUMBALL COAT RACK,2,2011-10-02T13:26:00,2.55,16007,United Kingdom
569220,72799E,IVORY PILLAR CANDLE SILVER FLOCK,2,2011-10-02T13:26:00,2.95,16007,United Kingdom
569220,72800B, 4 PURPLE FLOCK DINNER CANDLES,1,2011-10-02T13:26:00,2.55,16007,United Kingdom
569220,72800D,4 BLUE DINNER CANDLES SILVER FLOCK,1,2011-10-02T13:26:00,2.55,16007,United Kingdom
569220,72800E,4 IVORY DINNER CANDLES SILVER FLOCK,2,2011-10-02T13:26:00,2.55,16007,United Kingdom
569220,22138,BAKING SET 9 PIECE RETROSPOT ,2,2011-10-02T13:26:00,4.95,16007,United Kingdom
569220,23403,LETTER HOLDER HOME SWEET HOME,2,2011-10-02T13:26:00,3.75,16007,United Kingdom
569220,23197,SKETCHBOOK MAGNETIC SHOPPING LIST,2,2011-10-02T13:26:00,1.45,16007,United Kingdom
569220,23196,VINTAGE LEAF MAGNETIC NOTEPAD,2,2011-10-02T13:26:00,1.45,16007,United Kingdom
569220,23354,6 GIFT TAGS 50'S CHRISTMAS ,6,2011-10-02T13:26:00,0.83,16007,United Kingdom
569220,23353,6 GIFT TAGS VINTAGE CHRISTMAS ,6,2011-10-02T13:26:00,0.83,16007,United Kingdom
569220,21901,"KEY FOB , BACK DOOR ",2,2011-10-02T13:26:00,0.65,16007,United Kingdom
569220,21902,"KEY FOB , FRONT  DOOR ",2,2011-10-02T13:26:00,0.65,16007,United Kingdom
569220,21900,"KEY FOB , SHED",2,2011-10-02T13:26:00,0.65,16007,United Kingdom
569220,21899,GARAGE KEY FOB,2,2011-10-02T13:26:00,0.65,16007,United Kingdom
569220,22434,BALLOON PUMP WITH 10 BALLOONS,1,2011-10-02T13:26:00,1.95,16007,United Kingdom
569220,22197,POPCORN HOLDER,2,2011-10-02T13:26:00,0.85,16007,United Kingdom
569220,22116,METAL SIGN HIS DINNER IS SERVED,2,2011-10-02T13:26:00,0.79,16007,United Kingdom
569220,85032D,YULETIDE IMAGES GIFT WRAP SET,4,2011-10-02T13:26:00,0.65,16007,United Kingdom
569220,22792,FLUTED ANTIQUE CANDLE HOLDER,6,2011-10-02T13:26:00,0.85,16007,United Kingdom
569220,21993,FLORAL FOLK STATIONERY SET,2,2011-10-02T13:26:00,1.25,16007,United Kingdom
569220,21992,VINTAGE PAISLEY STATIONERY SET,2,2011-10-02T13:26:00,1.25,16007,United Kingdom
569220,21990,MODERN FLORAL STATIONERY SET,2,2011-10-02T13:26:00,1.25,16007,United Kingdom
569220,23196,VINTAGE LEAF MAGNETIC NOTEPAD,1,2011-10-02T13:26:00,1.45,16007,United Kingdom
569220,21832,CHOCOLATE CALCULATOR,1,2011-10-02T13:26:00,1.65,16007,United Kingdom
569220,23188,VINTAGE  2 METER FOLDING RULER,1,2011-10-02T13:26:00,1.65,16007,United Kingdom
569220,84535B,FAIRY CAKES NOTEBOOK A6 SIZE,4,2011-10-02T13:26:00,0.65,16007,United Kingdom
569220,84536B,FAIRY CAKES NOTEBOOK A7 SIZE,4,2011-10-02T13:26:00,0.42,16007,United Kingdom
569220,22098,BOUDOIR SQUARE TISSUE BOX,2,2011-10-02T13:26:00,0.39,16007,United Kingdom
569220,18097C,WHITE TALL PORCELAIN T-LIGHT HOLDER,1,2011-10-02T13:26:00,2.55,16007,United Kingdom
569220,22726,ALARM CLOCK BAKELIKE GREEN,1,2011-10-02T13:26:00,3.75,16007,United Kingdom
569220,21213,PACK OF 72 SKULL CAKE CASES,3,2011-10-02T13:26:00,0.55,16007,United Kingdom
569220,22951,60 CAKE CASES DOLLY GIRL DESIGN,2,2011-10-02T13:26:00,0.55,16007,United Kingdom
569220,21976,PACK OF 60 MUSHROOM CAKE CASES,2,2011-10-02T13:26:00,0.55,16007,United Kingdom
569220,21212,PACK OF 72 RETROSPOT CAKE CASES,2,2011-10-02T13:26:00,0.55,16007,United Kingdom
569220,21977,PACK OF 60 PINK PAISLEY CAKE CASES,2,2011-10-02T13:26:00,0.55,16007,United Kingdom
569220,22417,PACK OF 60 SPACEBOY CAKE CASES,2,2011-10-02T13:26:00,0.55,16007,United Kingdom
569220,21975,PACK OF 60 DINOSAUR CAKE CASES,2,2011-10-02T13:26:00,0.55,16007,United Kingdom
569220,23307,SET OF 60 PANTRY DESIGN CAKE CASES ,2,2011-10-02T13:26:00,0.55,16007,United Kingdom
569220,84992,72 SWEETHEART FAIRY CAKE CASES,2,2011-10-02T13:26:00,0.55,16007,United Kingdom
569220,23308,SET OF 60 VINTAGE LEAF CAKE CASES ,2,2011-10-02T13:26:00,0.55,16007,United Kingdom
569220,22952,60 CAKE CASES VINTAGE CHRISTMAS,3,2011-10-02T13:26:00,0.55,16007,United Kingdom
569220,23507,MINI PLAYING CARDS BUFFALO BILL ,2,2011-10-02T13:26:00,0.42,16007,United Kingdom
569220,23510,MINI PLAYING CARDS GYMKHANA,2,2011-10-02T13:26:00,0.42,16007,United Kingdom
569220,23509,MINI PLAYING CARDS FUN FAIR ,2,2011-10-02T13:26:00,0.42,16007,United Kingdom
569220,23506,MINI PLAYING CARDS SPACEBOY ,2,2011-10-02T13:26:00,0.42,16007,United Kingdom
569220,72133,COLUMBIAN CANDLE RECTANGLE,1,2011-10-02T13:26:00,1.25,16007,United Kingdom
569220,22730,ALARM CLOCK BAKELIKE IVORY,1,2011-10-02T13:26:00,3.75,16007,United Kingdom
569220,22727,ALARM CLOCK BAKELIKE RED ,2,2011-10-02T13:26:00,3.75,16007,United Kingdom
569220,22728,ALARM CLOCK BAKELIKE PINK,1,2011-10-02T13:26:00,3.75,16007,United Kingdom
569220,22729,ALARM CLOCK BAKELIKE ORANGE,3,2011-10-02T13:26:00,3.75,16007,United Kingdom
569220,84947,ANTIQUE SILVER TEA GLASS ENGRAVED,6,2011-10-02T13:26:00,1.25,16007,United Kingdom
569220,22851,SET 20 NAPKINS FAIRY CAKES DESIGN ,1,2011-10-02T13:26:00,0.85,16007,United Kingdom
569220,21080,SET/20 RED RETROSPOT PAPER NAPKINS ,1,2011-10-02T13:26:00,0.85,16007,United Kingdom
569220,22851,SET 20 NAPKINS FAIRY CAKES DESIGN ,1,2011-10-02T13:26:00,0.85,16007,United Kingdom
569220,21989,PACK OF 20 SKULL PAPER NAPKINS,1,2011-10-02T13:26:00,0.85,16007,United Kingdom
569220,21078,SET/20 STRAWBERRY PAPER NAPKINS ,1,2011-10-02T13:26:00,0.85,16007,United Kingdom
569220,22908,PACK OF 20 NAPKINS RED APPLES,2,2011-10-02T13:26:00,0.85,16007,United Kingdom
569220,20973,12 PENCIL SMALL TUBE WOODLAND,3,2011-10-02T13:26:00,0.65,16007,United Kingdom
569220,23366,SET 12 COLOURING PENCILS DOILY,2,2011-10-02T13:26:00,0.65,16007,United Kingdom
569220,23367,SET 12 COLOUR PENCILS SPACEBOY ,3,2011-10-02T13:26:00,0.65,16007,United Kingdom
569220,20974,12 PENCILS SMALL TUBE SKULL,2,2011-10-02T13:26:00,0.65,16007,United Kingdom
569220,20975,12 PENCILS SMALL TUBE RED RETROSPOT,3,2011-10-02T13:26:00,0.65,16007,United Kingdom
569220,23368,SET 12 COLOUR PENCILS DOLLY GIRL ,3,2011-10-02T13:26:00,0.65,16007,United Kingdom
569220,21122,SET/10 PINK POLKADOT PARTY CANDLES,4,2011-10-02T13:26:00,1.25,16007,United Kingdom
569220,21121,SET/10 RED POLKADOT PARTY CANDLES,4,2011-10-02T13:26:00,1.25,16007,United Kingdom
569220,21123,SET/10 IVORY POLKADOT PARTY CANDLES,4,2011-10-02T13:26:00,1.25,16007,United Kingdom
569220,23191,BUNDLE OF 3 RETRO NOTE BOOKS,4,2011-10-02T13:26:00,1.65,16007,United Kingdom
569220,85078,SCANDINAVIAN 3 HEARTS NAPKIN RING,24,2011-10-02T13:26:00,0.19,16007,United Kingdom
569220,82482,WOODEN PICTURE FRAME WHITE FINISH,3,2011-10-02T13:26:00,2.95,16007,United Kingdom
569220,22418,10 COLOUR SPACEBOY PEN,12,2011-10-02T13:26:00,0.85,16007,United Kingdom
569220,22791,T-LIGHT GLASS FLUTED ANTIQUE,6,2011-10-02T13:26:00,1.25,16007,United Kingdom
569220,21098,CHRISTMAS TOILET ROLL,1,2011-10-02T13:26:00,1.25,16007,United Kingdom
569220,22151,PLACE SETTING WHITE HEART,24,2011-10-02T13:26:00,0.42,16007,United Kingdom
569220,23152,IVORY SWEETHEART WIRE LETTER RACK ,2,2011-10-02T13:26:00,3.75,16007,United Kingdom
569220,23148,MINIATURE ANTIQUE ROSE HOOK IVORY,12,2011-10-02T13:26:00,0.83,16007,United Kingdom
569220,22065,CHRISTMAS PUDDING TRINKET POT ,6,2011-10-02T13:26:00,0.39,16007,United Kingdom
569220,23344,JUMBO BAG 50'S CHRISTMAS ,2,2011-10-02T13:26:00,2.08,16007,United Kingdom
569220,23343,JUMBO BAG VINTAGE CHRISTMAS ,2,2011-10-02T13:26:00,2.08,16007,United Kingdom
569220,21034,REX CASH+CARRY JUMBO SHOPPER,3,2011-10-02T13:26:00,0.95,16007,United Kingdom
569221,22208,WOOD STAMP SET THANK YOU,1,2011-10-02T13:44:00,0.83,14970,United Kingdom
569221,22209,WOOD STAMP SET HAPPY BIRTHDAY,1,2011-10-02T13:44:00,0.83,14970,United Kingdom
569221,22561,WOODEN SCHOOL COLOURING SET,1,2011-10-02T13:44:00,1.65,14970,United Kingdom
569221,21989,PACK OF 20 SKULL PAPER NAPKINS,10,2011-10-02T13:44:00,0.85,14970,United Kingdom
569221,21581,SKULLS  DESIGN  COTTON TOTE BAG,12,2011-10-02T13:44:00,2.25,14970,United Kingdom
569221,22191,IVORY DINER WALL CLOCK,2,2011-10-02T13:44:00,8.5,14970,United Kingdom
569221,23341,PINK DINER WALL CLOCK,2,2011-10-02T13:44:00,8.5,14970,United Kingdom
569221,22192,BLUE DINER WALL CLOCK,2,2011-10-02T13:44:00,8.5,14970,United Kingdom
569221,82486,3 DRAWER ANTIQUE WHITE WOOD CABINET,4,2011-10-02T13:44:00,8.95,14970,United Kingdom
569221,82483,WOOD 2 DRAWER CABINET WHITE FINISH,4,2011-10-02T13:44:00,6.95,14970,United Kingdom
569221,15056N,EDWARDIAN PARASOL NATURAL,2,2011-10-02T13:44:00,5.95,14970,United Kingdom
569221,15056BL,EDWARDIAN PARASOL BLACK,2,2011-10-02T13:44:00,5.95,14970,United Kingdom
569221,20679,EDWARDIAN PARASOL RED,2,2011-10-02T13:44:00,5.95,14970,United Kingdom
569221,48194,DOORMAT HEARTS,10,2011-10-02T13:44:00,7.08,14970,United Kingdom
569221,48187,DOORMAT NEW ENGLAND,10,2011-10-02T13:44:00,7.08,14970,United Kingdom
569221,48138,DOORMAT UNION FLAG,10,2011-10-02T13:44:00,7.08,14970,United Kingdom
569221,23284,DOORMAT KEEP CALM AND COME IN,10,2011-10-02T13:44:00,7.08,14970,United Kingdom
569222,23173,REGENCY TEAPOT ROSES ,2,2011-10-02T13:46:00,9.95,15906,United Kingdom
569222,23175,REGENCY MILK JUG PINK ,4,2011-10-02T13:46:00,3.25,15906,United Kingdom
569222,22795,SWEETHEART RECIPE BOOK STAND,6,2011-10-02T13:46:00,6.75,15906,United Kingdom
569222,23047,PAPER LANTERN 5 POINT SEQUIN STAR,4,2011-10-02T13:46:00,5.75,15906,United Kingdom
569222,21872,GLAMOROUS  MUG,6,2011-10-02T13:46:00,1.25,15906,United Kingdom
569222,22086,PAPER CHAIN KIT 50'S CHRISTMAS ,6,2011-10-02T13:46:00,2.95,15906,United Kingdom
569222,23245,SET OF 3 REGENCY CAKE TINS,3,2011-10-02T13:46:00,4.95,15906,United Kingdom
569222,23174,REGENCY SUGAR BOWL GREEN,2,2011-10-02T13:46:00,4.15,15906,United Kingdom
569222,21874,GIN AND TONIC MUG,6,2011-10-02T13:46:00,1.65,15906,United Kingdom
569222,21876,POTTERING MUG,6,2011-10-02T13:46:00,1.65,15906,United Kingdom
569222,23162,REGENCY TEA STRAINER,4,2011-10-02T13:46:00,3.75,15906,United Kingdom
569222,23196,VINTAGE LEAF MAGNETIC NOTEPAD,12,2011-10-02T13:46:00,1.45,15906,United Kingdom
569222,23311,VINTAGE CHRISTMAS STOCKING ,6,2011-10-02T13:46:00,2.55,15906,United Kingdom
569222,22940,FELTCRAFT CHRISTMAS FAIRY,6,2011-10-02T13:46:00,4.25,15906,United Kingdom
569222,23296,SET OF 6 TEA TIME BAKING CASES,4,2011-10-02T13:46:00,1.25,15906,United Kingdom
569222,23183,MOTHER'S KITCHEN SPOON REST ,3,2011-10-02T13:46:00,3.75,15906,United Kingdom
569222,23293,SET OF 12 FAIRY CAKE BAKING CASES,8,2011-10-02T13:46:00,0.83,15906,United Kingdom
569222,23295,SET OF 12 MINI LOAF BAKING CASES,8,2011-10-02T13:46:00,0.83,15906,United Kingdom
569222,23294,SET OF 6 SNACK LOAF BAKING CASES,8,2011-10-02T13:46:00,0.83,15906,United Kingdom
569222,21625,VINTAGE UNION JACK APRON,6,2011-10-02T13:46:00,6.95,15906,United Kingdom
569222,20754,RETROSPOT RED WASHING UP GLOVES,1,2011-10-02T13:46:00,2.1,15906,United Kingdom
569222,20751,FUNKY WASHING UP GLOVES ASSORTED,3,2011-10-02T13:46:00,2.1,15906,United Kingdom
569222,22841,ROUND CAKE TIN VINTAGE GREEN,2,2011-10-02T13:46:00,7.95,15906,United Kingdom
569222,22896,PEG BAG APPLES DESIGN,5,2011-10-02T13:46:00,2.55,15906,United Kingdom
569222,22895,SET OF 2 TEA TOWELS APPLE AND PEARS,6,2011-10-02T13:46:00,3.25,15906,United Kingdom
569222,22897,OVEN MITT APPLES DESIGN,6,2011-10-02T13:46:00,1.45,15906,United Kingdom
569222,22558,CLOTHES PEGS RETROSPOT PACK 24 ,3,2011-10-02T13:46:00,1.65,15906,United Kingdom
569222,22567,20 DOLLY PEGS RETROSPOT,3,2011-10-02T13:46:00,1.45,15906,United Kingdom
569222,22978,PANTRY ROLLING PIN,3,2011-10-02T13:46:00,3.75,15906,United Kingdom
569222,22982,PANTRY PASTRY BRUSH,3,2011-10-02T13:46:00,1.25,15906,United Kingdom
569222,22147,FELTCRAFT BUTTERFLY HEARTS,2,2011-10-02T13:46:00,1.45,15906,United Kingdom
569222,22149,FELTCRAFT 6 FLOWER FRIENDS,2,2011-10-02T13:46:00,2.1,15906,United Kingdom
569222,22150,3 STRIPEY MICE FELTCRAFT,2,2011-10-02T13:46:00,1.95,15906,United Kingdom
569222,22993,SET OF 4 PANTRY JELLY MOULDS,3,2011-10-02T13:46:00,1.25,15906,United Kingdom
569222,21908,CHOCOLATE THIS WAY METAL SIGN,2,2011-10-02T13:46:00,2.1,15906,United Kingdom
569222,21175,GIN + TONIC DIET METAL SIGN,2,2011-10-02T13:46:00,2.55,15906,United Kingdom
569222,21166,COOK WITH WINE METAL SIGN ,2,2011-10-02T13:46:00,2.08,15906,United Kingdom
569222,21174,POTTERING IN THE SHED METAL SIGN,2,2011-10-02T13:46:00,2.08,15906,United Kingdom
569222,85152,HAND OVER THE CHOCOLATE   SIGN ,2,2011-10-02T13:46:00,2.1,15906,United Kingdom
569222,82567,"AIRLINE LOUNGE,METAL SIGN",2,2011-10-02T13:46:00,2.1,15906,United Kingdom
569222,23524,HORSE & PONY WALL ART,1,2011-10-02T13:46:00,3.75,15906,United Kingdom
569222,21468,BUTTERFLY CROCHET FOOD COVER,2,2011-10-02T13:46:00,3.75,15906,United Kingdom
569222,21465,PINK FLOWER CROCHET FOOD COVER,2,2011-10-02T13:46:00,3.75,15906,United Kingdom
569222,21470,FLOWER VINE RAFFIA FOOD COVER,2,2011-10-02T13:46:00,3.75,15906,United Kingdom
569222,23493,VINTAGE DOILY TRAVEL SEWING KIT,4,2011-10-02T13:46:00,1.95,15906,United Kingdom
569222,23083,SET 6 PAPER TABLE LANTERN STARS ,12,2011-10-02T13:46:00,3.75,15906,United Kingdom
569222,22139,RETROSPOT TEA SET CERAMIC 11 PC ,2,2011-10-02T13:46:00,4.95,15906,United Kingdom
569222,22979,PANTRY WASHING UP BRUSH,3,2011-10-02T13:46:00,1.45,15906,United Kingdom
569222,22749,FELTCRAFT PRINCESS CHARLOTTE DOLL,3,2011-10-02T13:46:00,3.75,15906,United Kingdom
569222,23126,FELTCRAFT GIRL AMELIE KIT,3,2011-10-02T13:46:00,4.95,15906,United Kingdom
569222,22652,TRAVEL SEWING KIT,7,2011-10-02T13:46:00,1.65,15906,United Kingdom
569222,22966,GINGERBREAD MAN COOKIE CUTTER,6,2011-10-02T13:46:00,1.25,15906,United Kingdom
569222,22694,WICKER STAR ,2,2011-10-02T13:46:00,2.1,15906,United Kingdom
569222,21034,REX CASH+CARRY JUMBO SHOPPER,2,2011-10-02T13:46:00,0.95,15906,United Kingdom
569223,22816,CARD MOTORBIKE SANTA,12,2011-10-02T13:49:00,0.42,16283,United Kingdom
569223,23082,SET 6 PAPER TABLE LANTERN HEARTS ,4,2011-10-02T13:49:00,3.75,16283,United Kingdom
569223,23083,SET 6 PAPER TABLE LANTERN STARS ,4,2011-10-02T13:49:00,3.75,16283,United Kingdom
569223,10125,MINI FUNKY DESIGN TAPES,7,2011-10-02T13:49:00,0.85,16283,United Kingdom
569223,22044,CHRISTMAS CARD STACK OF PRESENTS,12,2011-10-02T13:49:00,0.19,16283,United Kingdom
569223,84247E,PACK OF 12 CHRISTMAS FUN CARDS,12,2011-10-02T13:49:00,2.95,16283,United Kingdom
569223,21915,RED  HARMONICA IN BOX ,6,2011-10-02T13:49:00,1.25,16283,United Kingdom
569223,21914,BLUE HARMONICA IN BOX ,6,2011-10-02T13:49:00,1.25,16283,United Kingdom
569223,21747,SMALL SKULL WINDMILL,6,2011-10-02T13:49:00,1.25,16283,United Kingdom
569223,22959,WRAP CHRISTMAS VILLAGE,25,2011-10-02T13:49:00,0.42,16283,United Kingdom
569223,16169E,WRAP 50'S  CHRISTMAS,25,2011-10-02T13:49:00,0.42,16283,United Kingdom
569223,23050,RECYCLED ACAPULCO MAT GREEN,2,2011-10-02T13:49:00,8.25,16283,United Kingdom
569223,23051,RECYCLED ACAPULCO MAT BLUE,1,2011-10-02T13:49:00,8.25,16283,United Kingdom
569223,23049,RECYCLED ACAPULCO MAT RED,2,2011-10-02T13:49:00,8.25,16283,United Kingdom
569223,23188,VINTAGE  2 METER FOLDING RULER,12,2011-10-02T13:49:00,1.65,16283,United Kingdom
569223,84945,MULTI COLOUR SILVER T-LIGHT HOLDER,12,2011-10-02T13:49:00,0.85,16283,United Kingdom
569223,22186,RED STAR CARD HOLDER,5,2011-10-02T13:49:00,1.95,16283,United Kingdom
569223,22946,WOODEN ADVENT CALENDAR CREAM,1,2011-10-02T13:49:00,16.95,16283,United Kingdom
569223,22946,WOODEN ADVENT CALENDAR CREAM,2,2011-10-02T13:49:00,16.95,16283,United Kingdom
569223,23190,BUNDLE OF 3 SCHOOL EXERCISE BOOKS  ,12,2011-10-02T13:49:00,1.65,16283,United Kingdom
569223,23047,PAPER LANTERN 5 POINT SEQUIN STAR,4,2011-10-02T13:49:00,5.75,16283,United Kingdom
569223,23043,PAPER LANTERN 9 POINT HOLLY STAR L,4,2011-10-02T13:49:00,6.25,16283,United Kingdom
569223,22972,CHILDREN'S SPACEBOY MUG,2,2011-10-02T13:49:00,1.65,16283,United Kingdom
569223,22973,CHILDREN'S CIRCUS PARADE MUG,2,2011-10-02T13:49:00,1.65,16283,United Kingdom
569223,22974,CHILDRENS DOLLY GIRL MUG,2,2011-10-02T13:49:00,1.65,16283,United Kingdom
569223,84077,WORLD WAR 2 GLIDERS ASSTD DESIGNS,48,2011-10-02T13:49:00,0.29,16283,United Kingdom
569223,21012,ANTIQUE ALL GLASS CANDLESTICK,6,2011-10-02T13:49:00,2.1,16283,United Kingdom
569223,22734,SET OF 6 RIBBONS VINTAGE CHRISTMAS,10,2011-10-02T13:49:00,2.89,16283,United Kingdom
569223,22943,CHRISTMAS LIGHTS 10 VINTAGE BAUBLES,4,2011-10-02T13:49:00,4.95,16283,United Kingdom
569223,23311,VINTAGE CHRISTMAS STOCKING ,8,2011-10-02T13:49:00,2.55,16283,United Kingdom
569223,22733,3D TRADITIONAL CHRISTMAS STICKERS,5,2011-10-02T13:49:00,1.25,16283,United Kingdom
569223,22731,3D CHRISTMAS STAMPS STICKERS ,5,2011-10-02T13:49:00,1.25,16283,United Kingdom
569223,22732,3D VINTAGE CHRISTMAS STICKERS ,5,2011-10-02T13:49:00,1.25,16283,United Kingdom
569223,22910,PAPER CHAIN KIT VINTAGE CHRISTMAS,4,2011-10-02T13:49:00,2.95,16283,United Kingdom
569223,22086,PAPER CHAIN KIT 50'S CHRISTMAS ,4,2011-10-02T13:49:00,2.95,16283,United Kingdom
569223,23264,SET OF 3 WOODEN SLEIGH DECORATIONS,4,2011-10-02T13:49:00,1.25,16283,United Kingdom
569223,23266,SET OF 3 WOODEN STOCKING DECORATION,4,2011-10-02T13:49:00,1.25,16283,United Kingdom
569223,22817,CARD SUKI BIRTHDAY,12,2011-10-02T13:49:00,0.42,16283,United Kingdom
569223,22603,CHRISTMAS RETROSPOT TREE WOOD,4,2011-10-02T13:49:00,0.85,16283,United Kingdom
569223,22601,CHRISTMAS RETROSPOT ANGEL WOOD,4,2011-10-02T13:49:00,0.85,16283,United Kingdom
569223,22600,CHRISTMAS RETROSPOT STAR WOOD,4,2011-10-02T13:49:00,0.85,16283,United Kingdom
569223,22437,SET OF 9 BLACK SKULL BALLOONS,10,2011-10-02T13:49:00,0.85,16283,United Kingdom
569223,21791,VINTAGE HEADS AND TAILS CARD GAME ,4,2011-10-02T13:49:00,1.25,16283,United Kingdom
569223,22549,PICTURE DOMINOES,4,2011-10-02T13:49:00,1.45,16283,United Kingdom
569223,22439,6 ROCKET BALLOONS ,12,2011-10-02T13:49:00,0.65,16283,United Kingdom
569223,21509,COWBOYS AND INDIANS BIRTHDAY CARD ,12,2011-10-02T13:49:00,0.42,16283,United Kingdom
569223,21507,ELEPHANT BIRTHDAY CARD ,12,2011-10-02T13:49:00,0.42,16283,United Kingdom
569223,21508,VINTAGE KID DOLLY CARD ,12,2011-10-02T13:49:00,0.42,16283,United Kingdom
569223,21504,SKULLS GREETING CARD,12,2011-10-02T13:49:00,0.42,16283,United Kingdom
569223,23392,SPACEBOY ROCKET LOLLY MAKERS,2,2011-10-02T13:49:00,2.08,16283,United Kingdom
569223,71279,PINK GLASS CANDLEHOLDER,4,2011-10-02T13:49:00,2.95,16283,United Kingdom
569223,23368,SET 12 COLOUR PENCILS DOLLY GIRL ,10,2011-10-02T13:49:00,0.65,16283,United Kingdom
569223,23367,SET 12 COLOUR PENCILS SPACEBOY ,10,2011-10-02T13:49:00,0.65,16283,United Kingdom
569223,21731,RED TOADSTOOL LED NIGHT LIGHT,5,2011-10-02T13:49:00,1.65,16283,United Kingdom
569223,22372,AIRLINE BAG VINTAGE WORLD CHAMPION ,1,2011-10-02T13:49:00,4.25,16283,United Kingdom
569223,22376,AIRLINE BAG VINTAGE JET SET WHITE,1,2011-10-02T13:49:00,4.25,16283,United Kingdom
569223,22374,AIRLINE BAG VINTAGE JET SET RED,1,2011-10-02T13:49:00,4.25,16283,United Kingdom
569223,22375,AIRLINE BAG VINTAGE JET SET BROWN,1,2011-10-02T13:49:00,4.25,16283,United Kingdom
569223,22371,AIRLINE BAG VINTAGE TOKYO 78,1,2011-10-02T13:49:00,4.25,16283,United Kingdom
569223,21892,TRADITIONAL WOODEN CATCH CUP GAME ,6,2011-10-02T13:49:00,1.25,16283,United Kingdom
569223,21891,TRADITIONAL WOODEN SKIPPING ROPE,6,2011-10-02T13:49:00,1.45,16283,United Kingdom
569223,21207,SKULL AND CROSSBONES  GARLAND ,7,2011-10-02T13:49:00,1.65,16283,United Kingdom
569223,16236,KITTY PENCIL ERASERS,28,2011-10-02T13:49:00,0.21,16283,United Kingdom
569223,22398,MAGNETS PACK OF 4 SWALLOWS,12,2011-10-02T13:49:00,0.39,16283,United Kingdom
569223,21219,SET/4 BADGES BALLOON GIRL,10,2011-10-02T13:49:00,1.25,16283,United Kingdom
569223,21224,SET/4 SKULL BADGES,10,2011-10-02T13:49:00,1.25,16283,United Kingdom
569223,35471D,SET OF 3 BIRD LIGHT PINK FEATHER ,3,2011-10-02T13:49:00,0.39,16283,United Kingdom
569223,23158,SET OF 5 LUCKY CAT MAGNETS ,5,2011-10-02T13:49:00,2.08,16283,United Kingdom
569223,22992,REVOLVER WOODEN RULER ,10,2011-10-02T13:49:00,1.95,16283,United Kingdom
569223,16216,LETTER SHAPE PENCIL SHARPENER,80,2011-10-02T13:49:00,0.06,16283,United Kingdom
569223,22467,GUMBALL COAT RACK,5,2011-10-02T13:49:00,2.55,16283,United Kingdom
569223,23280,FOLDING BUTTERFLY MIRROR HOT PINK ,4,2011-10-02T13:49:00,0.83,16283,United Kingdom
569223,23282,FOLDING BUTTERFLY MIRROR IVORY ,4,2011-10-02T13:49:00,0.83,16283,United Kingdom
569223,23281,FOLDING BUTTERFLY MIRROR RED  ,4,2011-10-02T13:49:00,0.83,16283,United Kingdom
569223,22197,POPCORN HOLDER,25,2011-10-02T13:49:00,0.85,16283,United Kingdom
569224,22138,BAKING SET 9 PIECE RETROSPOT ,1,2011-10-02T14:00:00,4.95,15701,United Kingdom
569224,22094,RED RETROSPOT TISSUE BOX,2,2011-10-02T14:00:00,0.39,15701,United Kingdom
569224,22614,PACK OF 12 SPACEBOY TISSUES,1,2011-10-02T14:00:00,0.39,15701,United Kingdom
569224,84510A,SET OF 4 ENGLISH ROSE COASTERS,2,2011-10-02T14:00:00,1.25,15701,United Kingdom
569224,23506,MINI PLAYING CARDS SPACEBOY ,2,2011-10-02T14:00:00,0.42,15701,United Kingdom
569224,23510,MINI PLAYING CARDS GYMKHANA,2,2011-10-02T14:00:00,0.42,15701,United Kingdom
569224,21746,SMALL RED RETROSPOT WINDMILL,2,2011-10-02T14:00:00,1.25,15701,United Kingdom
569224,22727,ALARM CLOCK BAKELIKE RED ,1,2011-10-02T14:00:00,3.75,15701,United Kingdom
569224,22637,PIGGY BANK RETROSPOT ,1,2011-10-02T14:00:00,2.55,15701,United Kingdom
569224,23284,DOORMAT KEEP CALM AND COME IN,1,2011-10-02T14:00:00,8.25,15701,United Kingdom
569224,20984,12 PENCILS TALL TUBE POSY,24,2011-10-02T14:00:00,0.29,15701,United Kingdom
569224,22193,RED DINER WALL CLOCK,1,2011-10-02T14:00:00,8.5,15701,United Kingdom
569224,22759,SET OF 3 NOTEBOOKS IN PARCEL,1,2011-10-02T14:00:00,1.65,15701,United Kingdom
569224,23264,SET OF 3 WOODEN SLEIGH DECORATIONS,1,2011-10-02T14:00:00,1.25,15701,United Kingdom
569224,22951,60 CAKE CASES DOLLY GIRL DESIGN,1,2011-10-02T14:00:00,0.55,15701,United Kingdom
569224,21975,PACK OF 60 DINOSAUR CAKE CASES,1,2011-10-02T14:00:00,0.55,15701,United Kingdom
569224,23307,SET OF 60 PANTRY DESIGN CAKE CASES ,1,2011-10-02T14:00:00,0.55,15701,United Kingdom
569224,23198,PANTRY MAGNETIC  SHOPPING LIST,2,2011-10-02T14:00:00,1.45,15701,United Kingdom
569224,22266,EASTER DECORATION HANGING BUNNY,1,2011-10-02T14:00:00,0.19,15701,United Kingdom
569224,22508,DOORSTOP RETROSPOT HEART,1,2011-10-02T14:00:00,3.75,15701,United Kingdom
569224,22569,FELTCRAFT CUSHION BUTTERFLY,1,2011-10-02T14:00:00,3.75,15701,United Kingdom
569224,22568,FELTCRAFT CUSHION OWL,2,2011-10-02T14:00:00,3.75,15701,United Kingdom
569224,47590A,BLUE HAPPY BIRTHDAY BUNTING,1,2011-10-02T14:00:00,5.45,15701,United Kingdom
569224,47590B,PINK HAPPY BIRTHDAY BUNTING,1,2011-10-02T14:00:00,5.45,15701,United Kingdom
569224,23298,SPOTTY BUNTING,2,2011-10-02T14:00:00,4.95,15701,United Kingdom
569224,47566,PARTY BUNTING,2,2011-10-02T14:00:00,4.95,15701,United Kingdom
569224,22701,PINK DOG BOWL,1,2011-10-02T14:00:00,2.95,15701,United Kingdom
569224,22703,PINK CAT BOWL,1,2011-10-02T14:00:00,2.1,15701,United Kingdom
569224,21892,TRADITIONAL WOODEN CATCH CUP GAME ,3,2011-10-02T14:00:00,1.25,15701,United Kingdom
569224,20975,12 PENCILS SMALL TUBE RED RETROSPOT,2,2011-10-02T14:00:00,0.65,15701,United Kingdom
569224,20983,12 PENCILS TALL TUBE RED RETROSPOT,2,2011-10-02T14:00:00,0.85,15701,United Kingdom
569224,23266,SET OF 3 WOODEN STOCKING DECORATION,2,2011-10-02T14:00:00,1.25,15701,United Kingdom
569224,21976,PACK OF 60 MUSHROOM CAKE CASES,1,2011-10-02T14:00:00,0.55,15701,United Kingdom
569224,84992,72 SWEETHEART FAIRY CAKE CASES,1,2011-10-02T14:00:00,0.55,15701,United Kingdom
569224,23503,PLAYING CARDS KEEP CALM & CARRY ON,3,2011-10-02T14:00:00,1.25,15701,United Kingdom
569224,22551,PLASTERS IN TIN SPACEBOY,2,2011-10-02T14:00:00,1.65,15701,United Kingdom
569224,22554,PLASTERS IN TIN WOODLAND ANIMALS,2,2011-10-02T14:00:00,1.65,15701,United Kingdom
569224,22557,PLASTERS IN TIN VINTAGE PAISLEY ,2,2011-10-02T14:00:00,1.65,15701,United Kingdom
569224,22555,PLASTERS IN TIN STRONGMAN,2,2011-10-02T14:00:00,1.65,15701,United Kingdom
569224,22727,ALARM CLOCK BAKELIKE RED ,1,2011-10-02T14:00:00,3.75,15701,United Kingdom
569224,21992,VINTAGE PAISLEY STATIONERY SET,3,2011-10-02T14:00:00,1.25,15701,United Kingdom
569224,22728,ALARM CLOCK BAKELIKE PINK,2,2011-10-02T14:00:00,3.75,15701,United Kingdom
569224,22726,ALARM CLOCK BAKELIKE GREEN,2,2011-10-02T14:00:00,3.75,15701,United Kingdom
569224,22093,MOTORING TISSUE BOX,3,2011-10-02T14:00:00,0.39,15701,United Kingdom
569224,22266,EASTER DECORATION HANGING BUNNY,5,2011-10-02T14:00:00,0.19,15701,United Kingdom
569224,22417,PACK OF 60 SPACEBOY CAKE CASES,1,2011-10-02T14:00:00,0.55,15701,United Kingdom
569224,22614,PACK OF 12 SPACEBOY TISSUES,1,2011-10-02T14:00:00,0.39,15701,United Kingdom
569224,23377,PACK OF 12 DOLLY GIRL TISSUES,2,2011-10-02T14:00:00,0.39,15701,United Kingdom
569224,22759,SET OF 3 NOTEBOOKS IN PARCEL,1,2011-10-02T14:00:00,1.65,15701,United Kingdom
569224,21481,FAWN BLUE HOT WATER BOTTLE,1,2011-10-02T14:00:00,3.75,15701,United Kingdom
569224,22633,HAND WARMER UNION JACK,1,2011-10-02T14:00:00,2.1,15701,United Kingdom
569224,22632,HAND WARMER RED RETROSPOT,2,2011-10-02T14:00:00,2.1,15701,United Kingdom
569224,22867,HAND WARMER BIRD DESIGN,1,2011-10-02T14:00:00,2.1,15701,United Kingdom
569224,22866,HAND WARMER SCOTTY DOG DESIGN,1,2011-10-02T14:00:00,2.1,15701,United Kingdom
569224,22865,HAND WARMER OWL DESIGN,2,2011-10-02T14:00:00,2.1,15701,United Kingdom
569224,23439,HAND WARMER RED LOVE HEART,2,2011-10-02T14:00:00,2.1,15701,United Kingdom
569224,84029G,KNITTED UNION FLAG HOT WATER BOTTLE,1,2011-10-02T14:00:00,4.25,15701,United Kingdom
569224,23355,HOT WATER BOTTLE KEEP CALM,2,2011-10-02T14:00:00,4.95,15701,United Kingdom
569224,22114,HOT WATER BOTTLE TEA AND SYMPATHY,1,2011-10-02T14:00:00,4.25,15701,United Kingdom
569224,22110,BIRD HOUSE HOT WATER BOTTLE,1,2011-10-02T14:00:00,2.55,15701,United Kingdom
569224,23356,LOVE HOT WATER BOTTLE,1,2011-10-02T14:00:00,5.95,15701,United Kingdom
569224,22111,SCOTTIE DOG HOT WATER BOTTLE,1,2011-10-02T14:00:00,4.95,15701,United Kingdom
569224,22110,BIRD HOUSE HOT WATER BOTTLE,2,2011-10-02T14:00:00,2.55,15701,United Kingdom
569224,21484,CHICK GREY HOT WATER BOTTLE,2,2011-10-02T14:00:00,4.25,15701,United Kingdom
569224,84029G,KNITTED UNION FLAG HOT WATER BOTTLE,1,2011-10-02T14:00:00,4.25,15701,United Kingdom
569224,23263,SET OF 3 WOODEN HEART DECORATIONS,2,2011-10-02T14:00:00,1.25,15701,United Kingdom
569224,23265,SET OF 3 WOODEN TREE DECORATIONS,2,2011-10-02T14:00:00,1.25,15701,United Kingdom
569224,22153,ANGEL DECORATION STARS ON DRESS,5,2011-10-02T14:00:00,0.42,15701,United Kingdom
569224,85094,CANDY SPOT EGG WARMER RABBIT,6,2011-10-02T14:00:00,0.19,15701,United Kingdom
569224,47574A,ENGLISH ROSE SCENTED HANGING FLOWER,4,2011-10-02T14:00:00,0.75,15701,United Kingdom
569224,23323,WHITE WICKER STAR ,2,2011-10-02T14:00:00,2.1,15701,United Kingdom
569224,23321,SMALL WHITE HEART OF WICKER,3,2011-10-02T14:00:00,1.65,15701,United Kingdom
569224,23322,LARGE WHITE HEART OF WICKER,2,2011-10-02T14:00:00,2.95,15701,United Kingdom
569225,22197,POPCORN HOLDER,2,2011-10-02T14:25:00,0.85,16930,United Kingdom
569225,22066,LOVE HEART TRINKET POT,4,2011-10-02T14:25:00,0.39,16930,United Kingdom
569225,22186,RED STAR CARD HOLDER,3,2011-10-02T14:25:00,1.95,16930,United Kingdom
569225,22356,CHARLOTTE BAG PINK POLKADOT,10,2011-10-02T14:25:00,0.85,16930,United Kingdom
569225,20724,RED RETROSPOT CHARLOTTE BAG,10,2011-10-02T14:25:00,0.85,16930,United Kingdom
569225,22266,EASTER DECORATION HANGING BUNNY,10,2011-10-02T14:25:00,0.19,16930,United Kingdom
569225,23198,PANTRY MAGNETIC  SHOPPING LIST,2,2011-10-02T14:25:00,1.45,16930,United Kingdom
569225,23322,LARGE WHITE HEART OF WICKER,3,2011-10-02T14:25:00,2.95,16930,United Kingdom
569225,22062,CERAMIC BOWL WITH LOVE HEART DESIGN,2,2011-10-02T14:25:00,0.83,16930,United Kingdom
569225,21231,SWEETHEART CERAMIC TRINKET BOX,4,2011-10-02T14:25:00,1.25,16930,United Kingdom
569225,22766,PHOTO FRAME CORNICE,4,2011-10-02T14:25:00,2.95,16930,United Kingdom
569225,82494L,WOODEN FRAME ANTIQUE WHITE ,12,2011-10-02T14:25:00,2.95,16930,United Kingdom
569225,82482,WOODEN PICTURE FRAME WHITE FINISH,6,2011-10-02T14:25:00,2.95,16930,United Kingdom
569225,21811,HANGING HEART WITH BELL,48,2011-10-02T14:25:00,0.39,16930,United Kingdom
569225,22062,CERAMIC BOWL WITH LOVE HEART DESIGN,2,2011-10-02T14:25:00,0.83,16930,United Kingdom
569225,23205,CHARLOTTE BAG VINTAGE ALPHABET ,3,2011-10-02T14:25:00,0.85,16930,United Kingdom
569225,20723,STRAWBERRY CHARLOTTE BAG,3,2011-10-02T14:25:00,0.85,16930,United Kingdom
569225,71038,WHITE HANGING BEADS CANDLE HOLDER,4,2011-10-02T14:25:00,5.45,16930,United Kingdom
569225,22099,CARAVAN SQUARE TISSUE BOX,2,2011-10-02T14:25:00,0.39,16930,United Kingdom
569225,22096,PINK PAISLEY SQUARE TISSUE BOX ,4,2011-10-02T14:25:00,0.39,16930,United Kingdom
569225,22097,SWALLOW SQUARE TISSUE BOX,4,2011-10-02T14:25:00,0.39,16930,United Kingdom
569225,22098,BOUDOIR SQUARE TISSUE BOX,4,2011-10-02T14:25:00,0.39,16930,United Kingdom
569225,21261,GREEN GOOSE FEATHER CHRISTMAS TREE ,2,2011-10-02T14:25:00,2.95,16930,United Kingdom
569225,21262,WHITE GOOSE FEATHER CHRISTMAS TREE ,4,2011-10-02T14:25:00,2.95,16930,United Kingdom
569225,22578,WOODEN STAR CHRISTMAS SCANDINAVIAN,10,2011-10-02T14:25:00,0.29,16930,United Kingdom
569225,22577,WOODEN HEART CHRISTMAS SCANDINAVIAN,10,2011-10-02T14:25:00,0.29,16930,United Kingdom
569225,22579,WOODEN TREE CHRISTMAS SCANDINAVIAN,10,2011-10-02T14:25:00,0.29,16930,United Kingdom
569225,21034,REX CASH+CARRY JUMBO SHOPPER,1,2011-10-02T14:25:00,0.95,16930,United Kingdom
569225,22187,GREEN CHRISTMAS TREE CARD HOLDER,2,2011-10-02T14:25:00,1.95,16930,United Kingdom
569226,21262,WHITE GOOSE FEATHER CHRISTMAS TREE ,2,2011-10-02T14:31:00,2.95,16930,United Kingdom
569226,21261,GREEN GOOSE FEATHER CHRISTMAS TREE ,2,2011-10-02T14:31:00,2.95,16930,United Kingdom
569227,23535,BICYCLE SAFTEY WALL ART,4,2011-10-02T14:37:00,5.95,14051,United Kingdom
569227,23534,STOP FOR TEA WALL ART,3,2011-10-02T14:37:00,5.95,14051,United Kingdom
569227,23541,WALL ART CLASSIC PUDDINGS ,2,2011-10-02T14:37:00,8.25,14051,United Kingdom
569227,23284,DOORMAT KEEP CALM AND COME IN,20,2011-10-02T14:37:00,7.08,14051,United Kingdom
569227,48138,DOORMAT UNION FLAG,10,2011-10-02T14:37:00,7.08,14051,United Kingdom
569227,23355,HOT WATER BOTTLE KEEP CALM,16,2011-10-02T14:37:00,4.95,14051,United Kingdom
569227,23356,LOVE HOT WATER BOTTLE,12,2011-10-02T14:37:00,5.95,14051,United Kingdom
569227,22114,HOT WATER BOTTLE TEA AND SYMPATHY,12,2011-10-02T14:37:00,4.25,14051,United Kingdom
569227,22633,HAND WARMER UNION JACK,12,2011-10-02T14:37:00,2.1,14051,United Kingdom
569227,23439,HAND WARMER RED LOVE HEART,12,2011-10-02T14:37:00,2.1,14051,United Kingdom
569227,22798,ANTIQUE GLASS DRESSING TABLE POT,8,2011-10-02T14:37:00,2.95,14051,United Kingdom
569227,15056BL,EDWARDIAN PARASOL BLACK,36,2011-10-02T14:37:00,5.95,14051,United Kingdom
569227,15056N,EDWARDIAN PARASOL NATURAL,24,2011-10-02T14:37:00,5.95,14051,United Kingdom
569227,22366,DOORMAT AIRMAIL ,10,2011-10-02T14:37:00,7.08,14051,United Kingdom
C569233,85114B,IVORY ENCHANTED FOREST PLACEMAT,-2,2011-10-02T15:26:00,1.65,17841,United Kingdom
C569233,22350,ILLUSTRATED CAT BOWL ,-1,2011-10-02T15:26:00,2.55,17841,United Kingdom
C569233,22467,GUMBALL COAT RACK,-2,2011-10-02T15:26:00,2.55,17841,United Kingdom
C569245,CRUK,CRUK Commission,-1,2011-10-03T09:57:00,361.59,14096,United Kingdom
C569251,85066,CREAM SWEETHEART MINI CHEST,-1,2011-10-03T10:37:00,12.75,12957,United Kingdom
C569318,22628,PICNIC BOXES SET OF 3 RETROSPOT ,-1,2011-10-03T12:14:00,4.95,13505,Switzerland
C569318,22328,ROUND SNACK BOXES SET OF 4 FRUITS ,-3,2011-10-03T12:14:00,2.95,13505,Switzerland
C569318,22326,ROUND SNACK BOXES SET OF4 WOODLAND ,-1,2011-10-03T12:14:00,2.95,13505,Switzerland
C569320,23112,PARISIENNE CURIO CABINET,-2,2011-10-03T12:19:00,7.5,15301,United Kingdom
C569320,22635,CHILDS BREAKFAST SET DOLLY GIRL ,-2,2011-10-03T12:19:00,9.95,15301,United Kingdom
573744,21314,SMALL GLASS HEART TRINKET POT,8,2011-11-01T08:16:00,2.1,17733,United Kingdom
573744,21704,BAG 250g SWIRLY MARBLES,12,2011-11-01T08:16:00,0.85,17733,United Kingdom
573744,21791,VINTAGE HEADS AND TAILS CARD GAME ,12,2011-11-01T08:16:00,1.25,17733,United Kingdom
573744,21892,TRADITIONAL WOODEN CATCH CUP GAME ,12,2011-11-01T08:16:00,1.25,17733,United Kingdom
573744,21915,RED  HARMONICA IN BOX ,12,2011-11-01T08:16:00,1.25,17733,United Kingdom
573744,22065,CHRISTMAS PUDDING TRINKET POT ,48,2011-11-01T08:16:00,0.39,17733,United Kingdom
573744,22340,NOEL GARLAND PAINTED ZINC ,24,2011-11-01T08:16:00,0.39,17733,United Kingdom
573744,22577,WOODEN HEART CHRISTMAS SCANDINAVIAN,24,2011-11-01T08:16:00,0.29,17733,United Kingdom
573744,22578,WOODEN STAR CHRISTMAS SCANDINAVIAN,24,2011-11-01T08:16:00,0.29,17733,United Kingdom
573744,22579,WOODEN TREE CHRISTMAS SCANDINAVIAN,24,2011-11-01T08:16:00,0.29,17733,United Kingdom
573744,22621,TRADITIONAL KNITTING NANCY,12,2011-11-01T08:16:00,1.65,17733,United Kingdom
573744,22768,FAMILY PHOTO FRAME CORNICE,2,2011-11-01T08:16:00,9.95,17733,United Kingdom
573744,22865,HAND WARMER OWL DESIGN,12,2011-11-01T08:16:00,2.1,17733,United Kingdom
573744,23144,ZINC T-LIGHT HOLDER STARS SMALL,12,2011-11-01T08:16:00,0.83,17733,United Kingdom
573744,23145,ZINC T-LIGHT HOLDER STAR LARGE,12,2011-11-01T08:16:00,0.95,17733,United Kingdom
573744,23414,ZINC BOX SIGN HOME,12,2011-11-01T08:16:00,8.49,17733,United Kingdom
573744,23439,HAND WARMER RED LOVE HEART,12,2011-11-01T08:16:00,2.1,17733,United Kingdom
573744,23503,PLAYING CARDS KEEP CALM & CARRY ON,12,2011-11-01T08:16:00,1.25,17733,United Kingdom
573744,23571,TRADITIONAL NAUGHTS & CROSSES,12,2011-11-01T08:16:00,1.65,17733,United Kingdom
573744,35970,ZINC FOLKART SLEIGH BELLS,12,2011-11-01T08:16:00,1.69,17733,United Kingdom
573744,82494L,WOODEN FRAME ANTIQUE WHITE ,6,2011-11-01T08:16:00,2.95,17733,United Kingdom
573744,84946,ANTIQUE SILVER T-LIGHT GLASS,24,2011-11-01T08:16:00,1.25,17733,United Kingdom
573744,84978,HANGING HEART JAR T-LIGHT HOLDER,36,2011-11-01T08:16:00,1.06,17733,United Kingdom
573745,21174,POTTERING IN THE SHED METAL SIGN,12,2011-11-01T08:53:00,2.08,17419,United Kingdom
573745,21876,POTTERING MUG,12,2011-11-01T08:53:00,1.65,17419,United Kingdom
573745,21890,S/6 WOODEN SKITTLES IN COTTON BAG,6,2011-11-01T08:53:00,3.25,17419,United Kingdom
573745,21892,TRADITIONAL WOODEN CATCH CUP GAME ,12,2011-11-01T08:53:00,1.25,17419,United Kingdom
573745,21915,RED  HARMONICA IN BOX ,12,2011-11-01T08:53:00,1.25,17419,United Kingdom
573745,22138,BAKING SET 9 PIECE RETROSPOT ,6,2011-11-01T08:53:00,4.95,17419,United Kingdom
573745,22568,FELTCRAFT CUSHION OWL,8,2011-11-01T08:53:00,3.75,17419,United Kingdom
573745,22587,FELTCRAFT HAIRBAND RED AND BLUE,12,2011-11-01T08:53:00,0.85,17419,United Kingdom
573745,22617,BAKING SET SPACEBOY DESIGN,3,2011-11-01T08:53:00,4.95,17419,United Kingdom
573745,22844,VINTAGE CREAM DOG FOOD CONTAINER,2,2011-11-01T08:53:00,8.5,17419,United Kingdom
573745,22845,VINTAGE CREAM CAT FOOD CONTAINER,2,2011-11-01T08:53:00,6.35,17419,United Kingdom
573745,22852,DOG BOWL VINTAGE CREAM,4,2011-11-01T08:53:00,4.25,17419,United Kingdom
573745,22853,CAT BOWL VINTAGE CREAM,6,2011-11-01T08:53:00,3.25,17419,United Kingdom
573745,22938,CUPCAKE LACE PAPER SET 6,12,2011-11-01T08:53:00,1.95,17419,United Kingdom
573745,23118,PARISIENNE JEWELLERY DRAWER ,2,2011-11-01T08:53:00,7.5,17419,United Kingdom
573745,23571,TRADITIONAL NAUGHTS & CROSSES,12,2011-11-01T08:53:00,1.65,17419,United Kingdom
573745,71053,WHITE METAL LANTERN,4,2011-11-01T08:53:00,3.75,17419,United Kingdom
573746,20723,STRAWBERRY CHARLOTTE BAG,50,2011-11-01T09:01:00,0.85,13461,United Kingdom
573746,22077,6 RIBBONS RUSTIC CHARM,84,2011-11-01T09:01:00,1.95,13461,United Kingdom
573746,22356,CHARLOTTE BAG PINK POLKADOT,50,2011-11-01T09:01:00,0.85,13461,United Kingdom
573746,22386,JUMBO BAG PINK POLKADOT,30,2011-11-01T09:01:00,2.08,13461,United Kingdom
573746,23199,JUMBO BAG APPLES,30,2011-11-01T09:01:00,2.08,13461,United Kingdom
573746,23200,JUMBO BAG PEARS,10,2011-11-01T09:01:00,2.08,13461,United Kingdom
573746,23203,JUMBO BAG VINTAGE DOILY ,10,2011-11-01T09:01:00,2.08,13461,United Kingdom
573746,23344,JUMBO BAG 50'S CHRISTMAS ,30,2011-11-01T09:01:00,2.08,13461,United Kingdom
573746,85099B,JUMBO BAG RED RETROSPOT,30,2011-11-01T09:01:00,2.08,13461,United Kingdom
573746,85099F,JUMBO BAG STRAWBERRY,10,2011-11-01T09:01:00,2.08,13461,United Kingdom
573747,20956,PORCELAIN T-LIGHT HOLDERS ASSORTED,12,2011-11-01T09:14:00,1.25,13697,United Kingdom
573747,21479,WHITE SKULL HOT WATER BOTTLE ,4,2011-11-01T09:14:00,4.25,13697,United Kingdom
573747,21824,PAINTED METAL STAR WITH HOLLY BELLS,24,2011-11-01T09:14:00,0.39,13697,United Kingdom
573747,22051,BLUE SCANDINAVIAN PAISLEY WRAP,25,2011-11-01T09:14:00,0.42,13697,United Kingdom
573747,22114,HOT WATER BOTTLE TEA AND SYMPATHY,4,2011-11-01T09:14:00,4.25,13697,United Kingdom
573747,22469,HEART OF WICKER SMALL,12,2011-11-01T09:14:00,1.65,13697,United Kingdom
573747,22574,HEART WOODEN CHRISTMAS DECORATION,12,2011-11-01T09:14:00,0.85,13697,United Kingdom
573747,22577,WOODEN HEART CHRISTMAS SCANDINAVIAN,24,2011-11-01T09:14:00,0.29,13697,United Kingdom
573747,22593,CHRISTMAS GINGHAM STAR,12,2011-11-01T09:14:00,0.85,13697,United Kingdom
573747,22595,GINGHAM HEART DECORATION,12,2011-11-01T09:14:00,0.85,13697,United Kingdom
573747,22815,CARD PSYCHEDELIC APPLES,24,2011-11-01T09:14:00,0.42,13697,United Kingdom
573747,84946,ANTIQUE SILVER T-LIGHT GLASS,12,2011-11-01T09:14:00,1.25,13697,United Kingdom
573748,22086,PAPER CHAIN KIT 50'S CHRISTMAS ,12,2011-11-01T09:24:00,2.95,14911,EIRE
573748,22470,HEART OF WICKER LARGE,12,2011-11-01T09:24:00,2.95,14911,EIRE
573748,23130,MISTLETOE HEART WREATH GREEN,8,2011-11-01T09:24:00,4.15,14911,EIRE
573748,84946,ANTIQUE SILVER T-LIGHT GLASS,24,2011-11-01T09:24:00,1.25,14911,EIRE
573748,84947,ANTIQUE SILVER TEA GLASS ENGRAVED,12,2011-11-01T09:24:00,1.25,14911,EIRE
573748,84949,SILVER HANGING T-LIGHT HOLDER,12,2011-11-01T09:24:00,1.65,14911,EIRE
573748,22141,CHRISTMAS CRAFT TREE TOP ANGEL,12,2011-11-01T09:24:00,2.1,14911,EIRE
573748,22694,WICKER STAR ,12,2011-11-01T09:24:00,2.1,14911,EIRE
573748,22696,WICKER WREATH LARGE,6,2011-11-01T09:24:00,1.95,14911,EIRE
573748,84836,ZINC METAL HEART DECORATION,12,2011-11-01T09:24:00,1.25,14911,EIRE
573748,23060,HEART BEADED TRELLIS DECORATION,12,2011-11-01T09:24:00,2.08,14911,EIRE
573748,23490,T-LIGHT HOLDER HANGING LOVE BIRD,6,2011-11-01T09:24:00,3.75,14911,EIRE
573748,85053,FRENCH ENAMEL CANDLEHOLDER,6,2011-11-01T09:24:00,2.1,14911,EIRE
573748,84879,ASSORTED COLOUR BIRD ORNAMENT,24,2011-11-01T09:24:00,1.69,14911,EIRE
573748,21136,PAINTED METAL PEARS ASSORTED,24,2011-11-01T09:24:00,1.69,14911,EIRE
573748,22469,HEART OF WICKER SMALL,12,2011-11-01T09:24:00,1.65,14911,EIRE
573748,23012,GLASS APOTHECARY BOTTLE PERFUME,12,2011-11-01T09:24:00,3.45,14911,EIRE
573748,23013,GLASS APOTHECARY BOTTLE TONIC,12,2011-11-01T09:24:00,3.45,14911,EIRE
573748,23245,SET OF 3 REGENCY CAKE TINS,8,2011-11-01T09:24:00,4.95,14911,EIRE
573748,23170,REGENCY TEA PLATE ROSES ,12,2011-11-01T09:24:00,1.65,14911,EIRE
573748,23171,REGENCY TEA PLATE GREEN ,12,2011-11-01T09:24:00,1.65,14911,EIRE
573748,23172,REGENCY TEA PLATE PINK,12,2011-11-01T09:24:00,1.65,14911,EIRE
573748,23174,REGENCY SUGAR BOWL GREEN,12,2011-11-01T09:24:00,4.15,14911,EIRE
573748,23175,REGENCY MILK JUG PINK ,12,2011-11-01T09:24:00,3.25,14911,EIRE
573748,22423,REGENCY CAKESTAND 3 TIER,3,2011-11-01T09:24:00,12.75,14911,EIRE
573748,23497,CLASSIC CHROME BICYCLE BELL ,12,2011-11-01T09:24:00,1.45,14911,EIRE
573748,23571,TRADITIONAL NAUGHTS & CROSSES,24,2011-11-01T09:24:00,1.65,14911,EIRE
573748,21790,VINTAGE SNAP CARDS,24,2011-11-01T09:24:00,0.85,14911,EIRE
573748,23084,RABBIT NIGHT LIGHT,12,2011-11-01T09:24:00,2.08,14911,EIRE
573748,22555,PLASTERS IN TIN STRONGMAN,12,2011-11-01T09:24:00,1.65,14911,EIRE
573748,22197,POPCORN HOLDER,36,2011-11-01T09:24:00,0.85,14911,EIRE
573748,22744,MAKE YOUR OWN MONSOON CARD KIT,6,2011-11-01T09:24:00,2.95,14911,EIRE
573748,22940,FELTCRAFT CHRISTMAS FAIRY,4,2011-11-01T09:24:00,4.25,14911,EIRE
573748,22554,PLASTERS IN TIN WOODLAND ANIMALS,12,2011-11-01T09:24:00,1.65,14911,EIRE
573748,20971,PINK BLUE FELT CRAFT TRINKET BOX,12,2011-11-01T09:24:00,1.25,14911,EIRE
573748,22271,FELTCRAFT DOLL ROSIE,6,2011-11-01T09:24:00,2.95,14911,EIRE
573748,22273,FELTCRAFT DOLL MOLLY,6,2011-11-01T09:24:00,2.95,14911,EIRE
573748,22274,FELTCRAFT DOLL EMILY,6,2011-11-01T09:24:00,2.95,14911,EIRE
573748,22507,MEMO BOARD RETROSPOT  DESIGN,8,2011-11-01T09:24:00,4.95,14911,EIRE
573748,23207,LUNCH BAG ALPHABET DESIGN,10,2011-11-01T09:24:00,1.65,14911,EIRE
573748,23583,LUNCH BAG PAISLEY PARK  ,10,2011-11-01T09:24:00,1.65,14911,EIRE
573748,23530,WALL ART ONLY ONE PERSON ,6,2011-11-01T09:24:00,4.95,14911,EIRE
573748,23531,WALL ART BIG LOVE ,3,2011-11-01T09:24:00,6.95,14911,EIRE
573748,23541,WALL ART CLASSIC PUDDINGS ,2,2011-11-01T09:24:00,8.25,14911,EIRE
573748,21770,OPEN CLOSED METAL SIGN,1,2011-11-01T09:24:00,4.95,14911,EIRE
573748,22048,BIRTHDAY BANQUET GIFT WRAP,25,2011-11-01T09:24:00,0.42,14911,EIRE
573748,22083,PAPER CHAIN KIT RETROSPOT,12,2011-11-01T09:24:00,2.95,14911,EIRE
573748,23230,WRAP ALPHABET DESIGN,25,2011-11-01T09:24:00,0.42,14911,EIRE
573748,23546,WRAP PAISLEY PARK ,25,2011-11-01T09:24:00,0.42,14911,EIRE
573748,22037,ROBOT BIRTHDAY CARD,12,2011-11-01T09:24:00,0.42,14911,EIRE
573748,22026,BANQUET BIRTHDAY  CARD  ,12,2011-11-01T09:24:00,0.42,14911,EIRE
573749,21466,RED FLOWER CROCHET FOOD COVER,6,2011-11-01T09:26:00,2.95,17389,United Kingdom
573749,22200,FRYING PAN PINK POLKADOT,6,2011-11-01T09:26:00,3.75,17389,United Kingdom
573749,22224,WHITE LOVEBIRD LANTERN,6,2011-11-01T09:26:00,2.55,17389,United Kingdom
573749,22379,RECYCLING BAG RETROSPOT ,12,2011-11-01T09:26:00,1.85,17389,United Kingdom
573749,22605,WOODEN CROQUET GARDEN SET,12,2011-11-01T09:26:00,12.75,17389,United Kingdom
573749,22795,SWEETHEART RECIPE BOOK STAND,6,2011-11-01T09:26:00,6.75,17389,United Kingdom
573749,84380,SET OF 3 BUTTERFLY COOKIE CUTTERS,12,2011-11-01T09:26:00,1.25,17389,United Kingdom
573749,84970L,SINGLE HEART ZINC T-LIGHT HOLDER,12,2011-11-01T09:26:00,1.04,17389,United Kingdom
573749,84970S,HANGING HEART ZINC T-LIGHT HOLDER,12,2011-11-01T09:26:00,0.72,17389,United Kingdom
C573750,85159B,"WHITE TEA,COFFEE,SUGAR JARS",-2,2011-11-01T09:29:00,1.95,16150,United Kingdom
C573750,23393,HOME SWEET HOME CUSHION COVER ,-1,2011-11-01T09:29:00,3.75,16150,United Kingdom
C573750,22109,FULL ENGLISH BREAKFAST PLATE,-2,2011-11-01T09:29:00,3.75,16150,United Kingdom
573751,46000U,check,10,2011-11-01T09:33:00,0,,United Kingdom
573752,46000S,dotcom sales,-90,2011-11-01T09:34:00,0,,United Kingdom
C573753,22197,POPCORN HOLDER,-1,2011-11-01T09:37:00,0.85,14329,United Kingdom
C573754,23462,ROCOCO WALL MIRROR WHITE,-1,2011-11-01T09:39:00,19.95,13126,United Kingdom
C573755,35923,CANDY HEART HANGING DECORATION,-1,2011-11-01T09:41:00,0.39,13028,United Kingdom
C573755,85183A,CHARLIE & LOLA WASTEPAPER BIN BLUE,-1,2011-11-01T09:41:00,1.25,13028,United Kingdom
573757,22726,ALARM CLOCK BAKELIKE GREEN,6,2011-11-01T09:46:00,3.75,17166,United Kingdom
573757,22727,ALARM CLOCK BAKELIKE RED ,15,2011-11-01T09:46:00,3.75,17166,United Kingdom
C573756,22072,RED RETROSPOT TEA CUP AND SAUCER ,-1,2011-11-01T09:46:00,3.75,17865,United Kingdom
C573756,21232,STRAWBERRY CERAMIC TRINKET POT,-9,2011-11-01T09:46:00,1.25,17865,United Kingdom
C573756,21232,STRAWBERRY CERAMIC TRINKET POT,-6,2011-11-01T09:46:00,1.25,17865,United Kingdom
C573756,22423,REGENCY CAKESTAND 3 TIER,-3,2011-11-01T09:46:00,10.95,17865,United Kingdom
573758,21481,FAWN BLUE HOT WATER BOTTLE,4,2011-11-01T09:51:00,3.75,14345,United Kingdom
573758,22111,SCOTTIE DOG HOT WATER BOTTLE,3,2011-11-01T09:51:00,4.95,14345,United Kingdom
573758,84030E,ENGLISH ROSE HOT WATER BOTTLE,4,2011-11-01T09:51:00,4.25,14345,United Kingdom
573758,21001,ROSE DU SUD WASHBAG ,3,2011-11-01T09:51:00,5.95,14345,United Kingdom
573758,21200,MULTICOLOUR HONEYCOMB PAPER GARLAND,24,2011-11-01T09:51:00,1.65,14345,United Kingdom
573758,21208,PASTEL COLOUR HONEYCOMB FAN,12,2011-11-01T09:51:00,0.39,14345,United Kingdom
573762,22086,PAPER CHAIN KIT 50'S CHRISTMAS ,40,2011-11-01T09:56:00,2.55,13758,United Kingdom
573762,23434,3 RAFFIA RIBBONS 50'S CHRISTMAS ,10,2011-11-01T09:56:00,0.79,13758,United Kingdom
573762,23486,ANTIQUE HEART SHELF UNIT,2,2011-11-01T09:56:00,16.65,13758,United Kingdom
573762,23084,RABBIT NIGHT LIGHT,18,2011-11-01T09:56:00,2.08,13758,United Kingdom
573762,23382,BOX OF 6 CHRISTMAS CAKE DECORATIONS,4,2011-11-01T09:56:00,3.75,13758,United Kingdom
573762,23499,SET 12 VINTAGE DOILY CHALK ,24,2011-11-01T09:56:00,0.42,13758,United Kingdom
573762,23581,JUMBO BAG PAISLEY PARK,10,2011-11-01T09:56:00,2.08,13758,United Kingdom
573762,23582,VINTAGE DOILY JUMBO BAG RED ,10,2011-11-01T09:56:00,2.08,13758,United Kingdom
573762,23583,LUNCH BAG PAISLEY PARK  ,10,2011-11-01T09:56:00,1.65,13758,United Kingdom
573762,85099B,JUMBO BAG RED RETROSPOT,10,2011-11-01T09:56:00,2.08,13758,United Kingdom
573762,23344,JUMBO BAG 50'S CHRISTMAS ,20,2011-11-01T09:56:00,2.08,13758,United Kingdom
573763,22197,POPCORN HOLDER,48,2011-11-01T09:56:00,0.85,17139,United Kingdom
573763,23582,VINTAGE DOILY JUMBO BAG RED ,10,2011-11-01T09:56:00,2.08,17139,United Kingdom
573763,23581,JUMBO BAG PAISLEY PARK,10,2011-11-01T09:56:00,2.08,17139,United Kingdom
573763,23173,REGENCY TEAPOT ROSES ,2,2011-11-01T09:56:00,9.95,17139,United Kingdom
573763,23175,REGENCY MILK JUG PINK ,4,2011-11-01T09:56:00,3.25,17139,United Kingdom
573763,22386,JUMBO BAG PINK POLKADOT,10,2011-11-01T09:56:00,2.08,17139,United Kingdom
573763,23203,JUMBO BAG VINTAGE DOILY ,10,2011-11-01T09:56:00,2.08,17139,United Kingdom
573763,48184,DOORMAT ENGLISH ROSE ,10,2011-11-01T09:56:00,7.08,17139,United Kingdom
573763,22690,DOORMAT HOME SWEET HOME BLUE ,10,2011-11-01T09:56:00,7.08,17139,United Kingdom
573763,23343,JUMBO BAG VINTAGE CHRISTMAS ,10,2011-11-01T09:56:00,2.08,17139,United Kingdom
573763,23344,JUMBO BAG 50'S CHRISTMAS ,10,2011-11-01T09:56:00,2.08,17139,United Kingdom
573763,21930,JUMBO STORAGE BAG SKULLS,10,2011-11-01T09:56:00,2.08,17139,United Kingdom
573763,22385,JUMBO BAG SPACEBOY DESIGN,10,2011-11-01T09:56:00,2.08,17139,United Kingdom
573763,23201,JUMBO BAG ALPHABET,10,2011-11-01T09:56:00,2.08,17139,United Kingdom
573763,22328,ROUND SNACK BOXES SET OF 4 FRUITS ,6,2011-11-01T09:56:00,2.95,17139,United Kingdom
573763,23583,LUNCH BAG PAISLEY PARK  ,20,2011-11-01T09:56:00,1.65,17139,United Kingdom
573763,22910,PAPER CHAIN KIT VINTAGE CHRISTMAS,12,2011-11-01T09:56:00,2.95,17139,United Kingdom
573763,23340,VINTAGE CHRISTMAS CAKE FRILL,12,2011-11-01T09:56:00,1.65,17139,United Kingdom
573763,21733,RED HANGING HEART T-LIGHT HOLDER,6,2011-11-01T09:56:00,2.95,17139,United Kingdom
573763,23382,BOX OF 6 CHRISTMAS CAKE DECORATIONS,4,2011-11-01T09:56:00,3.75,17139,United Kingdom
573763,23351,ROLL WRAP 50'S CHRISTMAS,12,2011-11-01T09:56:00,1.25,17139,United Kingdom
573763,23375,50'S CHRISTMAS PAPER GIFT BAG,10,2011-11-01T09:56:00,0.82,17139,United Kingdom
573763,23437, 50'S CHRISTMAS GIFT BAG LARGE,12,2011-11-01T09:56:00,1.25,17139,United Kingdom
573763,23354,6 GIFT TAGS 50'S CHRISTMAS ,12,2011-11-01T09:56:00,0.83,17139,United Kingdom
573763,23319,BOX OF 6 MINI 50'S CRACKERS,6,2011-11-01T09:56:00,2.49,17139,United Kingdom
573763,22086,PAPER CHAIN KIT 50'S CHRISTMAS ,12,2011-11-01T09:56:00,2.95,17139,United Kingdom
573768,POST,POSTAGE,3,2011-11-01T10:02:00,40,12552,Italy
573769,22469,HEART OF WICKER SMALL,24,2011-11-01T10:04:00,1.65,13292,United Kingdom
573769,84978,HANGING HEART JAR T-LIGHT HOLDER,12,2011-11-01T10:04:00,1.25,13292,United Kingdom
573769,23503,PLAYING CARDS KEEP CALM & CARRY ON,12,2011-11-01T10:04:00,1.25,13292,United Kingdom
573769,22139,RETROSPOT TEA SET CERAMIC 11 PC ,3,2011-11-01T10:04:00,4.95,13292,United Kingdom
573769,21889,WOODEN BOX OF DOMINOES,12,2011-11-01T10:04:00,1.25,13292,United Kingdom
573769,23570,TRADITIONAL PICK UP STICKS GAME ,12,2011-11-01T10:04:00,1.25,13292,United Kingdom
573769,23571,TRADITIONAL NAUGHTS & CROSSES,12,2011-11-01T10:04:00,1.65,13292,United Kingdom
573769,23493,VINTAGE DOILY TRAVEL SEWING KIT,10,2011-11-01T10:04:00,1.95,13292,United Kingdom
573769,22178,VICTORIAN GLASS HANGING T-LIGHT,12,2011-11-01T10:04:00,1.95,13292,United Kingdom
573769,23427,STOOL HOME SWEET HOME ,1,2011-11-01T10:04:00,12.5,13292,United Kingdom
573769,23407,SET OF 2 TRAYS HOME SWEET HOME,2,2011-11-01T10:04:00,9.95,13292,United Kingdom
573769,23404,HOME SWEET HOME BLACKBOARD,6,2011-11-01T10:04:00,4.95,13292,United Kingdom
573769,23223,CHRISTMAS TREE HANGING SILVER ,12,2011-11-01T10:04:00,0.83,13292,United Kingdom
573769,23221,REINDEER HEART DECORATION SILVER,12,2011-11-01T10:04:00,0.83,13292,United Kingdom
573769,23215,JINGLE BELL HEART ANTIQUE SILVER,12,2011-11-01T10:04:00,2.08,13292,United Kingdom
573769,23331,DECORATIVE WICKER HEART SMALL,48,2011-11-01T10:04:00,0.63,13292,United Kingdom
573769,23350,ROLL WRAP VINTAGE SPOT ,12,2011-11-01T10:04:00,1.25,13292,United Kingdom
573770,23382,BOX OF 6 CHRISTMAS CAKE DECORATIONS,4,2011-11-01T10:12:00,3.75,15214,United Kingdom
573770,23247,BISCUIT TIN 50'S CHRISTMAS,6,2011-11-01T10:12:00,2.89,15214,United Kingdom
573770,23354,6 GIFT TAGS 50'S CHRISTMAS ,12,2011-11-01T10:12:00,0.83,15214,United Kingdom
573770,23353,6 GIFT TAGS VINTAGE CHRISTMAS ,12,2011-11-01T10:12:00,0.83,15214,United Kingdom
573770,22909,SET OF 20 VINTAGE CHRISTMAS NAPKINS,12,2011-11-01T10:12:00,0.85,15214,United Kingdom
573770,23234,BISCUIT TIN VINTAGE CHRISTMAS,6,2011-11-01T10:12:00,2.89,15214,United Kingdom
573770,23314,VINTAGE CHRISTMAS TABLECLOTH,2,2011-11-01T10:12:00,12.5,15214,United Kingdom
573770,21220,SET/4 BADGES DOGS,10,2011-11-01T10:12:00,1.25,15214,United Kingdom
573770,22844,VINTAGE CREAM DOG FOOD CONTAINER,2,2011-11-01T10:12:00,8.5,15214,United Kingdom
573770,84931A,PINK SCOTTIE DOG W FLOWER PATTERN,6,2011-11-01T10:12:00,2.55,15214,United Kingdom
573770,85231B,CINAMMON SET OF 9 T-LIGHTS,12,2011-11-01T10:12:00,0.85,15214,United Kingdom
573770,23359,SET OF 12 T-LIGHTS VINTAGE DOILY,12,2011-11-01T10:12:00,1.95,15214,United Kingdom
573772,23356,LOVE HOT WATER BOTTLE,2,2011-11-01T10:16:00,5.95,17377,United Kingdom
573772,22111,SCOTTIE DOG HOT WATER BOTTLE,2,2011-11-01T10:16:00,4.95,17377,United Kingdom
573772,21485,RETROSPOT HEART HOT WATER BOTTLE,2,2011-11-01T10:16:00,4.95,17377,United Kingdom
573772,84029E,RED WOOLLY HOTTIE WHITE HEART.,2,2011-11-01T10:16:00,4.25,17377,United Kingdom
573772,22352,LUNCH BOX WITH CUTLERY RETROSPOT ,1,2011-11-01T10:16:00,2.55,17377,United Kingdom
573772,21559,STRAWBERRY LUNCH BOX WITH CUTLERY,1,2011-11-01T10:16:00,2.55,17377,United Kingdom
573772,23581,JUMBO BAG PAISLEY PARK,1,2011-11-01T10:16:00,2.08,17377,United Kingdom
573772,22630,DOLLY GIRL LUNCH BOX,1,2011-11-01T10:16:00,1.95,17377,United Kingdom
573772,23372,SET 36 COLOUR PENCILS DOLLY GIRL,16,2011-11-01T10:16:00,1.25,17377,United Kingdom
573772,20979,36 PENCILS TUBE RED RETROSPOT,16,2011-11-01T10:16:00,1.25,17377,United Kingdom
573772,22633,HAND WARMER UNION JACK,2,2011-11-01T10:16:00,2.1,17377,United Kingdom
573772,22866,HAND WARMER SCOTTY DOG DESIGN,2,2011-11-01T10:16:00,2.1,17377,United Kingdom
573772,22077,6 RIBBONS RUSTIC CHARM,4,2011-11-01T10:16:00,1.95,17377,United Kingdom
573772,23353,6 GIFT TAGS VINTAGE CHRISTMAS ,5,2011-11-01T10:16:00,0.83,17377,United Kingdom
573772,23353,6 GIFT TAGS VINTAGE CHRISTMAS ,5,2011-11-01T10:16:00,0.83,17377,United Kingdom
573772,22998,TRAVEL CARD WALLET KEEP CALM,6,2011-11-01T10:16:00,0.42,17377,United Kingdom
573772,21621,VINTAGE UNION JACK BUNTING,1,2011-11-01T10:16:00,8.5,17377,United Kingdom
573772,47590A,BLUE HAPPY BIRTHDAY BUNTING,1,2011-11-01T10:16:00,5.45,17377,United Kingdom
573772,47590B,PINK HAPPY BIRTHDAY BUNTING,1,2011-11-01T10:16:00,5.45,17377,United Kingdom
573772,47566B,TEA TIME PARTY BUNTING,1,2011-11-01T10:16:00,4.95,17377,United Kingdom
573772,47566,PARTY BUNTING,1,2011-11-01T10:16:00,4.95,17377,United Kingdom
573772,23350,ROLL WRAP VINTAGE SPOT ,2,2011-11-01T10:16:00,1.25,17377,United Kingdom
573772,23352,ROLL WRAP 50'S RED CHRISTMAS ,2,2011-11-01T10:16:00,1.25,17377,United Kingdom
573772,23351,ROLL WRAP 50'S CHRISTMAS,2,2011-11-01T10:16:00,1.25,17377,United Kingdom
573772,23349,ROLL WRAP VINTAGE CHRISTMAS,2,2011-11-01T10:16:00,1.25,17377,United Kingdom
573773,23581,JUMBO BAG PAISLEY PARK,40,2011-11-01T10:21:00,2.08,13327,United Kingdom
573773,23343,JUMBO BAG VINTAGE CHRISTMAS ,20,2011-11-01T10:21:00,2.08,13327,United Kingdom
573773,85099B,JUMBO BAG RED RETROSPOT,20,2011-11-01T10:21:00,2.08,13327,United Kingdom
573773,23203,JUMBO BAG VINTAGE DOILY ,30,2011-11-01T10:21:00,2.08,13327,United Kingdom
573773,22379,RECYCLING BAG RETROSPOT ,20,2011-11-01T10:21:00,2.1,13327,United Kingdom
573773,23582,VINTAGE DOILY JUMBO BAG RED ,20,2011-11-01T10:21:00,2.08,13327,United Kingdom
573773,22197,POPCORN HOLDER,24,2011-11-01T10:21:00,0.85,13327,United Kingdom
573773,23318,BOX OF 6 MINI VINTAGE CRACKERS,12,2011-11-01T10:21:00,2.49,13327,United Kingdom
573773,23319,BOX OF 6 MINI 50'S CRACKERS,12,2011-11-01T10:21:00,2.49,13327,United Kingdom
573773,23320,GIANT 50'S CHRISTMAS CRACKER,12,2011-11-01T10:21:00,2.89,13327,United Kingdom
573773,23355,HOT WATER BOTTLE KEEP CALM,24,2011-11-01T10:21:00,4.15,13327,United Kingdom
573773,22112,CHOCOLATE HOT WATER BOTTLE,12,2011-11-01T10:21:00,4.95,13327,United Kingdom
573773,22111,SCOTTIE DOG HOT WATER BOTTLE,12,2011-11-01T10:21:00,4.95,13327,United Kingdom
573773,23311,VINTAGE CHRISTMAS STOCKING ,6,2011-11-01T10:21:00,2.55,13327,United Kingdom
573773,23349,ROLL WRAP VINTAGE CHRISTMAS,12,2011-11-01T10:21:00,1.25,13327,United Kingdom
573773,23350,ROLL WRAP VINTAGE SPOT ,12,2011-11-01T10:21:00,1.25,13327,United Kingdom
573773,22909,SET OF 20 VINTAGE CHRISTMAS NAPKINS,12,2011-11-01T10:21:00,0.85,13327,United Kingdom
573773,79321,CHILLI LIGHTS,12,2011-11-01T10:21:00,5.75,13327,United Kingdom
573773,23108,SET OF 10 LED DOLLY LIGHTS,12,2011-11-01T10:21:00,5.39,13327,United Kingdom
573773,22766,PHOTO FRAME CORNICE,8,2011-11-01T10:21:00,2.95,13327,United Kingdom
573773,21175,GIN + TONIC DIET METAL SIGN,12,2011-11-01T10:21:00,2.55,13327,United Kingdom
573774,22666,RECIPE BOX PANTRY YELLOW DESIGN,36,2011-11-01T10:27:00,2.55,16029,United Kingdom
573774,23206,LUNCH BAG APPLE DESIGN,50,2011-11-01T10:27:00,1.45,16029,United Kingdom
573774,22961,JAM MAKING SET PRINTED,96,2011-11-01T10:27:00,1.25,16029,United Kingdom
573774,21931,JUMBO STORAGE BAG SUKI,100,2011-11-01T10:27:00,1.74,16029,United Kingdom
573774,85099F,JUMBO BAG STRAWBERRY,100,2011-11-01T10:27:00,1.74,16029,United Kingdom
573775,84879,ASSORTED COLOUR BIRD ORNAMENT,160,2011-11-01T10:30:00,1.45,13881,United Kingdom
573775,23301,GARDENERS KNEELING PAD KEEP CALM ,48,2011-11-01T10:30:00,1.45,13881,United Kingdom
573775,84050,PINK HEART SHAPE EGG FRYING PAN,46,2011-11-01T10:30:00,1.25,13881,United Kingdom
573775,20914,SET/5 RED RETROSPOT LID GLASS BOWLS,32,2011-11-01T10:30:00,2.55,13881,United Kingdom
573775,21915,RED  HARMONICA IN BOX ,240,2011-11-01T10:30:00,1.06,13881,United Kingdom
573775,22952,60 CAKE CASES VINTAGE CHRISTMAS,120,2011-11-01T10:30:00,0.42,13881,United Kingdom
573775,22910,PAPER CHAIN KIT VINTAGE CHRISTMAS,80,2011-11-01T10:30:00,2.55,13881,United Kingdom
573776,46776A,WOVEN BUBBLE GUM CUSHION COVER,2,2011-11-01T10:32:00,4.95,13468,United Kingdom
573776,23396,LE JARDIN BOTANIQUE CUSHION COVER,4,2011-11-01T10:32:00,3.75,13468,United Kingdom
573776,22464,HANGING METAL HEART LANTERN,12,2011-11-01T10:32:00,1.65,13468,United Kingdom
573776,37449,CERAMIC CAKE STAND + HANGING CAKES,2,2011-11-01T10:32:00,9.95,13468,United Kingdom
573776,23531,WALL ART BIG LOVE ,3,2011-11-01T10:32:00,6.95,13468,United Kingdom
573777,16008,SMALL FOLDING SCISSOR(POINTED EDGE),96,2011-11-01T10:49:00,0.12,13726,United Kingdom
573777,85071B,RED CHARLIE+LOLA PERSONAL DOORSIGN,24,2011-11-01T10:49:00,0.39,13726,United Kingdom
573777,21932,SCANDINAVIAN PAISLEY PICNIC BAG,30,2011-11-01T10:49:00,1.65,13726,United Kingdom
573777,22161,HEART DECORATION RUSTIC HANGING ,48,2011-11-01T10:49:00,0.19,13726,United Kingdom
573777,22555,PLASTERS IN TIN STRONGMAN,12,2011-11-01T10:49:00,1.65,13726,United Kingdom
573777,22557,PLASTERS IN TIN VINTAGE PAISLEY ,12,2011-11-01T10:49:00,1.65,13726,United Kingdom
573777,22553,PLASTERS IN TIN SKULLS,12,2011-11-01T10:49:00,1.65,13726,United Kingdom
573777,22556,PLASTERS IN TIN CIRCUS PARADE ,12,2011-11-01T10:49:00,1.65,13726,United Kingdom
573777,22554,PLASTERS IN TIN WOODLAND ANIMALS,12,2011-11-01T10:49:00,1.65,13726,United Kingdom
573777,21558,SKULL LUNCH BOX WITH CUTLERY ,60,2011-11-01T10:49:00,2.1,13726,United Kingdom
573777,22352,LUNCH BOX WITH CUTLERY RETROSPOT ,60,2011-11-01T10:49:00,2.1,13726,United Kingdom
573777,21559,STRAWBERRY LUNCH BOX WITH CUTLERY,60,2011-11-01T10:49:00,2.1,13726,United Kingdom
573777,21930,JUMBO STORAGE BAG SKULLS,100,2011-11-01T10:49:00,1.79,13726,United Kingdom
573777,20868,SILVER FABRIC MIRROR,60,2011-11-01T10:49:00,0.39,13726,United Kingdom
573777,22396,MAGNETS PACK OF 4 RETRO PHOTO,12,2011-11-01T10:49:00,0.39,13726,United Kingdom
573777,22398,MAGNETS PACK OF 4 SWALLOWS,12,2011-11-01T10:49:00,0.39,13726,United Kingdom
573777,22403,MAGNETS PACK OF 4 VINTAGE LABELS ,12,2011-11-01T10:49:00,0.39,13726,United Kingdom
573777,22400,MAGNETS PACK OF 4 HOME SWEET HOME,12,2011-11-01T10:49:00,0.39,13726,United Kingdom
573777,84927F,PSYCHEDELIC TILE HOOK,24,2011-11-01T10:49:00,0.39,13726,United Kingdom
573778,22697,GREEN REGENCY TEACUP AND SAUCER,24,2011-11-01T10:56:00,2.55,18092,United Kingdom
573778,22699,ROSES REGENCY TEACUP AND SAUCER ,24,2011-11-01T10:56:00,2.55,18092,United Kingdom
573778,22698,PINK REGENCY TEACUP AND SAUCER,24,2011-11-01T10:56:00,2.55,18092,United Kingdom
573778,23171,REGENCY TEA PLATE GREEN ,48,2011-11-01T10:56:00,1.45,18092,United Kingdom
573778,23170,REGENCY TEA PLATE ROSES ,48,2011-11-01T10:56:00,1.45,18092,United Kingdom
573778,23172,REGENCY TEA PLATE PINK,48,2011-11-01T10:56:00,1.45,18092,United Kingdom
573778,84029E,RED WOOLLY HOTTIE WHITE HEART.,24,2011-11-01T10:56:00,3.75,18092,United Kingdom
573778,84029G,KNITTED UNION FLAG HOT WATER BOTTLE,48,2011-11-01T10:56:00,3.75,18092,United Kingdom
573778,22112,CHOCOLATE HOT WATER BOTTLE,24,2011-11-01T10:56:00,4.25,18092,United Kingdom
573778,22113,GREY HEART HOT WATER BOTTLE,36,2011-11-01T10:56:00,3.75,18092,United Kingdom
573778,21485,RETROSPOT HEART HOT WATER BOTTLE,48,2011-11-01T10:56:00,4.25,18092,United Kingdom
573778,21484,CHICK GREY HOT WATER BOTTLE,36,2011-11-01T10:56:00,3.75,18092,United Kingdom
573778,75049L,LARGE CIRCULAR MIRROR MOBILE,18,2011-11-01T10:56:00,1.25,18092,United Kingdom
573778,84030E,ENGLISH ROSE HOT WATER BOTTLE,24,2011-11-01T10:56:00,3.75,18092,United Kingdom
573780,22192,BLUE DINER WALL CLOCK,2,2011-11-01T11:12:00,8.5,17503,United Kingdom
573780,23316,RED REFECTORY CLOCK ,2,2011-11-01T11:12:00,9.95,17503,United Kingdom
573780,22043,CHRISTMAS CARD SCREEN PRINT ,24,2011-11-01T11:12:00,0.19,17503,United Kingdom
573780,22115,METAL SIGN EMPIRE TEA,12,2011-11-01T11:12:00,0.79,17503,United Kingdom
573780,22396,MAGNETS PACK OF 4 RETRO PHOTO,12,2011-11-01T11:12:00,0.39,17503,United Kingdom
573780,85071D,CHARLIE+LOLA MY ROOM DOOR SIGN,24,2011-11-01T11:12:00,0.39,17503,United Kingdom
573780,21506,"FANCY FONT BIRTHDAY CARD, ",12,2011-11-01T11:12:00,0.42,17503,United Kingdom
573780,22023,EMPIRE BIRTHDAY CARD,12,2011-11-01T11:12:00,0.42,17503,United Kingdom
573780,23284,DOORMAT KEEP CALM AND COME IN,2,2011-11-01T11:12:00,8.25,17503,United Kingdom
573780,48187,DOORMAT NEW ENGLAND,2,2011-11-01T11:12:00,8.25,17503,United Kingdom
573780,22430,ENAMEL WATERING CAN CREAM,4,2011-11-01T11:12:00,4.95,17503,United Kingdom
573780,23301,GARDENERS KNEELING PAD KEEP CALM ,12,2011-11-01T11:12:00,1.65,17503,United Kingdom
573780,22673,FRENCH GARDEN SIGN BLUE METAL,12,2011-11-01T11:12:00,1.25,17503,United Kingdom
573780,22728,ALARM CLOCK BAKELIKE PINK,4,2011-11-01T11:12:00,3.75,17503,United Kingdom
573780,22727,ALARM CLOCK BAKELIKE RED ,4,2011-11-01T11:12:00,3.75,17503,United Kingdom
573780,22083,PAPER CHAIN KIT RETROSPOT,12,2011-11-01T11:12:00,2.95,17503,United Kingdom
573780,22966,GINGERBREAD MAN COOKIE CUTTER,12,2011-11-01T11:12:00,1.25,17503,United Kingdom
573780,23084,RABBIT NIGHT LIGHT,6,2011-11-01T11:12:00,2.08,17503,United Kingdom
573780,23109,PACK OF SIX LED TEA LIGHTS,6,2011-11-01T11:12:00,2.89,17503,United Kingdom
573780,23372,SET 36 COLOUR PENCILS DOLLY GIRL,16,2011-11-01T11:12:00,1.25,17503,United Kingdom
573780,22138,BAKING SET 9 PIECE RETROSPOT ,3,2011-11-01T11:12:00,4.95,17503,United Kingdom
573780,21915,RED  HARMONICA IN BOX ,12,2011-11-01T11:12:00,1.25,17503,United Kingdom
573780,22358,KINGS CHOICE TEA CADDY ,6,2011-11-01T11:12:00,2.95,17503,United Kingdom
573808,22749,FELTCRAFT PRINCESS CHARLOTTE DOLL,1,2011-11-01T11:29:00,3.75,14419,United Kingdom
573808,22586,FELTCRAFT HAIRBAND PINK AND BLUE,1,2011-11-01T11:29:00,0.85,14419,United Kingdom
573808,22273,FELTCRAFT DOLL MOLLY,1,2011-11-01T11:29:00,2.95,14419,United Kingdom
573808,23200,JUMBO BAG PEARS,4,2011-11-01T11:29:00,2.08,14419,United Kingdom
573808,23203,JUMBO BAG VINTAGE DOILY ,4,2011-11-01T11:29:00,2.08,14419,United Kingdom
573808,23243,SET OF TEA COFFEE SUGAR TINS PANTRY,1,2011-11-01T11:29:00,4.95,14419,United Kingdom
573808,23266,SET OF 3 WOODEN STOCKING DECORATION,2,2011-11-01T11:29:00,1.25,14419,United Kingdom
573808,23264,SET OF 3 WOODEN SLEIGH DECORATIONS,2,2011-11-01T11:29:00,1.25,14419,United Kingdom
573808,23265,SET OF 3 WOODEN TREE DECORATIONS,2,2011-11-01T11:29:00,1.25,14419,United Kingdom
573808,22726,ALARM CLOCK BAKELIKE GREEN,3,2011-11-01T11:29:00,3.75,14419,United Kingdom
573808,22725,ALARM CLOCK BAKELIKE CHOCOLATE,1,2011-11-01T11:29:00,3.75,14419,United Kingdom
573808,22940,FELTCRAFT CHRISTMAS FAIRY,3,2011-11-01T11:29:00,4.25,14419,United Kingdom
573808,22553,PLASTERS IN TIN SKULLS,2,2011-11-01T11:29:00,1.65,14419,United Kingdom
573808,22555,PLASTERS IN TIN STRONGMAN,1,2011-11-01T11:29:00,1.65,14419,United Kingdom
573808,22556,PLASTERS IN TIN CIRCUS PARADE ,1,2011-11-01T11:29:00,1.65,14419,United Kingdom
573808,22557,PLASTERS IN TIN VINTAGE PAISLEY ,2,2011-11-01T11:29:00,1.65,14419,United Kingdom
573808,22470,HEART OF WICKER LARGE,1,2011-11-01T11:29:00,2.95,14419,United Kingdom
573808,22696,WICKER WREATH LARGE,1,2011-11-01T11:29:00,1.95,14419,United Kingdom
573808,23234,BISCUIT TIN VINTAGE CHRISTMAS,1,2011-11-01T11:29:00,2.89,14419,United Kingdom
573808,23247,BISCUIT TIN 50'S CHRISTMAS,2,2011-11-01T11:29:00,2.89,14419,United Kingdom
573808,23372,SET 36 COLOUR PENCILS DOLLY GIRL,1,2011-11-01T11:29:00,1.25,14419,United Kingdom
573808,23370,SET 36 COLOURING PENCILS DOILY,2,2011-11-01T11:29:00,1.25,14419,United Kingdom
573808,23371,SET 36 COLOUR PENCILS SPACEBOY ,1,2011-11-01T11:29:00,1.25,14419,United Kingdom
573808,20979,36 PENCILS TUBE RED RETROSPOT,1,2011-11-01T11:29:00,1.25,14419,United Kingdom
573808,85123A,WHITE HANGING HEART T-LIGHT HOLDER,6,2011-11-01T11:29:00,2.95,14419,United Kingdom
573808,23091,ZINC HERB GARDEN CONTAINER,1,2011-11-01T11:29:00,6.25,14419,United Kingdom
573808,23564,EGG CUP MILKMAID INGRID,3,2011-11-01T11:29:00,1.25,14419,United Kingdom
573808,23565,EGG CUP MILKMAID HELGA ,3,2011-11-01T11:29:00,1.25,14419,United Kingdom
573808,23567,EGG CUP HENRIETTA HEN PINK,2,2011-11-01T11:29:00,1.25,14419,United Kingdom
573808,23566,EGG CUP MILKMAID HEIDI,2,2011-11-01T11:29:00,1.25,14419,United Kingdom
573808,22727,ALARM CLOCK BAKELIKE RED ,3,2011-11-01T11:29:00,3.75,14419,United Kingdom
573808,22728,ALARM CLOCK BAKELIKE PINK,3,2011-11-01T11:29:00,3.75,14419,United Kingdom
573808,21754,HOME BUILDING BLOCK WORD,3,2011-11-01T11:29:00,6.25,14419,United Kingdom
573808,21034,REX CASH+CARRY JUMBO SHOPPER,2,2011-11-01T11:29:00,0.95,14419,United Kingdom
573814,22816,CARD MOTORBIKE SANTA,12,2011-11-01T11:31:00,0.42,13268,United Kingdom
573814,23415,HOME SWEET HOME HOOK,3,2011-11-01T11:31:00,1.65,13268,United Kingdom
573814,23417,BATHROOM HOOK,4,2011-11-01T11:31:00,1.65,13268,United Kingdom
573814,22044,CHRISTMAS CARD STACK OF PRESENTS,12,2011-11-01T11:31:00,0.19,13268,United Kingdom
573814,21169,YOU'RE CONFUSING ME METAL SIGN ,3,2011-11-01T11:31:00,1.69,13268,United Kingdom
573814,82583,HOT BATHS METAL SIGN,4,2011-11-01T11:31:00,2.1,13268,United Kingdom
573814,85152,HAND OVER THE CHOCOLATE   SIGN ,2,2011-11-01T11:31:00,2.1,13268,United Kingdom
573814,21175,GIN + TONIC DIET METAL SIGN,2,2011-11-01T11:31:00,2.55,13268,United Kingdom
573814,22115,METAL SIGN EMPIRE TEA,3,2011-11-01T11:31:00,0.79,13268,United Kingdom
573814,21169,YOU'RE CONFUSING ME METAL SIGN ,5,2011-11-01T11:31:00,1.69,13268,United Kingdom
573814,21166,COOK WITH WINE METAL SIGN ,4,2011-11-01T11:31:00,2.08,13268,United Kingdom
573814,21704,BAG 250g SWIRLY MARBLES,3,2011-11-01T11:31:00,0.85,13268,United Kingdom
573814,21703,BAG 125g SWIRLY MARBLES,4,2011-11-01T11:31:00,0.42,13268,United Kingdom
573814,23333,IVORY WICKER HEART MEDIUM,14,2011-11-01T11:31:00,1.25,13268,United Kingdom
573814,84596B,SMALL DOLLY MIX DESIGN ORANGE BOWL,16,2011-11-01T11:31:00,0.42,13268,United Kingdom
573814,85071A,BLUE CHARLIE+LOLA PERSONAL DOORSIGN,2,2011-11-01T11:31:00,0.39,13268,United Kingdom
573814,85071B,RED CHARLIE+LOLA PERSONAL DOORSIGN,2,2011-11-01T11:31:00,0.39,13268,United Kingdom
573814,21172,PARTY METAL SIGN ,5,2011-11-01T11:31:00,1.45,13268,United Kingdom
573814,23496,PANTRY KITCHEN THERMOMETER ,3,2011-11-01T11:31:00,1.25,13268,United Kingdom
573814,23367,SET 12 COLOUR PENCILS SPACEBOY ,2,2011-11-01T11:31:00,0.65,13268,United Kingdom
573814,20973,12 PENCIL SMALL TUBE WOODLAND,2,2011-11-01T11:31:00,0.65,13268,United Kingdom
573814,20975,12 PENCILS SMALL TUBE RED RETROSPOT,3,2011-11-01T11:31:00,0.65,13268,United Kingdom
573814,23148,MINIATURE ANTIQUE ROSE HOOK IVORY,8,2011-11-01T11:31:00,0.83,13268,United Kingdom
573814,22064,PINK DOUGHNUT TRINKET POT ,6,2011-11-01T11:31:00,1.65,13268,United Kingdom
573814,21137,BLACK RECORD COVER FRAME,2,2011-11-01T11:31:00,3.75,13268,United Kingdom
573814,22041,"RECORD FRAME 7"" SINGLE SIZE ",2,2011-11-01T11:31:00,2.55,13268,United Kingdom
573814,82483,WOOD 2 DRAWER CABINET WHITE FINISH,2,2011-11-01T11:31:00,6.95,13268,United Kingdom
573814,23077,DOUGHNUT LIP GLOSS ,20,2011-11-01T11:31:00,1.25,13268,United Kingdom
573814,22811,SET OF 6 T-LIGHTS CACTI ,3,2011-11-01T11:31:00,2.95,13268,United Kingdom
573814,85175,CACTI T-LIGHT CANDLES,16,2011-11-01T11:31:00,0.42,13268,United Kingdom
573814,15034,PAPER POCKET TRAVELING FAN ,60,2011-11-01T11:31:00,0.14,13268,United Kingdom
573814,15036,ASSORTED COLOURS SILK FAN,12,2011-11-01T11:31:00,0.83,13268,United Kingdom
573814,22817,CARD SUKI BIRTHDAY,12,2011-11-01T11:31:00,0.42,13268,United Kingdom
573814,22815,CARD PSYCHEDELIC APPLES,12,2011-11-01T11:31:00,0.42,13268,United Kingdom
573814,82494L,WOODEN FRAME ANTIQUE WHITE ,6,2011-11-01T11:31:00,2.95,13268,United Kingdom
573814,22983,CARD BILLBOARD FONT,12,2011-11-01T11:31:00,0.42,13268,United Kingdom
573814,22610,PENS ASSORTED FUNNY FACE,72,2011-11-01T11:31:00,0.19,13268,United Kingdom
573814,23206,LUNCH BAG APPLE DESIGN,4,2011-11-01T11:31:00,1.65,13268,United Kingdom
573814,22662,LUNCH BAG DOLLY GIRL DESIGN,5,2011-11-01T11:31:00,1.65,13268,United Kingdom
573814,22383,LUNCH BAG SUKI DESIGN ,4,2011-11-01T11:31:00,1.65,13268,United Kingdom
573814,20726,LUNCH BAG WOODLAND,5,2011-11-01T11:31:00,1.65,13268,United Kingdom
573814,23583,LUNCH BAG PAISLEY PARK  ,7,2011-11-01T11:31:00,1.65,13268,United Kingdom
573814,47503A,ASS FLORAL PRINT MULTI SCREWDRIVER,24,2011-11-01T11:31:00,0.42,13268,United Kingdom
573814,21429,RED GINGHAM ROSE JEWELLERY BOX,6,2011-11-01T11:31:00,1.95,13268,United Kingdom
573814,20725,LUNCH BAG RED RETROSPOT,5,2011-11-01T11:31:00,1.65,13268,United Kingdom
573814,23209,LUNCH BAG VINTAGE DOILY ,5,2011-11-01T11:31:00,1.65,13268,United Kingdom
573814,20727,LUNCH BAG  BLACK SKULL.,3,2011-11-01T11:31:00,1.65,13268,United Kingdom
573814,23208,LUNCH BAG VINTAGE LEAF DESIGN,5,2011-11-01T11:31:00,1.65,13268,United Kingdom
573814,22382,LUNCH BAG SPACEBOY DESIGN ,2,2011-11-01T11:31:00,1.65,13268,United Kingdom
573814,23506,MINI PLAYING CARDS SPACEBOY ,5,2011-11-01T11:31:00,0.42,13268,United Kingdom
573814,23507,MINI PLAYING CARDS BUFFALO BILL ,4,2011-11-01T11:31:00,0.42,13268,United Kingdom
573814,23508,MINI PLAYING CARDS DOLLY GIRL ,4,2011-11-01T11:31:00,0.42,13268,United Kingdom
573814,23510,MINI PLAYING CARDS GYMKHANA,3,2011-11-01T11:31:00,0.42,13268,United Kingdom
573814,21790,VINTAGE SNAP CARDS,4,2011-11-01T11:31:00,0.85,13268,United Kingdom
573814,21791,VINTAGE HEADS AND TAILS CARD GAME ,4,2011-11-01T11:31:00,1.25,13268,United Kingdom
573814,21889,WOODEN BOX OF DOMINOES,6,2011-11-01T11:31:00,1.25,13268,United Kingdom
573814,84078A,SET/4 WHITE RETRO STORAGE CUBES ,1,2011-11-01T11:31:00,39.95,13268,United Kingdom
C579889,23245,SET OF 3 REGENCY CAKE TINS,-8,2011-12-01T08:12:00,4.15,13853,United Kingdom
C579890,84947,ANTIQUE SILVER TEA GLASS ENGRAVED,-1,2011-12-01T08:14:00,1.25,15197,United Kingdom
C579890,23374,RED SPOT PAPER GIFT BAG,-1,2011-12-01T08:14:00,0.82,15197,United Kingdom
C579890,84945,MULTI COLOUR SILVER T-LIGHT HOLDER,-2,2011-12-01T08:14:00,0.85,15197,United Kingdom
C579891,23485,BOTANICAL GARDENS WALL CLOCK ,-1,2011-12-01T08:18:00,25,13644,United Kingdom
C579891,23186,FRENCH STYLE STORAGE JAR CAFE ,-6,2011-12-01T08:18:00,0.29,13644,United Kingdom
C579892,23461,SWEETHEART BIRD HOUSE,-4,2011-12-01T08:23:00,4.15,13310,United Kingdom
C579893,37449,CERAMIC CAKE STAND + HANGING CAKES,-2,2011-12-01T08:25:00,9.95,13468,United Kingdom
579899,23301,GARDENERS KNEELING PAD KEEP CALM ,24,2011-12-01T08:33:00,1.65,15687,United Kingdom
579899,22623,BOX OF VINTAGE JIGSAW BLOCKS ,3,2011-12-01T08:33:00,5.95,15687,United Kingdom
579899,20970,PINK FLORAL FELTCRAFT SHOULDER BAG,4,2011-12-01T08:33:00,3.75,15687,United Kingdom
579899,23562,SET OF 6 RIBBONS PERFECTLY PRETTY  ,6,2011-12-01T08:33:00,2.89,15687,United Kingdom
579899,71477,COLOURED GLASS STAR T-LIGHT HOLDER,4,2011-12-01T08:33:00,3.95,15687,United Kingdom
579899,23407,SET OF 2 TRAYS HOME SWEET HOME,2,2011-12-01T08:33:00,9.95,15687,United Kingdom
579899,22457,NATURAL SLATE HEART CHALKBOARD ,6,2011-12-01T08:33:00,2.95,15687,United Kingdom
579899,84347,ROTATING SILVER ANGELS T-LIGHT HLDR,12,2011-12-01T08:33:00,2.55,15687,United Kingdom
579899,23129,HEART SHAPED HOLLY WREATH,4,2011-12-01T08:33:00,4.15,15687,United Kingdom
579899,22577,WOODEN HEART CHRISTMAS SCANDINAVIAN,24,2011-12-01T08:33:00,0.85,15687,United Kingdom
579899,22402,MAGNETS PACK OF 4 VINTAGE COLLAGE,24,2011-12-01T08:33:00,0.85,15687,United Kingdom
579899,22595,GINGHAM HEART DECORATION,24,2011-12-01T08:33:00,0.85,15687,United Kingdom
579900,23583,LUNCH BAG PAISLEY PARK  ,10,2011-12-01T08:34:00,1.65,15951,United Kingdom
579900,22467,GUMBALL COAT RACK,6,2011-12-01T08:34:00,2.55,15951,United Kingdom
579900,23581,JUMBO BAG PAISLEY PARK,10,2011-12-01T08:34:00,2.08,15951,United Kingdom
579900,23298,SPOTTY BUNTING,3,2011-12-01T08:34:00,4.95,15951,United Kingdom
579900,84946,ANTIQUE SILVER T-LIGHT GLASS,12,2011-12-01T08:34:00,1.25,15951,United Kingdom
579900,71477,COLOURED GLASS STAR T-LIGHT HOLDER,8,2011-12-01T08:34:00,3.95,15951,United Kingdom
579900,84755,COLOUR GLASS T-LIGHT HOLDER HANGING,16,2011-12-01T08:34:00,0.65,15951,United Kingdom
579900,23459,DOLLY CABINET 2 DRAWERS ,2,2011-12-01T08:34:00,12.5,15951,United Kingdom
579900,23458,DOLLY CABINET 3 DRAWERS ,2,2011-12-01T08:34:00,14.95,15951,United Kingdom
579900,23405,HOME SWEET HOME 2 DRAWER CABINET,4,2011-12-01T08:34:00,4.95,15951,United Kingdom
579900,82484,WOOD BLACK BOARD ANT WHITE FINISH,2,2011-12-01T08:34:00,7.95,15951,United Kingdom
579900,82482,WOODEN PICTURE FRAME WHITE FINISH,6,2011-12-01T08:34:00,2.95,15951,United Kingdom
579900,82494L,WOODEN FRAME ANTIQUE WHITE ,6,2011-12-01T08:34:00,2.95,15951,United Kingdom
579900,22457,NATURAL SLATE HEART CHALKBOARD ,6,2011-12-01T08:34:00,2.95,15951,United Kingdom
579900,21136,PAINTED METAL PEARS ASSORTED,8,2011-12-01T08:34:00,1.69,15951,United Kingdom
579900,84879,ASSORTED COLOUR BIRD ORNAMENT,8,2011-12-01T08:34:00,1.69,15951,United Kingdom
579900,84832,ZINC WILLIE WINKIE  CANDLE STICK,12,2011-12-01T08:34:00,0.85,15951,United Kingdom
579900,23224,CHERUB HEART DECORATION GOLD,12,2011-12-01T08:34:00,0.83,15951,United Kingdom
579900,22470,HEART OF WICKER LARGE,6,2011-12-01T08:34:00,2.95,15951,United Kingdom
579901,22055,MINI CAKE STAND  HANGING STRAWBERY,8,2011-12-01T08:35:00,1.65,12569,Germany
579901,21232,STRAWBERRY CERAMIC TRINKET POT,12,2011-12-01T08:35:00,1.25,12569,Germany
579901,22649,STRAWBERRY FAIRY CAKE TEAPOT,8,2011-12-01T08:35:00,4.95,12569,Germany
579901,37448,CERAMIC CAKE DESIGN SPOTTED MUG,12,2011-12-01T08:35:00,1.49,12569,Germany
579901,37447,CERAMIC CAKE DESIGN SPOTTED PLATE,12,2011-12-01T08:35:00,1.49,12569,Germany
579901,47559B,TEA TIME OVEN GLOVE,10,2011-12-01T08:35:00,1.25,12569,Germany
579901,47567B,TEA TIME KITCHEN APRON,3,2011-12-01T08:35:00,5.95,12569,Germany
579901,23578,SNACK TRAY RED GINGHAM,8,2011-12-01T08:35:00,1.95,12569,Germany
579901,22398,MAGNETS PACK OF 4 SWALLOWS,12,2011-12-01T08:35:00,0.39,12569,Germany
579901,POST,POSTAGE,3,2011-12-01T08:35:00,18,12569,Germany
579909,90197B,BLACK GLASS BRACELET W HEART CHARMS,1,2011-12-01T08:51:00,4.95,,United Kingdom
579909,90179C,BLACK FINE BEAD NECKLACE W TASSEL,1,2011-12-01T08:51:00,5.95,,United Kingdom
579909,90179B,PURPLE FINE BEAD NECKLACE W TASSEL,1,2011-12-01T08:51:00,5.95,,United Kingdom
579909,84347,ROTATING SILVER ANGELS T-LIGHT HLDR,3,2011-12-01T08:51:00,2.55,,United Kingdom
579909,21351,CINAMMON & ORANGE WREATH,1,2011-12-01T08:51:00,6.75,,United Kingdom
579909,22806,SET OF 6 T-LIGHTS WEDDING CAKE ,6,2011-12-01T08:51:00,2.95,,United Kingdom
579909,23378,PACK OF 12 50'S CHRISTMAS TISSUES,1,2011-12-01T08:51:00,0.39,,United Kingdom
579909,21616,4 PEAR BOTANICAL DINNER CANDLES,1,2011-12-01T08:51:00,1.25,,United Kingdom
579909,23424,GINGHAM RECIPE BOOK BOX,1,2011-12-01T08:51:00,4.95,,United Kingdom
579909,20894,HANGING BAUBLE T-LIGHT HOLDER LARGE,1,2011-12-01T08:51:00,2.95,,United Kingdom
579909,23109,PACK OF SIX LED TEA LIGHTS,1,2011-12-01T08:51:00,2.89,,United Kingdom
579909,23199,JUMBO BAG APPLES,1,2011-12-01T08:51:00,2.08,,United Kingdom
579909,22896,PEG BAG APPLES DESIGN,1,2011-12-01T08:51:00,2.55,,United Kingdom
579909,21034,REX CASH+CARRY JUMBO SHOPPER,10,2011-12-01T08:51:00,0.95,,United Kingdom
579910,85034C,3 ROSE MORRIS BOXED CANDLES,24,2011-12-01T08:52:00,1.25,14911,EIRE
579910,23111,PARISIENNE SEWING BOX,2,2011-12-01T08:52:00,12.5,14911,EIRE
579910,21212,PACK OF 72 RETROSPOT CAKE CASES,24,2011-12-01T08:52:00,0.55,14911,EIRE
579910,84378,SET OF 3 HEART COOKIE CUTTERS,12,2011-12-01T08:52:00,1.45,14911,EIRE
579910,20749,ASSORTED COLOUR MINI CASES,4,2011-12-01T08:52:00,7.95,14911,EIRE
579910,20750,RED RETROSPOT MINI CASES,4,2011-12-01T08:52:00,7.95,14911,EIRE
579910,20970,PINK FLORAL FELTCRAFT SHOULDER BAG,4,2011-12-01T08:52:00,3.75,14911,EIRE
579910,22749,FELTCRAFT PRINCESS CHARLOTTE DOLL,4,2011-12-01T08:52:00,3.75,14911,EIRE
579910,22766,PHOTO FRAME CORNICE,8,2011-12-01T08:52:00,2.95,14911,EIRE
579910,20973,12 PENCIL SMALL TUBE WOODLAND,24,2011-12-01T08:52:00,0.65,14911,EIRE
579910,21259,VICTORIAN SEWING BOX SMALL ,2,2011-12-01T08:52:00,5.95,14911,EIRE
579910,21257,VICTORIAN SEWING BOX MEDIUM,4,2011-12-01T08:52:00,7.95,14911,EIRE
579910,22423,REGENCY CAKESTAND 3 TIER,3,2011-12-01T08:52:00,12.75,14911,EIRE
579910,23270,SET OF 2 CERAMIC PAINTED HEARTS ,12,2011-12-01T08:52:00,1.45,14911,EIRE
579910,C2,CARRIAGE,1,2011-12-01T08:52:00,50,14911,EIRE
579916,23081,GREEN METAL BOX ARMY SUPPLIES,16,2011-12-01T08:57:00,7.5,15187,United Kingdom
579916,23080,RED METAL BOX TOP SECRET,32,2011-12-01T08:57:00,7.5,15187,United Kingdom
579916,23084,RABBIT NIGHT LIGHT,24,2011-12-01T08:57:00,1.79,15187,United Kingdom
579917,23312,VINTAGE CHRISTMAS GIFT SACK,24,2011-12-01T08:58:00,4.15,15187,United Kingdom
579920,22791,T-LIGHT GLASS FLUTED ANTIQUE,144,2011-12-01T09:02:00,1.06,16839,United Kingdom
579920,84970S,HANGING HEART ZINC T-LIGHT HOLDER,144,2011-12-01T09:02:00,0.72,16839,United Kingdom
579920,23221,REINDEER HEART DECORATION SILVER,24,2011-12-01T09:02:00,0.83,16839,United Kingdom
579920,84947,ANTIQUE SILVER TEA GLASS ENGRAVED,72,2011-12-01T09:02:00,1.06,16839,United Kingdom
579921,22941,CHRISTMAS LIGHTS 10 REINDEER,24,2011-12-01T09:03:00,7.65,16839,United Kingdom
579921,22178,VICTORIAN GLASS HANGING T-LIGHT,96,2011-12-01T09:03:00,1.65,16839,United Kingdom
579921,23100,SILVER BELLS TABLE DECORATION,12,2011-12-01T09:03:00,1.25,16839,United Kingdom
579921,23221,REINDEER HEART DECORATION SILVER,24,2011-12-01T09:03:00,0.83,16839,United Kingdom
579921,22297,HEART IVORY TRELLIS SMALL,24,2011-12-01T09:03:00,1.25,16839,United Kingdom
579921,22296,HEART IVORY TRELLIS LARGE,12,2011-12-01T09:03:00,1.65,16839,United Kingdom
579921,22667,RECIPE BOX RETROSPOT ,24,2011-12-01T09:03:00,2.55,16839,United Kingdom
579922,23328,SET 6 SCHOOL MILK BOTTLES IN CRATE,48,2011-12-01T09:06:00,3.39,13854,United Kingdom
579922,20749,ASSORTED COLOUR MINI CASES,12,2011-12-01T09:06:00,6.35,13854,United Kingdom
579922,84879,ASSORTED COLOUR BIRD ORNAMENT,24,2011-12-01T09:06:00,1.69,13854,United Kingdom
579922,21386,IVORY HANGING DECORATION  EGG,72,2011-12-01T09:06:00,0.19,13854,United Kingdom
579922,85194S,HANGING SPRING FLOWER EGG SMALL,48,2011-12-01T09:06:00,0.19,13854,United Kingdom
579927,22423,REGENCY CAKESTAND 3 TIER,4,2011-12-01T09:20:00,12.75,12572,Germany
579927,22698,PINK REGENCY TEACUP AND SAUCER,6,2011-12-01T09:20:00,2.95,12572,Germany
579927,22699,ROSES REGENCY TEACUP AND SAUCER ,6,2011-12-01T09:20:00,2.95,12572,Germany
579927,22697,GREEN REGENCY TEACUP AND SAUCER,6,2011-12-01T09:20:00,2.95,12572,Germany
579927,21871,SAVE THE PLANET MUG,36,2011-12-01T09:20:00,1.45,12572,Germany
579927,22725,ALARM CLOCK BAKELIKE CHOCOLATE,4,2011-12-01T09:20:00,3.75,12572,Germany
579927,22727,ALARM CLOCK BAKELIKE RED ,4,2011-12-01T09:20:00,3.75,12572,Germany
579927,22726,ALARM CLOCK BAKELIKE GREEN,4,2011-12-01T09:20:00,3.75,12572,Germany
579927,22728,ALARM CLOCK BAKELIKE PINK,4,2011-12-01T09:20:00,3.75,12572,Germany
579927,22730,ALARM CLOCK BAKELIKE IVORY,4,2011-12-01T09:20:00,3.75,12572,Germany
579927,22734,SET OF 6 RIBBONS VINTAGE CHRISTMAS,6,2011-12-01T09:20:00,2.89,12572,Germany
579927,23406,HOME SWEET HOME KEY HOLDER,2,2011-12-01T09:20:00,6.25,12572,Germany
579927,22786,CUSHION COVER PINK UNION JACK,2,2011-12-01T09:20:00,5.95,12572,Germany
579927,23174,REGENCY SUGAR BOWL GREEN,4,2011-12-01T09:20:00,4.15,12572,Germany
579927,21537,RED RETROSPOT PUDDING BOWL,4,2011-12-01T09:20:00,4.25,12572,Germany
579927,23172,REGENCY TEA PLATE PINK,12,2011-12-01T09:20:00,1.65,12572,Germany
579927,23170,REGENCY TEA PLATE ROSES ,12,2011-12-01T09:20:00,1.65,12572,Germany
579927,23171,REGENCY TEA PLATE GREEN ,12,2011-12-01T09:20:00,1.65,12572,Germany
579927,23173,REGENCY TEAPOT ROSES ,2,2011-12-01T09:20:00,9.95,12572,Germany
579927,22913,RED COAT RACK PARIS FASHION,3,2011-12-01T09:20:00,4.95,12572,Germany
579927,22914,BLUE COAT RACK PARIS FASHION,3,2011-12-01T09:20:00,4.95,12572,Germany
579927,22984,CARD GINGHAM ROSE ,12,2011-12-01T09:20:00,0.42,12572,Germany
579927,23175,REGENCY MILK JUG PINK ,4,2011-12-01T09:20:00,3.25,12572,Germany
579927,POST,POSTAGE,3,2011-12-01T09:20:00,18,12572,Germany
579936,21787,RAIN PONCHO RETROSPOT,1200,2011-12-01T10:07:00,0.65,12901,United Kingdom
579937,21498,RED RETROSPOT WRAP ,25,2011-12-01T10:10:00,0.42,13509,United Kingdom
579937,21500,PINK POLKADOT WRAP ,25,2011-12-01T10:10:00,0.42,13509,United Kingdom
579937,21499,BLUE POLKADOT WRAP,25,2011-12-01T10:10:00,0.42,13509,United Kingdom
579937,20975,12 PENCILS SMALL TUBE RED RETROSPOT,48,2011-12-01T10:10:00,0.65,13509,United Kingdom
579937,22090,PAPER BUNTING RETROSPOT,12,2011-12-01T10:10:00,2.95,13509,United Kingdom
579938,21731,RED TOADSTOOL LED NIGHT LIGHT,12,2011-12-01T10:18:00,1.65,14146,United Kingdom
579938,23084,RABBIT NIGHT LIGHT,6,2011-12-01T10:18:00,2.08,14146,United Kingdom
579938,23192,BUNDLE OF 3 ALPHABET EXERCISE BOOKS,12,2011-12-01T10:18:00,1.65,14146,United Kingdom
579938,23190,BUNDLE OF 3 SCHOOL EXERCISE BOOKS  ,12,2011-12-01T10:18:00,1.65,14146,United Kingdom
579938,23439,HAND WARMER RED LOVE HEART,12,2011-12-01T10:18:00,2.1,14146,United Kingdom
579938,22866,HAND WARMER SCOTTY DOG DESIGN,12,2011-12-01T10:18:00,2.1,14146,United Kingdom
579938,22865,HAND WARMER OWL DESIGN,12,2011-12-01T10:18:00,2.1,14146,United Kingdom
579938,22867,HAND WARMER BIRD DESIGN,12,2011-12-01T10:18:00,2.1,14146,United Kingdom
579938,23355,HOT WATER BOTTLE KEEP CALM,4,2011-12-01T10:18:00,4.95,14146,United Kingdom
579938,23356,LOVE HOT WATER BOTTLE,3,2011-12-01T10:18:00,5.95,14146,United Kingdom
579938,21484,CHICK GREY HOT WATER BOTTLE,4,2011-12-01T10:18:00,4.25,14146,United Kingdom
579938,21481,FAWN BLUE HOT WATER BOTTLE,4,2011-12-01T10:18:00,3.75,14146,United Kingdom
579938,22111,SCOTTIE DOG HOT WATER BOTTLE,3,2011-12-01T10:18:00,4.95,14146,United Kingdom
579938,22114,HOT WATER BOTTLE TEA AND SYMPATHY,4,2011-12-01T10:18:00,4.25,14146,United Kingdom
579938,23493,VINTAGE DOILY TRAVEL SEWING KIT,10,2011-12-01T10:18:00,1.95,14146,United Kingdom
579938,23562,SET OF 6 RIBBONS PERFECTLY PRETTY  ,6,2011-12-01T10:18:00,2.89,14146,United Kingdom
579938,23328,SET 6 SCHOOL MILK BOTTLES IN CRATE,4,2011-12-01T10:18:00,3.75,14146,United Kingdom
579938,84378,SET OF 3 HEART COOKIE CUTTERS,12,2011-12-01T10:18:00,1.45,14146,United Kingdom
579938,84380,SET OF 3 BUTTERFLY COOKIE CUTTERS,12,2011-12-01T10:18:00,1.45,14146,United Kingdom
579938,84375,SET OF 20 KIDS COOKIE CUTTERS,12,2011-12-01T10:18:00,2.1,14146,United Kingdom
579938,22697,GREEN REGENCY TEACUP AND SAUCER,6,2011-12-01T10:18:00,2.95,14146,United Kingdom
579938,22698,PINK REGENCY TEACUP AND SAUCER,6,2011-12-01T10:18:00,2.95,14146,United Kingdom
579938,23245,SET OF 3 REGENCY CAKE TINS,4,2011-12-01T10:18:00,4.95,14146,United Kingdom
579938,22423,REGENCY CAKESTAND 3 TIER,1,2011-12-01T10:18:00,12.75,14146,United Kingdom
579938,23175,REGENCY MILK JUG PINK ,4,2011-12-01T10:18:00,3.25,14146,United Kingdom
579938,23174,REGENCY SUGAR BOWL GREEN,4,2011-12-01T10:18:00,4.15,14146,United Kingdom
579938,23173,REGENCY TEAPOT ROSES ,2,2011-12-01T10:18:00,9.95,14146,United Kingdom
579938,22699,ROSES REGENCY TEACUP AND SAUCER ,6,2011-12-01T10:18:00,2.95,14146,United Kingdom
579938,21876,POTTERING MUG,12,2011-12-01T10:18:00,1.65,14146,United Kingdom
579938,21877,HOME SWEET HOME MUG,12,2011-12-01T10:18:00,1.65,14146,United Kingdom
579938,21874,GIN AND TONIC MUG,12,2011-12-01T10:18:00,1.65,14146,United Kingdom
579938,23294,SET OF 6 SNACK LOAF BAKING CASES,8,2011-12-01T10:18:00,0.83,14146,United Kingdom
579938,23293,SET OF 12 FAIRY CAKE BAKING CASES,8,2011-12-01T10:18:00,0.83,14146,United Kingdom
579938,23295,SET OF 12 MINI LOAF BAKING CASES,8,2011-12-01T10:18:00,0.83,14146,United Kingdom
579938,22726,ALARM CLOCK BAKELIKE GREEN,4,2011-12-01T10:18:00,3.75,14146,United Kingdom
579938,22725,ALARM CLOCK BAKELIKE CHOCOLATE,4,2011-12-01T10:18:00,3.75,14146,United Kingdom
579938,22730,ALARM CLOCK BAKELIKE IVORY,4,2011-12-01T10:18:00,3.75,14146,United Kingdom
579938,22728,ALARM CLOCK BAKELIKE PINK,4,2011-12-01T10:18:00,3.75,14146,United Kingdom
579938,22727,ALARM CLOCK BAKELIKE RED ,4,2011-12-01T10:18:00,3.75,14146,United Kingdom
579938,84946,ANTIQUE SILVER T-LIGHT GLASS,12,2011-12-01T10:18:00,1.25,14146,United Kingdom
579938,22465,HANGING METAL STAR LANTERN,12,2011-12-01T10:18:00,1.65,14146,United Kingdom
579938,84945,MULTI COLOUR SILVER T-LIGHT HOLDER,12,2011-12-01T10:18:00,0.85,14146,United Kingdom
579938,22294,HEART FILIGREE DOVE  SMALL,24,2011-12-01T10:18:00,1.25,14146,United Kingdom
579938,23228,FILIGREE HEART BIRD WHITE ,24,2011-12-01T10:18:00,1.25,14146,United Kingdom
579938,23453,OVAL  MINI PORTRAIT FRAME,8,2011-12-01T10:18:00,1.95,14146,United Kingdom
579938,23452,HEART MINI PORTRAIT FRAME,6,2011-12-01T10:18:00,1.95,14146,United Kingdom
579938,23451,SQUARE MINI PORTRAIT FRAME,6,2011-12-01T10:18:00,1.95,14146,United Kingdom
579938,84879,ASSORTED COLOUR BIRD ORNAMENT,8,2011-12-01T10:18:00,1.69,14146,United Kingdom
579938,23041,PAPER LANTERN 9 POINT SNOW STAR,4,2011-12-01T10:18:00,4.15,14146,United Kingdom
579938,23040,PAPER LANTERN 9 POINT SNOW STAR ,3,2011-12-01T10:18:00,5.75,14146,United Kingdom
579938,23109,PACK OF SIX LED TEA LIGHTS,6,2011-12-01T10:18:00,2.89,14146,United Kingdom
579938,22576,SWALLOW WOODEN CHRISTMAS DECORATION,12,2011-12-01T10:18:00,0.85,14146,United Kingdom
579938,22596,CHRISTMAS STAR WISH LIST CHALKBOARD,12,2011-12-01T10:18:00,1.25,14146,United Kingdom
579938,35970,ZINC FOLKART SLEIGH BELLS,12,2011-12-01T10:18:00,1.69,14146,United Kingdom
579938,23274,STAR T-LIGHT HOLDER WILLIE WINKIE,12,2011-12-01T10:18:00,1.65,14146,United Kingdom
579938,23225,CHERUB HEART DECORATION SILVER ,12,2011-12-01T10:18:00,0.83,14146,United Kingdom
579938,23220,REINDEER HEART DECORATION GOLD,12,2011-12-01T10:18:00,0.83,14146,United Kingdom
579938,23224,CHERUB HEART DECORATION GOLD,12,2011-12-01T10:18:00,0.83,14146,United Kingdom
579938,23221,REINDEER HEART DECORATION SILVER,12,2011-12-01T10:18:00,0.83,14146,United Kingdom
579938,23214,JINGLE BELL HEART ANTIQUE GOLD,12,2011-12-01T10:18:00,2.08,14146,United Kingdom
579938,23215,JINGLE BELL HEART ANTIQUE SILVER,12,2011-12-01T10:18:00,2.08,14146,United Kingdom
579938,23103,JINGLE BELL HEART DECORATION,24,2011-12-01T10:18:00,1.65,14146,United Kingdom
579938,23492,VINTAGE JINGLE BELLS WREATH,2,2011-12-01T10:18:00,8.25,14146,United Kingdom
579938,23491,VINTAGE JINGLE BELLS HEART,2,2011-12-01T10:18:00,8.25,14146,United Kingdom
579938,22595,GINGHAM HEART DECORATION,12,2011-12-01T10:18:00,0.85,14146,United Kingdom
579938,23354,6 GIFT TAGS 50'S CHRISTMAS ,12,2011-12-01T10:18:00,0.83,14146,United Kingdom
579938,23352,ROLL WRAP 50'S RED CHRISTMAS ,12,2011-12-01T10:18:00,1.25,14146,United Kingdom
579938,85049E,SCANDINAVIAN REDS RIBBONS,12,2011-12-01T10:18:00,1.25,14146,United Kingdom
579938,23353,6 GIFT TAGS VINTAGE CHRISTMAS ,12,2011-12-01T10:18:00,0.83,14146,United Kingdom
579938,23374,RED SPOT PAPER GIFT BAG,10,2011-12-01T10:18:00,0.82,14146,United Kingdom
579938,23438, RED SPOT GIFT BAG LARGE,12,2011-12-01T10:18:00,1.25,14146,United Kingdom
579938,23349,ROLL WRAP VINTAGE CHRISTMAS,12,2011-12-01T10:18:00,1.25,14146,United Kingdom
579938,23350,ROLL WRAP VINTAGE SPOT ,12,2011-12-01T10:18:00,1.25,14146,United Kingdom
579939,22792,FLUTED ANTIQUE CANDLE HOLDER,36,2011-12-01T10:18:00,0.85,15101,United Kingdom
579939,15056N,EDWARDIAN PARASOL NATURAL,3,2011-12-01T10:18:00,5.95,15101,United Kingdom
579939,84949,SILVER HANGING T-LIGHT HOLDER,72,2011-12-01T10:18:00,1.45,15101,United Kingdom
579939,21326,AGED GLASS SILVER T-LIGHT HOLDER,96,2011-12-01T10:18:00,0.65,15101,United Kingdom
579940,22749,FELTCRAFT PRINCESS CHARLOTTE DOLL,4,2011-12-01T10:20:00,3.75,16938,United Kingdom
579940,22750,FELTCRAFT PRINCESS LOLA DOLL,4,2011-12-01T10:20:00,3.75,16938,United Kingdom
579940,22751,FELTCRAFT PRINCESS OLIVIA DOLL,4,2011-12-01T10:20:00,3.75,16938,United Kingdom
579940,23127,FELTCRAFT GIRL NICOLE KIT,4,2011-12-01T10:20:00,4.95,16938,United Kingdom
579940,21500,PINK POLKADOT WRAP ,25,2011-12-01T10:20:00,0.42,16938,United Kingdom
579940,23547,WRAP FLOWER SHOP  ,25,2011-12-01T10:20:00,0.42,16938,United Kingdom
579940,23546,WRAP PAISLEY PARK ,25,2011-12-01T10:20:00,0.42,16938,United Kingdom
579940,23231,WRAP  VINTAGE DOILY ,25,2011-12-01T10:20:00,0.42,16938,United Kingdom
579940,85227,SET OF 6 3D KIT CARDS FOR KIDS,12,2011-12-01T10:20:00,0.85,16938,United Kingdom
579940,22139,RETROSPOT TEA SET CERAMIC 11 PC ,3,2011-12-01T10:20:00,4.95,16938,United Kingdom
579940,23165,LARGE CERAMIC TOP STORAGE JAR,12,2011-12-01T10:20:00,1.65,16938,United Kingdom
579940,23166,MEDIUM CERAMIC TOP STORAGE JAR,12,2011-12-01T10:20:00,1.25,16938,United Kingdom
579940,23243,SET OF TEA COFFEE SUGAR TINS PANTRY,4,2011-12-01T10:20:00,4.95,16938,United Kingdom
579940,23245,SET OF 3 REGENCY CAKE TINS,4,2011-12-01T10:20:00,4.95,16938,United Kingdom
579940,84997D,CHILDRENS CUTLERY POLKADOT PINK,4,2011-12-01T10:20:00,4.15,16938,United Kingdom
579940,22666,RECIPE BOX PANTRY YELLOW DESIGN,6,2011-12-01T10:20:00,2.95,16938,United Kingdom
579940,22086,PAPER CHAIN KIT 50'S CHRISTMAS ,6,2011-12-01T10:20:00,2.95,16938,United Kingdom
579940,23240,SET OF 4 KNICK KNACK TINS DOILY ,6,2011-12-01T10:20:00,4.15,16938,United Kingdom
579940,22587,FELTCRAFT HAIRBAND RED AND BLUE,12,2011-12-01T10:20:00,0.85,16938,United Kingdom
579940,23571,TRADITIONAL NAUGHTS & CROSSES,12,2011-12-01T10:20:00,1.65,16938,United Kingdom
579940,23084,RABBIT NIGHT LIGHT,6,2011-12-01T10:20:00,2.08,16938,United Kingdom
579941,22633,HAND WARMER UNION JACK,12,2011-12-01T10:31:00,2.1,16496,United Kingdom
579941,23439,HAND WARMER RED LOVE HEART,12,2011-12-01T10:31:00,2.1,16496,United Kingdom
579941,22865,HAND WARMER OWL DESIGN,12,2011-12-01T10:31:00,2.1,16496,United Kingdom
579941,22867,HAND WARMER BIRD DESIGN,12,2011-12-01T10:31:00,2.1,16496,United Kingdom
579941,23437, 50'S CHRISTMAS GIFT BAG LARGE,12,2011-12-01T10:31:00,1.25,16496,United Kingdom
579941,23375,50'S CHRISTMAS PAPER GIFT BAG,10,2011-12-01T10:31:00,0.82,16496,United Kingdom
579941,23533,WALL ART GARDEN HAVEN ,3,2011-12-01T10:31:00,5.95,16496,United Kingdom
579941,23543,WALL ART KEEP CALM ,2,2011-12-01T10:31:00,8.25,16496,United Kingdom
579941,23535,WALL ART BICYCLE SAFETY,4,2011-12-01T10:31:00,5.95,16496,United Kingdom
579941,23536,WALL ART VILLAGE SHOW ,4,2011-12-01T10:31:00,5.95,16496,United Kingdom
579941,23534,WALL ART STOP FOR TEA ,3,2011-12-01T10:31:00,5.95,16496,United Kingdom
579941,22621,TRADITIONAL KNITTING NANCY,12,2011-12-01T10:31:00,1.65,16496,United Kingdom
579941,21703,BAG 125g SWIRLY MARBLES,12,2011-12-01T10:31:00,0.42,16496,United Kingdom
579941,23084,RABBIT NIGHT LIGHT,6,2011-12-01T10:31:00,2.08,16496,United Kingdom
579941,23080,RED METAL BOX TOP SECRET,2,2011-12-01T10:31:00,8.25,16496,United Kingdom
579941,84077,WORLD WAR 2 GLIDERS ASSTD DESIGNS,48,2011-12-01T10:31:00,0.29,16496,United Kingdom
579941,23549,WRAP BIRD GARDEN ,25,2011-12-01T10:31:00,0.42,16496,United Kingdom
579941,22706,WRAP COWBOYS  ,25,2011-12-01T10:31:00,0.42,16496,United Kingdom
579941,22711,WRAP CIRCUS PARADE,25,2011-12-01T10:31:00,0.42,16496,United Kingdom
579941,21497,FANCY FONTS BIRTHDAY WRAP,25,2011-12-01T10:31:00,0.42,16496,United Kingdom
579941,16156S,WRAP PINK FAIRY CAKES ,25,2011-12-01T10:31:00,0.42,16496,United Kingdom
579941,21174,POTTERING IN THE SHED METAL SIGN,12,2011-12-01T10:31:00,2.08,16496,United Kingdom
579941,21181,PLEASE ONE PERSON METAL SIGN,12,2011-12-01T10:31:00,2.1,16496,United Kingdom
579941,21169,YOU'RE CONFUSING ME METAL SIGN ,12,2011-12-01T10:31:00,1.69,16496,United Kingdom
579942,23328,SET 6 SCHOOL MILK BOTTLES IN CRATE,8,2011-12-01T10:33:00,3.75,16145,United Kingdom
579942,21733,RED HANGING HEART T-LIGHT HOLDER,6,2011-12-01T10:33:00,2.95,16145,United Kingdom
579942,22196,SMALL HEART MEASURING SPOONS,12,2011-12-01T10:33:00,0.85,16145,United Kingdom
579942,22219,LOVEBIRD HANGING DECORATION WHITE ,12,2011-12-01T10:33:00,0.85,16145,United Kingdom
579942,85123A,WHITE HANGING HEART T-LIGHT HOLDER,6,2011-12-01T10:33:00,2.95,16145,United Kingdom
579942,22720,SET OF 3 CAKE TINS PANTRY DESIGN ,3,2011-12-01T10:33:00,4.95,16145,United Kingdom
579942,22907,PACK OF 20 NAPKINS PANTRY DESIGN,12,2011-12-01T10:33:00,0.85,16145,United Kingdom
579942,23530,WALL ART ONLY ONE PERSON ,6,2011-12-01T10:33:00,4.95,16145,United Kingdom
579942,23531,WALL ART BIG LOVE ,3,2011-12-01T10:33:00,6.95,16145,United Kingdom
579942,23535,WALL ART BICYCLE SAFETY,4,2011-12-01T10:33:00,5.95,16145,United Kingdom
579942,84792,ENCHANTED BIRD COATHANGER 5 HOOK,4,2011-12-01T10:33:00,4.65,16145,United Kingdom
579942,23298,SPOTTY BUNTING,3,2011-12-01T10:33:00,4.95,16145,United Kingdom
579942,23275,SET OF 3 HANGING OWLS OLLIE BEAK,12,2011-12-01T10:33:00,1.25,16145,United Kingdom
579942,22086,PAPER CHAIN KIT 50'S CHRISTMAS ,6,2011-12-01T10:33:00,2.95,16145,United Kingdom
579942,22910,PAPER CHAIN KIT VINTAGE CHRISTMAS,6,2011-12-01T10:33:00,2.95,16145,United Kingdom
579942,23247,BISCUIT TIN 50'S CHRISTMAS,6,2011-12-01T10:33:00,2.89,16145,United Kingdom
579942,23245,SET OF 3 REGENCY CAKE TINS,4,2011-12-01T10:33:00,4.95,16145,United Kingdom
579942,23365,SET 12 COLOUR PENCILS LOVE LONDON,24,2011-12-01T10:33:00,0.65,16145,United Kingdom
579942,23493,VINTAGE DOILY TRAVEL SEWING KIT,10,2011-12-01T10:33:00,1.95,16145,United Kingdom
579942,23575,SNACK TRAY PAISLEY PARK,8,2011-12-01T10:33:00,1.95,16145,United Kingdom
579942,23691,WRAP KEEP CALM BIRTHDAY,25,2011-12-01T10:33:00,0.42,16145,United Kingdom
579943,22340,NOEL GARLAND PAINTED ZINC ,24,2011-12-01T10:38:00,0.39,13040,United Kingdom
579943,23493,VINTAGE DOILY TRAVEL SEWING KIT,10,2011-12-01T10:38:00,1.95,13040,United Kingdom
579943,23494,VINTAGE DOILY DELUXE SEWING KIT ,3,2011-12-01T10:38:00,5.95,13040,United Kingdom
579943,22580,ADVENT CALENDAR GINGHAM SACK,3,2011-12-01T10:38:00,5.95,13040,United Kingdom
579943,22940,FELTCRAFT CHRISTMAS FAIRY,4,2011-12-01T10:38:00,4.25,13040,United Kingdom
579943,22142,CHRISTMAS CRAFT WHITE FAIRY ,12,2011-12-01T10:38:00,1.45,13040,United Kingdom
579943,84819,DANISH ROSE ROUND SEWING BOX,3,2011-12-01T10:38:00,4.25,13040,United Kingdom
579943,20972,PINK CREAM FELT CRAFT TRINKET BOX ,12,2011-12-01T10:38:00,1.25,13040,United Kingdom
579943,20970,PINK FLORAL FELTCRAFT SHOULDER BAG,4,2011-12-01T10:38:00,3.75,13040,United Kingdom
579943,20971,PINK BLUE FELT CRAFT TRINKET BOX,12,2011-12-01T10:38:00,1.25,13040,United Kingdom
579943,84279P,CHERRY BLOSSOM  DECORATIVE FLASK,4,2011-12-01T10:38:00,3.75,13040,United Kingdom
579943,22720,SET OF 3 CAKE TINS PANTRY DESIGN ,3,2011-12-01T10:38:00,4.95,13040,United Kingdom
579943,22722,SET OF 6 SPICE TINS PANTRY DESIGN,4,2011-12-01T10:38:00,3.95,13040,United Kingdom
579943,23245,SET OF 3 REGENCY CAKE TINS,4,2011-12-01T10:38:00,4.95,13040,United Kingdom
579943,23247,BISCUIT TIN 50'S CHRISTMAS,12,2011-12-01T10:38:00,2.89,13040,United Kingdom
579943,22086,PAPER CHAIN KIT 50'S CHRISTMAS ,6,2011-12-01T10:38:00,2.95,13040,United Kingdom
579943,22945,CHRISTMAS METAL TAGS ASSORTED ,12,2011-12-01T10:38:00,0.85,13040,United Kingdom
579943,35970,ZINC FOLKART SLEIGH BELLS,12,2011-12-01T10:38:00,1.69,13040,United Kingdom
579943,84879,ASSORTED COLOUR BIRD ORNAMENT,8,2011-12-01T10:38:00,1.69,13040,United Kingdom
579943,23165,LARGE CERAMIC TOP STORAGE JAR,12,2011-12-01T10:38:00,1.65,13040,United Kingdom
579943,22867,HAND WARMER BIRD DESIGN,12,2011-12-01T10:38:00,2.1,13040,United Kingdom
579943,22909,SET OF 20 VINTAGE CHRISTMAS NAPKINS,12,2011-12-01T10:38:00,0.85,13040,United Kingdom
579946,22660,DOORMAT I LOVE LONDON,1,2011-12-01T10:44:00,8.25,15993,United Kingdom
579946,48138,DOORMAT UNION FLAG,1,2011-12-01T10:44:00,8.25,15993,United Kingdom
579946,22941,CHRISTMAS LIGHTS 10 REINDEER,3,2011-12-01T10:44:00,8.5,15993,United Kingdom
579946,23558,LANDMARK FRAME LONDON BRIDGE ,1,2011-12-01T10:44:00,12.5,15993,United Kingdom
579946,22097,SWALLOW SQUARE TISSUE BOX,2,2011-12-01T10:44:00,0.39,15993,United Kingdom
579946,21175,GIN AND TONIC DIET METAL SIGN,2,2011-12-01T10:44:00,2.55,15993,United Kingdom
579946,22115,METAL SIGN EMPIRE TEA,1,2011-12-01T10:44:00,0.79,15993,United Kingdom
579946,35471D,SET OF 3 BIRD LIGHT PINK FEATHER ,12,2011-12-01T10:44:00,0.39,15993,United Kingdom
579946,23355,HOT WATER BOTTLE KEEP CALM,2,2011-12-01T10:44:00,4.95,15993,United Kingdom
579946,21481,FAWN BLUE HOT WATER BOTTLE,2,2011-12-01T10:44:00,3.75,15993,United Kingdom
579946,21484,CHICK GREY HOT WATER BOTTLE,1,2011-12-01T10:44:00,4.25,15993,United Kingdom
579946,22633,HAND WARMER UNION JACK,2,2011-12-01T10:44:00,2.1,15993,United Kingdom
579946,21914,BLUE HARMONICA IN BOX ,8,2011-12-01T10:44:00,1.25,15993,United Kingdom
579946,84012,MAGIC SHEEP WOOL GROWING FROM PAPER,5,2011-12-01T10:44:00,0.85,15993,United Kingdom
579946,84006,MAGIC TREE -PAPER FLOWERS,12,2011-12-01T10:44:00,0.85,15993,United Kingdom
579946,23570,TRADITIONAL PICK UP STICKS GAME ,4,2011-12-01T10:44:00,1.25,15993,United Kingdom
579946,23084,RABBIT NIGHT LIGHT,12,2011-12-01T10:44:00,2.08,15993,United Kingdom
579946,22998,TRAVEL CARD WALLET KEEP CALM,5,2011-12-01T10:44:00,0.42,15993,United Kingdom
579946,22197,POPCORN HOLDER,15,2011-12-01T10:44:00,0.85,15993,United Kingdom
579946,84879,ASSORTED COLOUR BIRD ORNAMENT,8,2011-12-01T10:44:00,1.69,15993,United Kingdom
579946,22091,EMPIRE TISSUE BOX,2,2011-12-01T10:44:00,0.39,15993,United Kingdom
579946,22099,CARAVAN SQUARE TISSUE BOX,2,2011-12-01T10:44:00,0.39,15993,United Kingdom
579946,22093,MOTORING TISSUE BOX,6,2011-12-01T10:44:00,0.39,15993,United Kingdom
579946,22098,BOUDOIR SQUARE TISSUE BOX,7,2011-12-01T10:44:00,0.39,15993,United Kingdom
579946,22726,ALARM CLOCK BAKELIKE GREEN,1,2011-12-01T10:44:00,3.75,15993,United Kingdom
579946,22728,ALARM CLOCK BAKELIKE PINK,1,2011-12-01T10:44:00,3.75,15993,United Kingdom
579946,22338,STAR DECORATION PAINTED ZINC ,4,2011-12-01T10:44:00,0.19,15993,United Kingdom
579946,22335,HEART DECORATION PAINTED ZINC ,4,2011-12-01T10:44:00,0.65,15993,United Kingdom
579946,21819,GLITTER CHRISTMAS STAR ,4,2011-12-01T10:44:00,0.39,15993,United Kingdom
579946,21810,CHRISTMAS HANGING STAR WITH BELL,12,2011-12-01T10:44:00,0.39,15993,United Kingdom
579946,22153,ANGEL DECORATION STARS ON DRESS,14,2011-12-01T10:44:00,0.42,15993,United Kingdom
579946,23302,KNEELING MAT HOUSEWORK  DESIGN,1,2011-12-01T10:44:00,1.65,15993,United Kingdom
579946,23301,GARDENERS KNEELING PAD KEEP CALM ,4,2011-12-01T10:44:00,1.65,15993,United Kingdom
579946,23300,GARDENERS KNEELING PAD CUP OF TEA ,4,2011-12-01T10:44:00,1.65,15993,United Kingdom
579947,23543,WALL ART KEEP CALM ,2,2011-12-01T10:45:00,8.25,15993,United Kingdom
579949,23497,CLASSIC CHROME BICYCLE BELL ,24,2011-12-01T11:00:00,1.45,16700,United Kingdom
579949,22749,FELTCRAFT PRINCESS CHARLOTTE DOLL,8,2011-12-01T11:00:00,3.75,16700,United Kingdom
579949,84968E,SET OF 16 VINTAGE BLACK CUTLERY,1,2011-12-01T11:00:00,12.75,16700,United Kingdom
579949,23376,PACK OF 12 VINTAGE CHRISTMAS TISSUE,24,2011-12-01T11:00:00,0.39,16700,United Kingdom
579949,23234,BISCUIT TIN VINTAGE CHRISTMAS,6,2011-12-01T11:00:00,2.89,16700,United Kingdom
579949,84879,ASSORTED COLOUR BIRD ORNAMENT,16,2011-12-01T11:00:00,1.69,16700,United Kingdom
579949,21790,VINTAGE SNAP CARDS,12,2011-12-01T11:00:00,0.85,16700,United Kingdom
579949,21791,VINTAGE HEADS AND TAILS CARD GAME ,12,2011-12-01T11:00:00,1.25,16700,United Kingdom
579949,22998,TRAVEL CARD WALLET KEEP CALM,48,2011-12-01T11:00:00,0.42,16700,United Kingdom
579949,23503,PLAYING CARDS KEEP CALM & CARRY ON,12,2011-12-01T11:00:00,1.25,16700,United Kingdom
579949,23158,SET OF 5 LUCKY CAT MAGNETS ,12,2011-12-01T11:00:00,2.08,16700,United Kingdom
579949,22727,ALARM CLOCK BAKELIKE RED ,8,2011-12-01T11:00:00,3.75,16700,United Kingdom
579949,23321,SMALL WHITE HEART OF WICKER,12,2011-12-01T11:00:00,1.65,16700,United Kingdom
579949,23498,CLASSIC BICYCLE CLIPS ,12,2011-12-01T11:00:00,1.45,16700,United Kingdom
579954,23428,IVORY RETRO KITCHEN WALL CLOCK,2,2011-12-01T11:10:00,8.15,16701,United Kingdom
579954,23691,WRAP KEEP CALM BIRTHDAY,25,2011-12-01T11:10:00,0.42,16701,United Kingdom
579954,21365,MIRRORED WALL ART STARS,24,2011-12-01T11:10:00,0.75,16701,United Kingdom
579954,21371,MIRRORED WALL ART POPPIES,12,2011-12-01T11:10:00,0.75,16701,United Kingdom
579954,21373,MIRRORED WALL ART SNOWFLAKES,36,2011-12-01T11:10:00,0.75,16701,United Kingdom
579954,21374,MIRRORED WALL ART SKULLS,36,2011-12-01T11:10:00,1.25,16701,United Kingdom
579954,22232,JIGSAW TOADSTOOLS 3 PIECE,32,2011-12-01T11:10:00,0.59,16701,United Kingdom
579954,22233,JIGSAW RABBIT AND BIRDHOUSE,24,2011-12-01T11:10:00,0.59,16701,United Kingdom
579954,23309,SET OF 60 I LOVE LONDON CAKE CASES ,120,2011-12-01T11:10:00,0.42,16701,United Kingdom
579954,20750,RED RETROSPOT MINI CASES,12,2011-12-01T11:10:00,6.35,16701,United Kingdom
579954,23353,6 GIFT TAGS VINTAGE CHRISTMAS ,24,2011-12-01T11:10:00,0.83,16701,United Kingdom
579954,23354,6 GIFT TAGS 50'S CHRISTMAS ,24,2011-12-01T11:10:00,0.83,16701,United Kingdom
579954,20668,DISCO BALL CHRISTMAS DECORATION,288,2011-12-01T11:10:00,0.1,16701,United Kingdom
579954,23311,VINTAGE CHRISTMAS STOCKING ,12,2011-12-01T11:10:00,2.55,16701,United Kingdom
579954,23084,RABBIT NIGHT LIGHT,24,2011-12-01T11:10:00,1.79,16701,United Kingdom
579954,23283,DOORMAT VINTAGE LEAF,10,2011-12-01T11:10:00,7.08,16701,United Kingdom
579962,23144,ZINC T-LIGHT HOLDER STARS SMALL,12,2011-12-01T11:12:00,0.83,14243,United Kingdom
579962,84970S,HANGING HEART ZINC T-LIGHT HOLDER,12,2011-12-01T11:12:00,0.85,14243,United Kingdom
579962,22835,HOT WATER BOTTLE I AM SO POORLY,8,2011-12-01T11:12:00,4.95,14243,United Kingdom
579962,82483,WOOD 2 DRAWER CABINET WHITE FINISH,4,2011-12-01T11:12:00,6.95,14243,United Kingdom
579962,20996,JAZZ HEARTS ADDRESS BOOK,24,2011-12-01T11:12:00,0.19,14243,United Kingdom
579962,85150,LADIES & GENTLEMEN METAL SIGN,6,2011-12-01T11:12:00,2.55,14243,United Kingdom
579980,23267,SET OF 4 SANTA PLACE SETTINGS,2,2011-12-01T11:16:00,1.25,13263,United Kingdom
579980,23213,STAR WREATH DECORATION WITH BELL,5,2011-12-01T11:16:00,1.25,13263,United Kingdom
579980,23212,HEART WREATH DECORATION WITH BELL,5,2011-12-01T11:16:00,1.25,13263,United Kingdom
579980,23275,SET OF 3 HANGING OWLS OLLIE BEAK,1,2011-12-01T11:16:00,1.25,13263,United Kingdom
579980,23269,SET OF 2 CERAMIC CHRISTMAS TREES,2,2011-12-01T11:16:00,1.45,13263,United Kingdom
579980,22581,WOOD STOCKING CHRISTMAS SCANDISPOT,6,2011-12-01T11:16:00,0.29,13263,United Kingdom
579980,22578,WOODEN STAR CHRISTMAS SCANDINAVIAN,10,2011-12-01T11:16:00,0.29,13263,United Kingdom
579980,22577,WOODEN HEART CHRISTMAS SCANDINAVIAN,10,2011-12-01T11:16:00,0.29,13263,United Kingdom
579980,23454,THREE MINI HANGING FRAMES,2,2011-12-01T11:16:00,4.15,13263,United Kingdom
579980,23152,IVORY SWEETHEART WIRE LETTER RACK ,1,2011-12-01T11:16:00,3.75,13263,United Kingdom
579980,22694,WICKER STAR ,1,2011-12-01T11:16:00,2.1,13263,United Kingdom
579980,85152,HAND OVER THE CHOCOLATE   SIGN ,2,2011-12-01T11:16:00,2.1,13263,United Kingdom
579980,21181,PLEASE ONE PERSON METAL SIGN,2,2011-12-01T11:16:00,2.1,13263,United Kingdom
579980,21166,COOK WITH WINE METAL SIGN ,2,2011-12-01T11:16:00,2.08,13263,United Kingdom
579980,22672,FRENCH BATHROOM SIGN BLUE METAL,1,2011-12-01T11:16:00,1.65,13263,United Kingdom
579980,22077,6 RIBBONS RUSTIC CHARM,2,2011-12-01T11:16:00,1.95,13263,United Kingdom
579980,85049G,CHOCOLATE BOX RIBBONS ,1,2011-12-01T11:16:00,1.25,13263,United Kingdom
579980,85049C,ROMANTIC PINKS RIBBONS ,1,2011-12-01T11:16:00,1.25,13263,United Kingdom
579980,21068,VINTAGE BILLBOARD LOVE/HATE MUG,2,2011-12-01T11:16:00,1.25,13263,United Kingdom
579980,82494L,WOODEN FRAME ANTIQUE WHITE ,3,2011-12-01T11:16:00,2.95,13263,United Kingdom
579980,82482,WOODEN PICTURE FRAME WHITE FINISH,3,2011-12-01T11:16:00,2.95,13263,United Kingdom
579980,22114,HOT WATER BOTTLE TEA AND SYMPATHY,2,2011-12-01T11:16:00,4.25,13263,United Kingdom
579980,22112,CHOCOLATE HOT WATER BOTTLE,2,2011-12-01T11:16:00,4.95,13263,United Kingdom
579980,23355,HOT WATER BOTTLE KEEP CALM,2,2011-12-01T11:16:00,4.95,13263,United Kingdom
579980,21485,RETROSPOT HEART HOT WATER BOTTLE,2,2011-12-01T11:16:00,4.95,13263,United Kingdom
579980,84029E,RED WOOLLY HOTTIE WHITE HEART.,2,2011-12-01T11:16:00,4.25,13263,United Kingdom
579980,22113,GREY HEART HOT WATER BOTTLE,2,2011-12-01T11:16:00,4.25,13263,United Kingdom
